horse,sire,dam_structured_key,damsire,runner_rows,provisional_races,first_date,last_date,minimum_age,maximum_age,distinct_sexes,sex_values,raw_dam_labels,dam_suffix_formats,course_examples,group_number,groups_for_label,previous_last_date,boundary_separate,next_sire,next_dam_structured_key,next_damsire,next_first_date,next_minimum_age,sire_changed,dam_changed,damsire_changed,pedigree_components_changed,gap_days,analytical_outcome,decision_basis,identity_split,governing_verification_id
A La Prochaine (FR),Laverock (IRE),"('parsed_suffix', 'Necessaire', 'FR')",Garde Royale,14,14,2015-03-14,2016-06-12,5,6,1,M,Necessaire (FR),parenthesized,Auteuil (FR) | Enghien (FR),1,2,,True,Lope De Vega (IRE),"('parsed_suffix', 'Margies Music', 'FR')",Hurricane Run,2025-10-25,2.0,True,True,True,3,3422,Different horse,complete_pedigree_change_with_separated_chronology,True,
Accrington Stanley (GB),Outstrip (GB),"('parsed_suffix', 'Round Midnight I', 'GB')",Paco Boy,28,28,2020-08-06,2022-07-30,2,4,1,G,Round Midnight I GB,bare,Bath | Sandown | Wolverhampton (AW) | Chelmsford (AW) | Kempton (AW) | Southwell (AW) | Newcastle (AW) | Leicester | Chepstow | Windsor | Lingfield (AW),1,2,,True,Outstrip (GB),"('parsed_suffix', 'Round Midnight', 'GB')",Paco Boy,2022-08-11,4.0,False,True,False,1,12,Corrected,bounded_continuity_or_source_correction,False,
Acoustic Ave (USA),Macleans Music (USA),"('parsed_suffix', 'Rock Ave Road', 'USA')",Street Boss,1,1,2023-07-16,2023-07-16,3,3,1,C,Rock Ave Road (USA),parenthesized,Saratoga (USA),1,2,,True,Macleans Music (USA),"('parsed_suffix', 'Rock Ave. Road', 'USA')",Street Boss,2025-12-06,5.0,False,True,False,1,874,Corrected,bounded_continuity_or_source_correction,False,
Al Daayen (FR),Joshua Tree (IRE),"('parsed_suffix', 'Get The Ring', 'FR')",Linamix,12,12,2019-01-29,2019-11-27,3,3,1,F,Get The Ring (FR),parenthesized,Wolverhampton (AW) | Newcastle (AW) | Southwell (AW) | Lingfield (AW) | Brighton | Yarmouth | Lingfield | Deauville (FR),1,2,,True,Zelzal (FR),"('parsed_suffix', 'Nigwah', 'FR')",Montjeu,2023-11-05,2.0,True,True,True,3,1439,Different horse,complete_pedigree_change_with_separated_chronology,True,
Alcala (FR),Turgeon (USA),"('parsed_suffix', 'Pail Mel', 'FR')",Sleeping Car,33,33,2015-10-21,2022-02-03,5,12,1,G,Pail Mel (FR),parenthesized,Worcester | Cheltenham | Haydock | Wincanton | Fontwell | Sandown | Ayr | Newton Abbot | Uttoxeter | Hereford | Ludlow | Market Rasen | Chepstow | Musselburgh | Ascot | Stratford,1,2,,True,Wootton Bassett (GB),"('parsed_suffix', 'Almeria', 'FR')",Shamardal,2024-04-29,3.0,True,True,True,3,816,Different horse,complete_pedigree_change_with_separated_chronology,True,
Alderley Charlie (GB),Ask (GB),"('parsed_suffix', 'Alderley Heights', 'GB')",Ut*windsor Heights,2,2,2024-11-06,2024-12-30,4,4,1,G,Alderley Heights GB,bare,Chepstow | Taunton,1,2,,True,Ask (GB),"('parsed_suffix', 'Alderley Heights', 'GB')",Windsor Heights,2025-01-08,5.0,False,False,True,1,9,Corrected,bounded_continuity_or_source_correction,False,NB19-ID-0007
All Good (GB),Equiano (FR),"('parsed_suffix', 'Love Me Tender', 'GB')",Green Desert,1,1,2018-06-09,2018-06-09,4,4,1,F,Love Me Tender GB,bare,Catterick,1,2,,True,Tasleet (GB),"('parsed_suffix', 'Mythical Spirit', 'IRE')",Dragon Pulse,2025-09-19,2.0,True,True,True,3,2659,Different horse,complete_pedigree_change_with_separated_chronology,True,
Almavillalobas (GB),Master Carpenter (IRE),"('parsed_suffix', 'Nation', 'USA')",Rio Verde,7,7,2023-08-16,2025-11-25,3,5,2,F | M,Nation (USA),parenthesized,Kempton (AW) | Wolverhampton (AW) | Brighton | Chelmsford (AW) | Lingfield (AW),1,2,,True,Master Carpenter (IRE),"('parsed_suffix', 'Nation II', 'USA')",Rio Verde,2026-02-12,6.0,False,True,False,1,79,Unresolved,pending_official_confirmation,,NB19-ID-0009
Amoretti (FR),Lac Ladoga (GB),"('parsed_suffix', 'Lakarifair', 'IRE')",Always Fair,1,1,2017-08-28,2017-08-28,13,13,1,H,Lakarifair (IRE),parenthesized,Ostend (BEL),1,2,,True,Shalaa (IRE),"('parsed_suffix', 'Annie Newton', 'IRE')",Teofilo,2023-05-25,2.0,True,True,True,3,2096,Different horse,complete_pedigree_change_with_separated_chronology,True,
An Bhfuil Tu Reidh (IRE),Most Improved (IRE),"('parsed_suffix', 'Rory Anna', 'IRE')",Viking Ruler,6,6,2018-05-18,2019-04-25,2,3,1,G,Rory Anna (IRE),parenthesized,Cork (IRE) | Gowran Park (IRE) | Bellewstown (IRE) | Galway (IRE) | Naas (IRE) | Tipperary (IRE),1,2,,True,Court Cave (IRE),"('parsed_suffix', 'Betty Beck', 'IRE')",Westerner,2026-05-11,6.0,True,True,True,3,2573,Different horse,complete_pedigree_change_with_separated_chronology,True,
Ancient World (USA),Giants Causeway (USA),"('parsed_suffix', 'Satulagi', 'USA')",Officer,4,4,2015-09-30,2016-05-28,2,3,2,C | G,Satulagi (USA),parenthesized,Salisbury | Leicester | Kempton (AW),1,2,,True,Into Mischief (USA),"('parsed_suffix', 'Thirteen Arrows', 'USA')",Indian Charlie,2025-08-10,3.0,True,True,True,3,3361,Different horse,complete_pedigree_change_with_separated_chronology,True,
Angels Share (GB),Reliable Man (GB),"('parsed_suffix', 'Anna Of Russia', 'GER')",Acatenango,1,1,2018-05-21,2018-05-21,3,3,1,F,Anna Of Russia (GER),parenthesized,Saint-Cloud (FR),1,2,,True,Harry Angel (IRE),"('parsed_suffix', 'Purest', 'GB')",Shamardal,2025-06-26,2.0,True,True,True,3,2593,Different horse,complete_pedigree_change_with_separated_chronology,True,
Anglophile (GB),Dubawi (IRE),"('parsed_suffix', 'Anna Palariva', 'IRE')",Caerleon,7,7,2015-01-16,2016-03-25,4,5,1,G,Anna Palariva (IRE),parenthesized,Lingfield (AW) | Chelmsford (AW) | Wolverhampton (AW),1,2,,True,Too Darn Hot (GB),"('parsed_suffix', 'Intrigued', 'GB')",Darshaan,2024-10-14,2.0,True,True,True,3,3125,Different horse,complete_pedigree_change_with_separated_chronology,True,
Another Challenge (IRE),Milan (GB),"('parsed_suffix', 'Strike Alliance', 'IRE')",Magical Strike,6,6,2015-11-15,2017-03-17,7,9,1,G,Strike Alliance (IRE),parenthesized,Punchestown (IRE) | Fairyhouse (IRE) | Leopardstown (IRE) | Down Royal (IRE),1,2,,True,Order Of St George (IRE),"('parsed_suffix', 'Society Lady', 'IRE')",Getaway,2024-11-10,4.0,True,True,True,3,2795,Different horse,complete_pedigree_change_with_separated_chronology,True,
Another Day Done (IRE),Davorin (JPN),"('parsed_suffix', 'Perfect Memory', 'IRE')",Nashwan,9,9,2017-05-26,2019-01-22,6,8,1,G,Perfect Memory (IRE),parenthesized,Down Royal (IRE) | Kilbeggan (IRE) | Perth | Southwell | Wetherby | Hexham | Leicester,1,2,,True,Sottsass (FR),"('parsed_suffix', 'Elleanthus', 'IRE')",War Command,2025-11-12,2.0,True,True,True,3,2486,Different horse,complete_pedigree_change_with_separated_chronology,True,
Anywaythewindblows (GB),Shirocco (GER),"('parsed_suffix', 'Welanga', 'GB')",Dansili,2,2,2017-02-15,2017-04-28,5,5,1,G,Welanga GB,bare,Newcastle | Perth,1,2,,True,Zoustar (AUS),"('parsed_suffix', 'Helcia', 'IRE')",Olympic Glory,2025-08-11,2.0,True,True,True,3,3027,Different horse,complete_pedigree_change_with_separated_chronology,True,
April Flower (FR),Laveron (GB),"('parsed_suffix', 'Deserts Flower', 'FR')",Highest Honor,7,7,2015-09-01,2016-06-27,4,5,1,G,Deserts Flower (FR),parenthesized,Auteuil (FR),1,2,,True,Almanzor (FR),"('parsed_suffix', 'Seaella', 'IRE')",Canford Cliffs,2024-12-13,2.0,True,True,True,3,3091,Different horse,complete_pedigree_change_with_separated_chronology,True,
Arctic Angel (IRE),Dark Angel (IRE),"('parsed_suffix', 'Charlene Lacy', 'IRE')",Pips Pride,6,6,2016-10-10,2017-07-11,3,4,1,G,Charlene Lacy (IRE),parenthesized,Chelmsford (AW) | Newcastle (AW) | Wolverhampton (AW) | Kempton (AW) | Nottingham,1,2,,True,Arctic Cosmos (USA),"('parsed_suffix', 'Mandarli', 'IRE')",Darsi,2024-05-20,4.0,True,True,True,3,2505,Different horse,complete_pedigree_change_with_separated_chronology,True,
Ascot Brass (SWE),Juniper Tree (IRE),"('parsed_suffix', 'By The Book', 'IRE')",Definite Article,6,6,2020-01-23,2022-07-03,3,5,2,F | M,By The Book (IRE),parenthesized,Meydan (UAE) | Hamburg (GER),1,2,,True,Juniper Tree (IRE),"('parsed_suffix', 'By The Book I', 'IRE')",Definite Article,2023-09-17,6.0,False,True,False,1,441,Corrected,bounded_continuity_or_source_correction,False,
Astaire (IRE),Intense Focus (USA),"('parsed_suffix', 'Runway Dancer', 'GB')",Dansili,6,6,2015-03-28,2015-07-11,4,4,1,C,Runway Dancer GB,bare,Doncaster | Newmarket | York | Curragh (IRE) | Ascot | Newmarket (July),1,2,,True,Protectionist (GER),"('parsed_suffix', 'Amabelle', 'GER')",Danehill Dancer,2023-09-22,3.0,True,True,True,3,2995,Different horse,complete_pedigree_change_with_separated_chronology,True,
Attack (USA),Quality Road (USA),"('parsed_suffix', 'Seattle Tac', 'USA')",Seattle Slew,1,1,2015-04-17,2015-04-17,3,3,1,R,Seattle Tac (USA),parenthesized,Santa Anita (USA),1,2,,True,Munnings (USA),"('parsed_suffix', 'Ammannati', 'IRE')",Galileo,2025-09-14,3.0,True,True,True,3,3803,Different horse,complete_pedigree_change_with_separated_chronology,True,
Attwaal (IRE),Teofilo (IRE),"('parsed_suffix', 'Qasirah', 'IRE')",Machiavellian,3,3,2015-01-10,2015-02-28,6,6,1,G,Qasirah (IRE),parenthesized,Wetherby | Leicester | Newbury,1,2,,True,Invincible Army (IRE),"('parsed_suffix', 'Arjeed', 'IRE')",Arcano,2024-11-16,3.0,True,True,True,3,3549,Different horse,complete_pedigree_change_with_separated_chronology,True,
Australasia (IRE),Zerpour (IRE),"('parsed_suffix', 'Leachestown', 'IRE')",Insatiable,9,9,2015-03-03,2016-10-27,5,6,1,G,Leachestown (IRE),parenthesized,Newcastle | Hexham | Carlisle | Sedgefield,1,2,,True,Australia (GB),"('parsed_suffix', 'Papelaine', 'IRE')",Excelebration,2025-12-02,2.0,True,True,True,3,3323,Different horse,complete_pedigree_change_with_separated_chronology,True,
Australia Day (IRE),Key Of Luck (USA),"('parsed_suffix', 'Atalina', 'FR')",Linamix,6,6,2015-04-09,2015-10-02,12,12,1,G,Atalina (FR),parenthesized,Taunton | Market Rasen | Sandown | Fontwell,1,2,,True,Australia (GB),"('parsed_suffix', 'Blending', 'GB')",Medicean,2026-04-08,3.0,True,True,True,3,3841,Different horse,complete_pedigree_change_with_separated_chronology,True,
Azan (USA),Yoshida (JPN),"('parsed_suffix', 'Mama Nadine', 'USA')",A P Indy,2,2,2025-01-18,2025-02-07,4,4,1,C,Mama Nadine (USA),parenthesized,Jebel Ali (UAE) | Meydan (UAE),1,2,,True,Yoshida (JPN),"('parsed_suffix', 'Mama Nadine', 'USA')",A.P. Indy,2025-12-05,4.0,False,False,True,1,301,Corrected,bounded_continuity_or_source_correction,False,
Baby Belle (IRE),Arakan (USA),"('parsed_suffix', 'Florida Belle', 'IRE')",Florida Son,1,1,2016-05-13,2016-05-13,4,4,1,F,Florida Belle (IRE),parenthesized,Kilbeggan (IRE),1,2,,True,Belardo (IRE),"('parsed_suffix', 'Berry Baby', 'IRE')",Rainbow Quest,2024-02-03,5.0,True,True,True,3,2822,Different horse,complete_pedigree_change_with_separated_chronology,True,
Back In Black (IRE),Strategic Prince (GB),"('parsed_suffix', 'Leopardess', 'IRE')",Ela-Mana-Mou,7,7,2016-07-10,2017-08-24,7,8,1,G,Leopardess (IRE),parenthesized,Sligo (IRE) | Galway (IRE) | Clonmel (IRE) | Punchestown (IRE) | Leopardstown (IRE) | Tipperary (IRE) | Stratford,1,2,,True,Dark Angel (IRE),"('parsed_suffix', 'Sacred Dance', 'GB')",Sea The Stars,2024-05-22,2.0,True,True,True,3,2463,Different horse,complete_pedigree_change_with_separated_chronology,True,
Bal Kauto (FR),Balko (FR),"('parsed_suffix', 'Kauto Tireless', 'FR')",Byzantium,14,14,2022-02-23,2023-06-17,5,6,1,G,Kauto Tireless (FR),parenthesized,Punchestown (IRE) | Gowran Park (IRE) | Clonmel (IRE) | Kilbeggan (IRE) | Listowel (IRE) | Killarney (IRE) | Limerick (IRE) | Thurles (IRE) | Tramore (IRE) | Downpatrick (IRE),1,2,,True,Balko (FR),"('parsed_suffix', 'Kauto Tireless', 'FR')",Byzantium I,2025-03-08,8.0,False,False,True,1,630,Corrected,bounded_continuity_or_source_correction,False,
Banishing (USA),Ghostzapper (USA),"('parsed_suffix', 'Dowager', 'USA')",A P Indy,7,7,2025-02-23,2025-09-27,5,5,1,G,Dowager (USA),parenthesized,Oaklawn Park (USA) | Churchill Downs (USA) | Charles town (USA),1,2,,True,Ghostzapper (USA),"('parsed_suffix', 'Dowager', 'USA')",A.P. Indy,2025-11-01,5.0,False,False,True,1,35,Corrected,bounded_continuity_or_source_correction,False,
Bardo (FR),Siyouni (FR),"('parsed_suffix', 'Dilag', 'IRE')",Almutawakel,6,6,2020-09-12,2022-04-10,3,5,2,C | G,Dilag (IRE),parenthesized,Chantilly (FR) | Saint-Cloud (FR) | Deauville (FR) | Longchamp (FR),1,2,,True,Siyouni (FR),"('parsed_suffix', 'Dilag', 'IRE')",Almutawakel I,2022-12-06,5.0,False,False,True,1,240,Corrected,bounded_continuity_or_source_correction,False,
Barrister (GB),Lawman (FR),"('parsed_suffix', 'Ella', 'GB')",Pivotal,3,3,2018-01-13,2018-07-12,4,4,1,F,Ella GB,bare,Wetherby | Redcar | Carlisle,1,2,,True,Without Parole (GB),"('parsed_suffix', 'Pay Court', 'GB')",Motivator,2025-10-13,2.0,True,True,True,3,2650,Different horse,complete_pedigree_change_with_separated_chronology,True,
Bartholdi (SAF),Act Of War (SAF),"('parsed_suffix', 'Wysiwyg', 'SAF')",Mullins Bay,1,1,2022-06-04,2022-06-04,4,4,1,G,Wysiwyg (SAF),parenthesized,Scottsville (SAF),1,2,,True,Act Of War (SAF),"('parsed_suffix', 'Wysiwyg', 'SAF')",Mullins Bay I,2023-06-03,5.0,False,False,True,1,364,Corrected,bounded_continuity_or_source_correction,False,
Be Here Now (GB),Rainbow High (GB),"('parsed_suffix', 'Bright Spangle', 'IRE')",General Monash,1,1,2016-02-11,2016-02-11,5,5,1,M,Bright Spangle (IRE),parenthesized,Huntingdon,1,2,,True,Oasis Dream (GB),"('parsed_suffix', 'Clematis', 'USA')",First Defence,2023-05-25,2.0,True,True,True,3,2660,Different horse,complete_pedigree_change_with_separated_chronology,True,
Be Positive (IRE),High Chaparral (IRE),"('parsed_suffix', 'Blooming Quick', 'IRE')",Moscow Society,3,3,2016-04-26,2016-05-16,7,7,1,G,Blooming Quick (IRE),parenthesized,Punchestown (IRE) | Killarney (IRE),1,2,,True,Mount Nelson (GB),"('parsed_suffix', 'Silver Tassie', 'FR')",Kaldounevees,2025-01-16,6.0,True,True,True,3,3167,Different horse,complete_pedigree_change_with_separated_chronology,True,
Bedtime Story (IRE),Epaulette (AUS),"('parsed_suffix', 'Whispering Lady', 'IRE')",Pivotal,2,2,2018-06-14,2018-10-19,3,3,1,F,Whispering Lady (IRE),parenthesized,Leopardstown (IRE) | Dundalk (AW) (IRE),1,2,,True,Frankel (GB),"('parsed_suffix', 'Meccas Angel', 'IRE')",Dark Angel,2024-06-06,2.0,True,True,True,3,2057,Different horse,complete_pedigree_change_with_separated_chronology,True,
Beeline (USA),Rock Hard Ten (USA),"('parsed_suffix', 'Ing Ing', 'FR')",Bering,1,1,2015-03-15,2015-03-15,3,3,1,F,Ing Ing (FR),parenthesized,Gulfstream Park (USA),1,2,,True,Bee Jersey (USA),"('parsed_suffix', 'Secretariat Humor', 'USA')",Distorted Humor,2024-05-04,3.0,True,True,True,3,3338,Different horse,complete_pedigree_change_with_separated_chronology,True,
Beg To Differ (IRE),Flemensfirth (USA),"('parsed_suffix', 'Blossom Trix', 'IRE')",Saddlers Hall,14,14,2015-01-06,2017-02-20,5,7,1,G,Blossom Trix (IRE),parenthesized,Bangor-on-Dee | Wetherby | Carlisle | Uttoxeter | Cheltenham | Sandown | Chepstow,1,2,,True,Mahler (GB),"('parsed_suffix', 'Sister Trix', 'IRE')",Broken Hearted,2025-03-17,6.0,True,True,True,3,2947,Different horse,complete_pedigree_change_with_separated_chronology,True,
Behind The Scenes (IRE),Presenting (GB),"('parsed_suffix', 'Run For Cover', 'IRE')",Lafontaine I,1,1,2015-05-14,2015-05-14,13,13,1,G,Run For Cover (IRE),parenthesized,Fontwell,1,2,,True,Saxon Warrior (JPN),"('parsed_suffix', 'Doors To Manual', 'USA')",Royal Academy,2022-08-10,2.0,True,True,True,3,2645,Different horse,complete_pedigree_change_with_separated_chronology,True,
Bellagio (FR),Kheleyf (USA),"('parsed_suffix', 'Hatane Chope', 'FR')",Sin Kiang,1,1,2019-10-20,2019-10-20,2,2,1,C,Hatane Chope (FR),parenthesized,Longchamp (FR),1,2,,True,Siyouni (FR),"('parsed_suffix', 'Bal De La Rose', 'IRE')",Cadeaux Genereux,2024-06-04,2.0,True,True,True,3,1689,Different horse,complete_pedigree_change_with_separated_chronology,True,
Bellator (FR),Network (GER),"('parsed_suffix', 'Onysia', 'FR')",April Night,2,2,2016-03-02,2016-03-23,5,5,1,G,Onysia (FR),parenthesized,Bangor-on-Dee | Warwick,1,2,,True,Havana Grey (GB),"('parsed_suffix', 'River Test', 'GB')",Beat Hollow,2023-03-07,3.0,True,True,True,3,2540,Different horse,complete_pedigree_change_with_separated_chronology,True,
Big City Lights (USA),Mr Big (USA),"('parsed_suffix', 'Champagne Exchange', 'USA')",Exchange Rate,3,3,2024-02-10,2024-08-25,5,5,1,H,Champagne Exchange (USA),parenthesized,Santa Anita (USA) | Del Mar (USA),1,2,,True,Mr. Big (USA),"('parsed_suffix', 'Champagne Exchange', 'USA')",Exchange Rate,2025-11-01,6.0,True,False,False,1,433,Corrected,bounded_continuity_or_source_correction,False,
Biographer (GB),Montjeu (IRE),"('parsed_suffix', 'Reflective', 'USA')",Seeking The Gold,1,1,2015-05-17,2015-05-17,6,6,1,G,Reflective (USA),parenthesized,Navan (IRE),1,2,,True,Oasis Dream (GB),"('parsed_suffix', 'Now Youre Talking', 'IRE')",Zoffany,2023-08-23,2.0,True,True,True,3,3020,Different horse,complete_pedigree_change_with_separated_chronology,True,
Birdman (IRE),Danehill Dancer (IRE),"('parsed_suffix', 'Gilded Vanity', 'IRE')",Indian Ridge,21,21,2015-04-18,2016-08-18,5,6,1,G,Gilded Vanity (IRE),parenthesized,Thirsk | Doncaster | Ripon | Haydock | York | Pontefract | Ascot | Newmarket | Leicester | Redcar | Windsor,1,2,,True,Free Eagle (IRE),"('parsed_suffix', 'Carol', 'IRE')",Acclamation,2024-04-26,3.0,True,True,True,3,2808,Different horse,complete_pedigree_change_with_separated_chronology,True,
Black Bart (IRE),High-Rise (IRE),"('parsed_suffix', 'Kasakov Park', 'GB')",Kasakov,2,2,2015-10-10,2015-10-16,7,7,1,G,Kasakov Park GB,bare,Fairyhouse (IRE) | Downpatrick (IRE),1,2,,True,Cloudings (IRE),"('parsed_suffix', 'Sail The Ocean', 'IRE')",Hasten To Add,2024-02-29,7.0,True,True,True,3,3058,Different horse,complete_pedigree_change_with_separated_chronology,True,
Black Thunder (FR),Malinas (GER),"('parsed_suffix', 'Blackmika', 'FR')",Subotica,10,10,2015-01-24,2017-04-06,8,10,1,G,Blackmika (FR),parenthesized,Cheltenham | Chepstow | Sandown | Aintree | Kelso,1,2,,True,Waldgeist (GB),"('parsed_suffix', 'Tiresias', 'FR')",Henrythenavigator,2025-10-16,2.0,True,True,True,3,3115,Different horse,complete_pedigree_change_with_separated_chronology,True,
Bold Optimist (IRE),Oscar (IRE),"('parsed_suffix', 'Massappeal Supreme', 'IRE')",Supreme Leader,3,3,2015-01-29,2015-03-14,9,9,1,G,Massappeal Supreme (IRE),parenthesized,Thurles (IRE) | Punchestown (IRE) | Limerick (IRE),1,2,,True,Gleneagles (IRE),"('parsed_suffix', 'Katy Spirit', 'IRE')",Invincible Spirit,2023-07-12,3.0,True,True,True,3,3042,Different horse,complete_pedigree_change_with_separated_chronology,True,
Bonny Ezra (NZ),Road To Rock (AUS),"('parsed_suffix', 'Ascolini', 'AUS')",Bertolini,1,1,2022-06-25,2022-06-25,6,6,1,G,Ascolini (AUS),parenthesized,Eagle Farm (AUS),1,2,,True,Road To Rock (AUS),"('parsed_suffix', 'Ascolini', 'NZ')",Bertolini,2022-12-26,7.0,False,True,False,1,184,Corrected,bounded_continuity_or_source_correction,False,NB19-ID-0006
Born At Midnight (GB),Midnight Legend (GB),"('parsed_suffix', 'Wavet', 'GB')",Pursuit Of Love,25,25,2018-12-06,2025-11-16,3,10,1,G,Wavet GB | Wavet (GB),bare | parenthesized,Wincanton | Fontwell | Hereford | Leicester | Plumpton | Lingfield | Ludlow | Taunton | Huntingdon,1,2,,True,Midnight Legend (GB),"('parsed_suffix', 'Wavet', 'GB')",Pursuit Of Love I,2026-01-12,11.0,False,False,True,1,57,Corrected,bounded_continuity_or_source_correction,False,
Bow Street (GB),New Approach (IRE),"('parsed_suffix', 'Favourable Terms', 'GB')",Selkirk,5,5,2017-10-04,2018-05-06,2,3,1,C,Favourable Terms GB,bare,Kempton (AW) | Newmarket,1,2,,True,Bated Breath (GB),"('parsed_suffix', 'Marseille', 'IRE')",Excelebration,2024-05-11,2.0,True,True,True,3,2197,Different horse,complete_pedigree_change_with_separated_chronology,True,
Boxing Clever (IRE),Teofilo (IRE),"('parsed_suffix', 'Sassy Gal', 'IRE')",Kings Best,2,2,2016-03-12,2016-04-15,4,4,1,G,Sassy Gal (IRE),parenthesized,Limerick (IRE) | Dundalk (AW) (IRE),1,2,,True,Shirocco (GER),"('parsed_suffix', 'Floral Fantasy', 'IRE')",Flemensfirth,2025-11-27,4.0,True,True,True,3,3513,Different horse,complete_pedigree_change_with_separated_chronology,True,
Bradbury (IRE),Redback (GB),"('parsed_suffix', 'Simonaventura', 'IRE')",Dr Devious,2,2,2015-10-31,2015-12-02,7,7,1,G,Simonaventura (IRE),parenthesized,Wolverhampton (AW) | Catterick,1,2,,True,Ghaiyyath (IRE),"('parsed_suffix', 'Glimmer Of Peace', 'IRE')",Intikhab,2025-08-15,2.0,True,True,True,3,3544,Different horse,complete_pedigree_change_with_separated_chronology,True,
Brave Leader (GB),Pivotal (GB),"('parsed_suffix', 'Assabiyya', 'IRE')",Cape Cross,1,1,2015-06-04,2015-06-04,3,3,1,C,Assabiyya (IRE),parenthesized,Wolverhampton (AW),1,2,,True,St Marks Basilica (FR),"('parsed_suffix', 'Dayita', 'FR')",Dansili,2025-10-12,2.0,True,True,True,3,3783,Different horse,complete_pedigree_change_with_separated_chronology,True,
Bravehearts (ARG),Cityscape (GB),"('parsed_suffix', 'O k Angie', 'ARG')",Orpen,21,21,2023-07-03,2025-10-04,4,6,2,C | G,O k Angie (ARG),parenthesized,Sha Tin (HK) | Happy Valley (HK),1,2,,True,Cityscape (GB),"('parsed_suffix', 'O.k. Angie', 'ARG')",Orpen,2025-10-26,6.0,False,True,False,1,22,Corrected,bounded_continuity_or_source_correction,False,
Breaking Ground (IRE),Echo Of Light (GB),"('parsed_suffix', 'Mayfair', 'GB')",Green Desert,16,16,2017-05-30,2018-05-07,5,6,1,G,Mayfair GB,bare,Newton Abbot | Worcester | Huntingdon | Wincanton | Taunton | Plumpton | Hereford | Kempton | Exeter | Warwick,1,2,,True,Berkshire (IRE),"('parsed_suffix', 'Peace And The City', 'FR')",Elusive City,2025-07-13,4.0,True,True,True,3,2624,Different horse,complete_pedigree_change_with_separated_chronology,True,
Breathe Easy (IRE),Redback (GB),"('parsed_suffix', 'Inishmac', 'IRE')",Danehill Dancer,17,17,2015-06-27,2018-06-29,5,8,1,G,Inishmac (IRE),parenthesized,Curragh (IRE) | Dundalk (AW) (IRE),1,2,,True,Bated Breath (GB),"('parsed_suffix', 'Rely On Me', 'IRE')",Kyllachy,2025-11-05,2.0,True,True,True,3,2686,Different horse,complete_pedigree_change_with_separated_chronology,True,
Brigante (USA),More Than Ready (USA),"('parsed_suffix', 'Cheeky Charm', 'USA')",A P Indy,3,3,2025-08-09,2025-10-05,2,2,1,R,Cheeky Charm (USA),parenthesized,Del Mar (USA) | Santa Anita (USA),1,2,,True,More Than Ready (USA),"('parsed_suffix', 'Cheeky Charm', 'USA')",A.P. Indy,2025-11-30,2.0,False,False,True,1,56,Corrected,bounded_continuity_or_source_correction,False,
Bring It On (IRE),Arcano (IRE),"('parsed_suffix', 'Sassy Gal', 'IRE')",Kings Best,48,48,2016-04-06,2020-04-29,3,7,1,G,Sassy Gal (IRE),parenthesized,Leopardstown (IRE) | Naas (IRE) | Happy Valley (HK) | Sha Tin (HK),1,2,,True,Dandy Man (IRE),"('parsed_suffix', 'Alabama Whitman', 'GB')",Ivawood,2025-04-22,2.0,True,True,True,3,1819,Different horse,complete_pedigree_change_with_separated_chronology,True,
Bulletin (IRE),Bullet Train (GB),"('parsed_suffix', 'Dixiedoodledandy', 'IRE')",Desert Style,2,2,2018-06-02,2018-06-27,3,3,1,G,Dixiedoodledandy (IRE),parenthesized,Chepstow | Salisbury,1,2,,True,Advertise (GB),"('parsed_suffix', 'Mountrice Lady', 'IRE')",Acclamation,2024-10-05,2.0,True,True,True,3,2292,Different horse,complete_pedigree_change_with_separated_chronology,True,
Bushwacker (IRE),Top Of The World (GB),"('parsed_suffix', 'Tender Pearl', 'GB')",Prince Tenderfoot,3,3,2015-01-26,2015-03-09,11,11,1,G,Tender Pearl GB,bare,Ludlow | Taunton,1,2,,True,Supremacy (IRE),"('parsed_suffix', 'Prequel', 'IRE')",Dark Angel,2025-07-25,2.0,True,True,True,3,3791,Different horse,complete_pedigree_change_with_separated_chronology,True,
By Far (FR),Shamardal (USA),"('parsed_suffix', 'Perfidie', 'IRE')",Monsun,1,1,2015-08-04,2015-08-04,2,2,1,G,Perfidie (IRE),parenthesized,Ripon,1,2,,True,Recoletos (FR),"('parsed_suffix', 'Barbayam', 'GB')",Stormy River,2024-08-25,3.0,True,True,True,3,3309,Different horse,complete_pedigree_change_with_separated_chronology,True,
Cafe Pushkin (FR),Montmartre (FR),"('parsed_suffix', 'Chausey', 'FR')",Cadoudal,7,7,2020-11-19,2022-03-22,4,6,1,G,Chausey (FR),parenthesized,Wincanton | Uttoxeter | Warwick | Wetherby | Fontwell | Ludlow | Market Rasen,1,2,,True,Montmartre (FR),"('parsed_suffix', 'Chausey I', 'FR')",Cadoudal,2022-11-08,6.0,False,True,False,1,231,Corrected,bounded_continuity_or_source_correction,False,
Caldera (USA),Arch (USA),"('parsed_suffix', 'The Legend Grows', 'USA')",Siphon,1,1,2015-01-17,2015-01-17,3,3,1,C,The Legend Grows (USA),parenthesized,Gulfstream Park (USA),1,2,,True,Liams Map (USA),"('parsed_suffix', 'Send Me On My Way', 'USA')",Tiznow,2025-02-16,3.0,True,True,True,3,3683,Different horse,complete_pedigree_change_with_separated_chronology,True,
Campione (FR),Kings Best (USA),"('parsed_suffix', 'Grise Bomb', 'USA')",Mr Greeley,23,23,2015-03-24,2021-11-04,3,9,1,G,Grise Bomb (USA),parenthesized,Saint-Cloud (FR) | Longchamp (FR) | Chantilly (FR) | Maisons-Laffitte (FR) | Deauville (FR),1,2,,True,Shalaa (IRE),"('parsed_suffix', 'Izzy Bizu', 'IRE')",Kodiac,2023-12-15,2.0,True,True,True,3,771,Different horse,complete_pedigree_change_with_separated_chronology,True,
Canon Law (IRE),Holy Roman Emperor (IRE),"('parsed_suffix', 'Delisha', 'GB')",Salse,11,11,2015-01-09,2016-02-05,5,6,1,G,Delisha GB,bare,Dundalk (AW) (IRE) | Wolverhampton (AW) | Kempton (AW),1,2,,True,Waldgeist (GB),"('parsed_suffix', 'Oh Sedulous', 'IRE')",Lawman,2025-04-26,2.0,True,True,True,3,3368,Different horse,complete_pedigree_change_with_separated_chronology,True,
Capla Berry (GB),Roderic OConnor (IRE),"('parsed_suffix', 'Salsa Brava', 'IRE')",AlmutawakelI,3,3,2019-08-20,2019-10-23,3,3,1,F,Salsa Brava (IRE),parenthesized,Yarmouth | Wolverhampton (AW),1,2,,True,Roderic OConnor (IRE),"('parsed_suffix', 'Salsa Brava', 'IRE')",Almutawakel,2020-06-10,4.0,False,False,True,1,231,Corrected,bounded_continuity_or_source_correction,False,
Carrieriste (FR),Laveron (GB),"('parsed_suffix', 'Querenice', 'FR')",Video Rock,6,6,2015-09-28,2016-11-21,3,4,1,F,Querenice (FR),parenthesized,Maisons-Laffitte (FR) | Auteuil (FR) | Enghien (FR),1,2,,True,Cloth Of Stars (IRE),"('parsed_suffix', 'I Should Care', 'FR')",Loup Solitaire,2025-06-12,3.0,True,True,True,3,3125,Different horse,complete_pedigree_change_with_separated_chronology,True,
Casterly Rock (IRE),Kings Theatre (IRE),"('parsed_suffix', 'Alderbrook Girl', 'IRE')",Alderbrook,8,8,2017-02-21,2018-11-14,5,6,1,G,Alderbrook Girl (IRE),parenthesized,Taunton | Kempton | Ludlow | Fontwell | Worcester | Bangor-on-Dee | Exeter,1,2,,True,Lauro (GER),"('parsed_suffix', 'The Vicars Lady', 'IRE')",Old Vic,2025-01-01,5.0,True,True,True,3,2240,Different horse,complete_pedigree_change_with_separated_chronology,True,
Cathedral (GB),Invincible Spirit (IRE),"('parsed_suffix', 'Capades Dancer', 'USA')",Gate Dancer,10,10,2015-01-08,2015-06-17,6,6,1,G,Capades Dancer (USA),parenthesized,Leicester | Wolverhampton (AW) | Carlisle | Southwell (AW) | Hamilton | Chelmsford (AW),1,2,,True,Too Darn Hot (GB),"('parsed_suffix', 'War And Peace', 'GB')",Frankel,2024-09-04,2.0,True,True,True,3,3367,Different horse,complete_pedigree_change_with_separated_chronology,True,
Cavalryman (GB),Halling (USA),"('parsed_suffix', 'Silversword', 'FR')",Highest Honor,1,1,2015-02-28,2015-02-28,9,9,1,H,Silversword (FR),parenthesized,Meydan (UAE),1,2,,True,Muhaarar (GB),"('parsed_suffix', 'Noozhah', 'GB')",Singspiel,2022-11-16,3.0,True,True,True,3,2818,Different horse,complete_pedigree_change_with_separated_chronology,True,
Celtic Chieftain (IRE),Galileo (IRE),"('parsed_suffix', 'Sumora', 'IRE')",Danehill,3,3,2018-09-03,2018-10-22,5,5,1,G,Sumora (IRE),parenthesized,Windsor | Leicester | Kempton (AW),1,2,,True,No Nay Never (USA),"('parsed_suffix', 'Southern Belle', 'IRE')",Aqlaam,2024-06-08,2.0,True,True,True,3,2056,Different horse,complete_pedigree_change_with_separated_chronology,True,
Central Avenue (USA),Street Sense (USA),"('parsed_suffix', 'Centring', 'USA')",A P Indy,1,1,2023-11-25,2023-11-25,2,2,1,F,Centring (USA),parenthesized,Churchill Downs (USA),1,2,,True,Street Sense (USA),"('parsed_suffix', 'Centring', 'USA')",A.P. Indy,2025-11-02,4.0,False,False,True,1,708,Corrected,bounded_continuity_or_source_correction,False,
Central Park West (FR),Martinborough (JPN),"('parsed_suffix', 'Rapid Transaction', 'USA')",A P Indy,65,65,2020-08-06,2025-10-02,2,7,1,G,Rapid Transaction (USA),parenthesized,Vichy (FR) | Craon (FR) | Lyon Parilly (FR) | Deauville (FR) | Chantilly (FR) | Longchamp (FR) | Saint-Cloud (FR),1,2,,True,Martinborough (JPN),"('parsed_suffix', 'Rapid Transaction', 'USA')",A.P. Indy,2025-10-20,7.0,False,False,True,1,18,Corrected,bounded_continuity_or_source_correction,False,
Cervin (FR),Network (GER),"('parsed_suffix', 'Outre Mer', 'FR')",Sleeping Car,3,3,2017-02-11,2017-11-16,5,5,1,G,Outre Mer (FR),parenthesized,Uttoxeter | Stratford | Ludlow,1,2,,True,Holy Roman Emperor (IRE),"('parsed_suffix', 'Justice Angel', 'IRE')",Dark Angel,2024-03-10,4.0,True,True,True,3,2306,Different horse,complete_pedigree_change_with_separated_chronology,True,
Chamonix (IRE),Galileo (IRE),"('parsed_suffix', 'LAncresse', 'IRE')",Darshaan,7,7,2015-05-11,2015-11-08,6,6,1,G,LAncresse (IRE),parenthesized,Killarney (IRE) | Punchestown (IRE) | Gowran Park (IRE) | Cork (IRE) | Roscommon (IRE) | Downpatrick (IRE) | Navan (IRE),1,2,,True,Wootton Bassett (GB),"('parsed_suffix', 'Snow Queen', 'IRE')",Danehill Dancer,2026-04-03,3.0,True,True,True,3,3799,Different horse,complete_pedigree_change_with_separated_chronology,True,
Change Of Command (USA),Gators N Bears (USA),"('parsed_suffix', 'Doctor Campbell', 'CAN')",Lets Go Blue,3,3,2015-02-21,2016-03-26,8,9,1,G,Doctor Campbell (CAN),parenthesized,Gulfstream Park (USA) | Fair Grounds (USA),1,2,,True,Into Mischief (USA),"('parsed_suffix', 'Moi', 'USA')",Medaglia dOro,2024-02-10,3.0,True,True,True,3,2877,Different horse,complete_pedigree_change_with_separated_chronology,True,
Circuit Breaker (GB),Acclamation (GB),"('parsed_suffix', 'Nessa', 'FR')",Marchand De Sable,4,4,2016-08-17,2016-11-11,3,3,1,G,Nessa (FR),parenthesized,Killarney (IRE) | Listowel (IRE) | Limerick (IRE) | Dundalk (AW) (IRE),1,2,,True,Nathaniel (IRE),"('parsed_suffix', 'Australian Queen', 'GB')",Fastnet Rock,2023-05-08,3.0,True,True,True,3,2369,Different horse,complete_pedigree_change_with_separated_chronology,True,
Colwyn Bay (FR),Falco (USA),"('parsed_suffix', 'Eudora', 'IRE')",More Than Ready,1,1,2026-04-02,2026-04-02,7,7,1,G,Eudora (IRE),parenthesized,Clonmel,1,2,,True,Falco (USA),"('parsed_suffix', 'Eudora I', 'IRE')",Kings Best,2026-05-01,7.0,False,True,True,2,29,Unresolved,pending_official_confirmation,,NB19-ID-0010
Confucius (IRE),Morpheus (GB),"('parsed_suffix', 'Flash And Dazzle', 'IRE')",Bertolini,6,6,2018-07-27,2018-10-12,2,2,1,C,Flash And Dazzle (IRE),parenthesized,Down Royal (IRE) | Wolverhampton (AW) | Curragh (IRE) | Naas (IRE) | Dundalk (AW) (IRE),1,2,,True,No Nay Never (USA),"('parsed_suffix', 'Millisle', 'IRE')",Starspangledbanner,2026-04-03,2.0,True,True,True,3,2730,Different horse,complete_pedigree_change_with_separated_chronology,True,
Crack Shot (IRE),Lope De Vega (IRE),"('parsed_suffix', 'Slap Shot', 'IRE')",Lycius,10,10,2015-04-07,2016-02-18,3,4,1,C,Slap Shot (IRE),parenthesized,Lingfield (AW) | Beverley | Goodwood | Newbury | Windsor | Sandown | Wolverhampton (AW) | Chelmsford (AW),1,2,,True,Kingman (GB),"('parsed_suffix', 'Twitch', 'IRE')",Azamour,2023-05-19,3.0,True,True,True,3,2647,Different horse,complete_pedigree_change_with_separated_chronology,True,
Cracking Man (IRE),Statue Of Liberty (USA),"('parsed_suffix', 'Dhakhirah', 'IRE')",Sadlers Wells,2,2,2015-07-21,2015-08-03,7,7,1,G,Dhakhirah (IRE),parenthesized,Ballinrobe (IRE) | Cork (IRE),1,2,,True,Unfortunately (IRE),"('parsed_suffix', 'Designated', 'GB')",Dutch Art,2024-06-15,2.0,True,True,True,3,3239,Different horse,complete_pedigree_change_with_separated_chronology,True,
Crazy Diamond (GB),Silver Patriarch (IRE),"('parsed_suffix', 'Your Punishment', 'IRE')",Montelimar,2,2,2015-04-13,2015-05-02,11,11,1,G,Your Punishment (IRE),parenthesized,Kelso | Hexham,1,2,,True,Cracksman (GB),"('parsed_suffix', 'Silver Games', 'IRE')",Verglas,2025-09-02,2.0,True,True,True,3,3776,Different horse,complete_pedigree_change_with_separated_chronology,True,
Cross Cover (IRE),Dandy Man (IRE),"('parsed_suffix', 'Almutamore', 'IRE')",AlmutawakelI,4,4,2017-11-08,2018-03-23,2,3,1,F,Almutamore (IRE),parenthesized,Dundalk (AW) (IRE),1,2,,True,Dandy Man (IRE),"('parsed_suffix', 'Almutamore', 'IRE')",Almutawakel,2019-05-29,4.0,False,False,True,1,432,Corrected,bounded_continuity_or_source_correction,False,
Dance And Romance (GB),Kayf Tara (GB),"('parsed_suffix', 'Sweetheart', 'GB')",Sinndar,9,9,2016-01-16,2017-04-08,4,5,2,F | M,Sweetheart GB,bare,Wetherby | Doncaster | Sedgefield | Hexham | Newcastle,1,2,,True,Starspangledbanner (AUS),"('parsed_suffix', 'Permission', 'GB')",Authorized,2024-04-12,3.0,True,True,True,3,2561,Different horse,complete_pedigree_change_with_separated_chronology,True,
Dancing Queen (FR),Pennys Picnic (IRE),"('parsed_suffix', 'Mujabaha', 'GB')",Redoutes Choice,1,1,2018-11-16,2018-11-16,3,3,1,F,Mujabaha GB,bare,Saint-Cloud (FR),1,2,,True,Le Havre (IRE),"('parsed_suffix', 'Dancing On A Dream', 'IRE')",Dream Ahead,2024-04-18,3.0,True,True,True,3,1980,Different horse,complete_pedigree_change_with_separated_chronology,True,
Decidement (FR),Montmartre (FR),"('parsed_suffix', 'Arisk', 'FR')",My Risk,4,4,2017-08-29,2017-10-25,3,3,1,F,Arisk (FR),parenthesized,Clairefontaine (FR) | Saint-Cloud (FR) | Maisons-Laffitte (FR),1,2,,True,Anodin (IRE),"('parsed_suffix', 'Decision', 'FR')",Kentucky Dynamite,2024-04-03,3.0,True,True,True,3,2352,Different horse,complete_pedigree_change_with_separated_chronology,True,
Defi Bleu (FR),Saddler Maker (IRE),"('parsed_suffix', 'Glycine Bleue', 'FR')",Le Nain Jaune,22,22,2017-12-09,2022-10-23,4,9,1,G,Glycine Bleue (FR),parenthesized,Navan (IRE) | Naas (IRE) | Down Royal (IRE) | Limerick (IRE) | Leopardstown (IRE) | Cheltenham | Punchestown (IRE) | Wexford (IRE) | Fairyhouse (IRE),1,2,,True,Saddler Maker (IRE),"('parsed_suffix', 'Glycine Bleue I', 'FR')",Le Nain Jaune,2022-11-06,9.0,False,True,False,1,14,Corrected,bounded_continuity_or_source_correction,False,
Defiance (IRE),Medicean (GB),"('parsed_suffix', 'Plucky', 'GB')",Kyllachy,1,1,2016-12-14,2016-12-14,2,2,1,F,Plucky GB,bare,Lingfield (AW),1,2,,True,Camelot (GB),"('parsed_suffix', 'Alouja', 'IRE')",Ravens Pass,2023-08-10,2.0,True,True,True,3,2430,Different horse,complete_pedigree_change_with_separated_chronology,True,
Definite Dream (IRE),Definite Article (GB),"('parsed_suffix', 'Brooks Chariot', 'IRE')",Electric I,3,3,2015-02-21,2015-05-05,8,8,1,G,Brooks Chariot (IRE),parenthesized,Newcastle | Aintree | Sedgefield,1,2,,True,Mahler (GB),"('parsed_suffix', 'Definite Asset', 'IRE')",Definite Article,2024-07-08,6.0,True,True,True,3,3352,Different horse,complete_pedigree_change_with_separated_chronology,True,
Desiderata (IRE),Alhaarth (IRE),"('parsed_suffix', 'Erstwhile', 'FR')",Desert Prince,4,4,2015-05-14,2015-08-28,5,5,1,G,Erstwhile (FR),parenthesized,Tipperary (IRE) | Listowel (IRE) | Tramore (IRE) | Down Royal (IRE),1,2,,True,Vadamos (FR),"('parsed_suffix', 'Seven Even', 'FR')",Turtle Bowl,2024-03-18,4.0,True,True,True,3,3125,Different horse,complete_pedigree_change_with_separated_chronology,True,
Detonate (FR),Al Namix (FR),"('parsed_suffix', 'Tadorna', 'FR')",Maresca Sorrento,3,3,2016-08-25,2018-06-03,3,5,1,G,Tadorna (FR),parenthesized,Moulins (FR) | Musselburgh | Perth,1,2,,True,Siyouni (FR),"('parsed_suffix', 'Incendiere', 'IRE')",Zoffany,2024-05-07,2.0,True,True,True,3,2165,Different horse,complete_pedigree_change_with_separated_chronology,True,
Dewsbury (FR),American Post (GB),"('parsed_suffix', 'Danse Du Soir', 'FR')",Nombre Premier,1,1,2015-10-24,2015-10-24,3,3,1,G,Danse Du Soir (FR),parenthesized,Enghien (FR),1,2,,True,Lawman (FR),"('parsed_suffix', 'Hallalulu', 'GB')",Kyllachy,2024-12-23,2.0,True,True,True,3,3348,Different horse,complete_pedigree_change_with_separated_chronology,True,
Diamond Heart (GB),Holy Roman Emperor (IRE),"('parsed_suffix', 'Danse Spectre', 'IRE')",Spectrum,7,7,2016-01-08,2017-02-03,3,4,1,F,Danse Spectre (IRE),parenthesized,Dundalk (AW) (IRE) | Limerick (IRE),1,2,,True,Time Test (GB),"('parsed_suffix', 'Diamond Run', 'GB')",Hurricane Run,2023-02-25,3.0,True,True,True,3,2213,Different horse,complete_pedigree_change_with_separated_chronology,True,
Diamond Tipp (IRE),Diamond Boy (FR),"('parsed_suffix', 'Sound Out', 'IRE')",Great Palm,1,1,2024-07-05,2024-07-05,4,4,1,F,Sound Out (IRE),parenthesized,Cork (IRE),1,2,,True,Diamond Boy (FR),"('parsed_suffix', 'Soundout', 'IRE')",Oscar,2024-08-18,4.0,False,True,True,2,44,Unresolved,pending_official_confirmation,,NB19-ID-0011
Diligent (FR),Kapgarde (FR),"('parsed_suffix', 'Rapide', 'FR')",Assessor,33,33,2017-06-05,2023-04-03,4,10,2,C | G,Rapide (FR),parenthesized,Auteuil (FR) | Newton Abbot | Fontwell | Taunton | Plumpton | Worcester | Southwell | Chepstow | Newcastle | Fakenham | Perth | Exeter | Market Rasen | Wincanton | Ludlow,1,2,,True,Kapgarde (FR),"('parsed_suffix', 'Rapide I', 'FR')",Assessor,2023-05-31,10.0,False,True,False,1,58,Corrected,bounded_continuity_or_source_correction,False,
Direct Approach (IRE),Tel Quel (FR),"('parsed_suffix', 'Miss Telimar', 'IRE')",Montelimar,5,5,2015-01-29,2015-03-24,11,11,1,G,Miss Telimar (IRE),parenthesized,Wolverhampton (AW) | Uttoxeter | Doncaster | Hexham,1,2,,True,No Nay Never (USA),"('parsed_suffix', 'Asteya', 'IRE')",Tiger Hill,2025-08-23,3.0,True,True,True,3,3805,Different horse,complete_pedigree_change_with_separated_chronology,True,
Disclosure (GB),Indesatchel (IRE),"('parsed_suffix', 'Gemini Gold', 'IRE')",Kings Best,32,32,2015-01-19,2017-06-02,4,6,1,G,Gemini Gold (IRE),parenthesized,Wolverhampton (AW) | Pontefract | Thirsk | Beverley | Wetherby | Doncaster | Redcar | Newcastle (AW) | Leicester | Catterick | Lingfield (AW) | Chelmsford (AW),1,2,,True,Advertise (GB),"('parsed_suffix', 'Handana', 'IRE')",Desert Style,2023-11-10,2.0,True,True,True,3,2352,Different horse,complete_pedigree_change_with_separated_chronology,True,
Dornoch (USA),Mizzen Mast (USA),"('parsed_suffix', 'Gainful', 'USA')",Gone West,5,5,2015-05-02,2016-02-11,4,5,2,C | G,Gainful (USA),parenthesized,Goodwood | Newcastle | Haydock | Meydan (UAE),1,2,,True,Good Magic (USA),"('parsed_suffix', 'Puca', 'USA')",Big Brown,2023-12-02,2.0,True,True,True,3,2851,Different horse,complete_pedigree_change_with_separated_chronology,True,
Draco (FR),Martaline (GB),"('parsed_suffix', 'Partoutatou', 'FR')",Ungaro,1,1,2018-09-06,2018-09-06,5,5,1,G,Partoutatou (FR),parenthesized,Auteuil (FR),1,2,,True,City Light (FR),"('parsed_suffix', 'Dutch Wonder', 'IRE')",Dutch Art,2025-05-15,4.0,True,True,True,3,2443,Different horse,complete_pedigree_change_with_separated_chronology,True,
Drifter (IRE),Footstepsinthesand (GB),"('parsed_suffix', 'Bright Bank', 'IRE')",Sadlers Wells,8,8,2015-04-02,2015-10-20,4,4,1,G,Bright Bank (IRE),parenthesized,Taunton | Kempton | Worcester | Bangor-on-Dee | Perth | Sedgefield | Exeter,1,2,,True,Soldiers Call (GB),"('parsed_suffix', 'Rachel Wall', 'IRE')",Kodiac,2024-04-20,2.0,True,True,True,3,3105,Different horse,complete_pedigree_change_with_separated_chronology,True,
Dubai Hills (GB),Dubai Destination (USA),"('parsed_suffix', 'Hill Welcome', 'GB')",Most Welcome,14,14,2015-03-25,2016-03-08,9,10,1,G,Hill Welcome GB,bare,Southwell (AW) | Redcar | Pontefract | Ayr | Carlisle | Thirsk | Wolverhampton (AW),1,2,,True,Adaay (IRE),"('parsed_suffix', 'Israfel', 'GB')",Dark Angel,2023-04-11,2.0,True,True,True,3,2590,Different horse,complete_pedigree_change_with_separated_chronology,True,
Duffys All Set (IRE),Royal Anthem (USA),"('parsed_suffix', 'Duffys Lamb', 'IRE')",Saddlers Hall,9,9,2015-04-12,2016-07-04,6,7,1,G,Duffys Lamb (IRE),parenthesized,Tramore (IRE) | Kilbeggan (IRE) | Clonmel (IRE) | Wexford (IRE) | Curragh (IRE) | Leopardstown (IRE) | Ballinrobe (IRE) | Roscommon (IRE),1,2,,True,Lucky Speed (IRE),"('parsed_suffix', 'Duffys Sprite', 'IRE')",Flemensfirth,2024-08-06,5.0,True,True,True,3,2955,Different horse,complete_pedigree_change_with_separated_chronology,True,
Dukes County (IRE),Coroner (IRE),"('parsed_suffix', 'Lady Monarch', 'IRE')",Tirol,3,3,2016-05-26,2016-06-15,5,5,1,G,Lady Monarch (IRE),parenthesized,Tipperary (IRE) | Ballinrobe (IRE) | Wexford (IRE),1,2,,True,Westerner (GB),"('parsed_suffix', 'Maggie Andy', 'IRE')",Flemensfirth,2025-03-17,7.0,True,True,True,3,3197,Different horse,complete_pedigree_change_with_separated_chronology,True,
Early Bird (IRE),Exceed And Excel (AUS),"('parsed_suffix', 'Crossmolina', 'IRE')",Halling,8,8,2015-06-16,2016-06-11,2,3,1,F,Crossmolina (IRE),parenthesized,Thirsk | Catterick | Carlisle | Musselburgh | Ripon | Leicester,1,2,,True,Shirocco (GER),"('parsed_suffix', 'Lady Bernie', 'IRE')",Supreme Leader,2024-12-26,5.0,True,True,True,3,3120,Different horse,complete_pedigree_change_with_separated_chronology,True,
Earthquake (FR),Irish Wells (FR),"('parsed_suffix', 'Elouera', 'IRE')",Loup Solitaire,3,3,2017-05-12,2017-06-27,3,3,1,G,Elouera (IRE),parenthesized,Auteuil (FR),1,2,,True,Zelzal (FR),"('parsed_suffix', 'Zagora', 'FR')",Green Tune,2026-03-19,3.0,True,True,True,3,3187,Different horse,complete_pedigree_change_with_separated_chronology,True,
Educate (GB),Echo Of Light (GB),"('parsed_suffix', 'Pasithea', 'IRE')",Celtic Swing,17,17,2015-03-14,2016-12-17,6,7,1,G,Pasithea (IRE),parenthesized,Lingfield (AW) | Newmarket | Goodwood | Ascot | York | Doncaster | Leicester,1,2,,True,Sea The Stars (IRE),"('parsed_suffix', 'Wordless', 'IRE')",Rock Of Gibraltar,2023-12-07,2.0,True,True,True,3,2546,Different horse,complete_pedigree_change_with_separated_chronology,True,
En Chantant (FR),Noroit (GER),"('parsed_suffix', 'Une Majeste', 'FR')",Freedom Cry,2,2,2017-12-05,2018-01-06,3,4,1,G,Une Majeste (FR),parenthesized,Deauville (FR) | Chantilly (FR),1,2,,True,Marianafoot (FR),"('parsed_suffix', 'Miss Louna', 'FR')",Goken,2026-05-01,2.0,True,True,True,3,3037,Different horse,complete_pedigree_change_with_separated_chronology,True,
Evade (FR),Evasive (GB),"('parsed_suffix', 'My Fantasy', 'IRE')",Desert King,2,2,2018-10-11,2019-04-02,2,3,1,C,My Fantasy (IRE),parenthesized,Saint-Cloud (FR) | Maisons-Laffitte (FR),1,2,,True,Wootton Bassett (GB),"('parsed_suffix', 'Angel Falls', 'GB')",Kingmambo,2023-07-09,2.0,True,True,True,3,1559,Different horse,complete_pedigree_change_with_separated_chronology,True,
Executive Decision (IRE),Turgeon (USA),"('parsed_suffix', 'Thalie Eria', 'FR')",Mansonnien,2,2,2016-04-14,2016-05-06,8,8,1,G,Thalie Eria (FR),parenthesized,Limerick (IRE) | Downpatrick (IRE),1,2,,True,Ardad (IRE),"('parsed_suffix', 'Belle Travers', 'GB')",Bahamian Bounty,2022-07-22,2.0,True,True,True,3,2268,Different horse,complete_pedigree_change_with_separated_chronology,True,
Falak (IRE),Teofilo (IRE),"('parsed_suffix', 'Family', 'USA')",Danzig,42,42,2016-06-13,2024-04-24,3,11,2,C | G,Family (USA),parenthesized,Windsor | Wolverhampton (AW) | Chelmsford (AW) | Yarmouth | Nottingham | Down Royal (IRE) | Fairyhouse (IRE) | Limerick (IRE) | Galway (IRE) | Kilbeggan (IRE) | Carlisle | Kelso | Gowran Park (IRE) | Punchestown (IRE) | Leopardstown (IRE) | Ballinrobe (IRE) | Stratford | Curragh (IRE) | Bellewstown (IRE) | Thurles (IRE) | Dundalk (AW) (IRE) | Perth | Navan (IRE),1,2,,True,Teofilo (IRE),"('parsed_suffix', 'Family I', 'USA')",Danzig,2024-08-23,11.0,False,True,False,1,121,Corrected,bounded_continuity_or_source_correction,False,
Falcon (FR),Falco (USA),"('parsed_suffix', 'Schlague', 'FR')",Pulpit,2,2,2016-04-06,2017-04-18,4,5,1,G,Schlague (FR),parenthesized,Chantilly (FR) | Maisons-Laffitte (FR),1,2,,True,Seahenge (USA),"('parsed_suffix', 'River Trebor', 'USA')",Myrakalu,2024-04-25,4.0,True,True,True,3,2564,Different horse,complete_pedigree_change_with_separated_chronology,True,
Fan Zone (FR),Zizany (IRE),"('parsed_suffix', 'Queens Garden', 'USA')",Kingmambo,11,11,2018-11-22,2022-05-06,2,6,2,F | M,Queens Garden (USA),parenthesized,Angers (FR) | Saint-Cloud (FR) | Longchamp (FR) | Chantilly (FR) | Nort-Sur-Erdre (FR) | Deauville (FR),1,2,,True,Zizany (IRE),"('parsed_suffix', 'Queens Garden I', 'USA')",Kingmambo,2023-09-08,7.0,False,True,False,1,490,Corrected,bounded_continuity_or_source_correction,False,
Fanfaron (FR),Falco (USA),"('parsed_suffix', 'Farwana', 'FR')",Sinndar,8,8,2015-04-21,2018-07-05,2,5,1,G,Farwana (FR),parenthesized,Maisons-Laffitte (FR) | Longchamp (FR) | Baden-Baden (GER) | Saint-Cloud (FR),1,2,,True,Nirvana Du Berlais (FR),"('parsed_suffix', 'Fildelie', 'FR')",Hannouma,2025-09-13,3.0,True,True,True,3,2627,Different horse,complete_pedigree_change_with_separated_chronology,True,
Felix Felicis (FR),Affinisea (IRE),"('parsed_suffix', 'Just Eile', 'IRE')",Presenting,3,3,2024-10-04,2024-12-30,4,4,1,G,Just Eile (IRE),parenthesized,Saint-Cloud (FR) | Chantilly (FR),1,2,,True,Olympic Glory (IRE),"('parsed_suffix', 'Sorina', 'FR')",Le Havre,2025-01-17,5.0,True,True,True,3,18,Corrected,bounded_continuity_or_source_correction,False,NB19-ID-0002
Fight For You (IRE),Antonius Pius (USA),"('parsed_suffix', 'Amiela', 'FR')",Mujtahid,3,3,2015-02-15,2015-03-24,8,8,1,G,Amiela (FR),parenthesized,Market Rasen | Southwell,1,2,,True,Saxon Warrior (JPN),"('parsed_suffix', 'Fallen For You', 'GB')",Dansili,2024-05-20,3.0,True,True,True,3,3345,Different horse,complete_pedigree_change_with_separated_chronology,True,
Fighting Poet (IRE),The Gurkha (IRE),"('parsed_suffix', 'Inkling', 'USA')",Seeking The Gold,31,31,2021-11-20,2025-08-19,3,7,1,G,Inkling (USA),parenthesized,Huntingdon | Kempton (AW) | Salisbury | Windsor | Lingfield (AW) | Southwell (AW) | Wolverhampton (AW) | Epsom | Brighton | Chepstow,1,2,,True,The Gurkha (IRE),"('parsed_suffix', 'Inkling I', 'USA')",Seeking The Gold,2025-09-15,7.0,False,True,False,1,27,Corrected,bounded_continuity_or_source_correction,False,
Fireball (AUS),Beautiful Crown (USA),"('parsed_suffix', 'Hotspurs', 'AUS')",Flying Spur,1,1,2015-04-29,2015-04-29,6,6,1,G,Hotspurs (AUS),parenthesized,Canterbury Park (AUS),1,2,,True,Snitzel (AUS),"('parsed_suffix', 'Advance Party', 'AUS')",Charge Forward,2026-02-07,2.0,True,True,True,3,3937,Different horse,complete_pedigree_change_with_separated_chronology,True,
First Approach (IRE),Robin Des Champs (FR),"('parsed_suffix', 'Manhattan Babe', 'IRE')",Definite Article,14,14,2017-10-10,2020-02-16,4,7,1,G,Manhattan Babe (IRE),parenthesized,Galway (IRE) | Down Royal (IRE) | Punchestown (IRE) | Tipperary (IRE) | Cork (IRE) | Navan (IRE) | Naas (IRE) | Thurles (IRE) | Leopardstown (IRE) | Cheltenham,1,2,,True,No Nay Never (USA),"('parsed_suffix', 'Alphabet', 'GB')",Lawman,2025-04-11,2.0,True,True,True,3,1881,Different horse,complete_pedigree_change_with_separated_chronology,True,
Flamme Rouge (FR),Masterstroke (USA),"('parsed_suffix', 'Fidelety', 'FR')",Villez,7,7,2021-09-30,2022-11-30,4,5,2,F | M,Fidelety (FR),parenthesized,Auteuil (FR) | Compiegne (FR),1,2,,True,Sea The Stars (IRE),"('parsed_suffix', 'Anaita', 'GER')",Dubawi,2024-07-28,2.0,True,True,True,3,606,Different horse,complete_pedigree_change_with_separated_chronology,True,
Flight Control (IRE),Lahib (USA),"('parsed_suffix', 'Theredandthegreen', 'IRE')",Bob Back,3,3,2015-07-31,2015-10-26,10,10,1,G,Theredandthegreen (IRE),parenthesized,Bangor-on-Dee | Newton Abbot | Wexford (IRE),1,2,,True,Calyx (GB),"('parsed_suffix', 'Oh So Fine', 'IRE')",Galileo,2026-04-24,3.0,True,True,True,3,3833,Different horse,complete_pedigree_change_with_separated_chronology,True,
Focaccia (IRE),Milan (GB),"('parsed_suffix', 'Dantes Term', 'IRE')",Phardante,12,12,2016-02-24,2017-12-26,5,6,1,G,Dantes Term (IRE),parenthesized,Doncaster | Southwell | Warwick | Aintree | Kempton | Worcester | Uttoxeter | Market Rasen,1,2,,True,Kodiac (GB),"('parsed_suffix', 'Taste The Salt', 'IRE')",Born To Sea,2026-03-28,3.0,True,True,True,3,3014,Different horse,complete_pedigree_change_with_separated_chronology,True,
Follow Me (FR),Soldier Of Fortune (IRE),"('parsed_suffix', 'Airlight', 'IRE')",Trempolino,2,2,2018-06-20,2018-08-12,3,3,1,F,Airlight (IRE),parenthesized,Maisons-Laffitte (FR) | Deauville (FR),1,2,,True,Shalaa (IRE),"('parsed_suffix', 'Alamarie', 'FR')",Acclamation,2023-07-09,2.0,True,True,True,3,1792,Different horse,complete_pedigree_change_with_separated_chronology,True,
Forest King (AUS),Rubick (AUS),"('parsed_suffix', 'Lady Of War', 'AUS')",Charge Forward,1,1,2025-10-26,2025-10-26,3,3,1,G,Lady Of War (AUS),parenthesized,Sha Tin,1,2,,True,Tiger Of Malay (AUS),"('parsed_suffix', 'Tibrogargan Miss', 'AUS')",Monashee Mountain,2026-03-14,2.0,True,True,True,3,139,Different horse,complete_pedigree_change_with_separated_chronology,True,NB19-ID-0003
Fortune Hunter (IRE),Erewhon (USA),"('parsed_suffix', 'Expensive Evening', 'IRE')",Entrepreneur,2,2,2016-06-01,2016-06-18,5,5,1,G,Expensive Evening (IRE),parenthesized,Punchestown (IRE) | Gowran Park (IRE),1,2,,True,Soldier Of Fortune (IRE),"('parsed_suffix', 'Aventia', 'IRE')",Bob Back,2023-01-30,5.0,True,True,True,3,2417,Different horse,complete_pedigree_change_with_separated_chronology,True,
Found It (IRE),Heron Island (IRE),"('parsed_suffix', 'Iseefaith', 'IRE')",Perugino,2,2,2015-05-12,2015-05-29,8,8,1,M,Iseefaith (IRE),parenthesized,Limerick (IRE) | Down Royal (IRE),1,2,,True,Maxios (GB),"('parsed_suffix', 'Findaway', 'IRE')",Westerner,2026-05-02,5.0,True,True,True,3,3991,Different horse,complete_pedigree_change_with_separated_chronology,True,
Francisco (GB),Paco Boy (IRE),"('parsed_suffix', 'Blue Goddess', 'IRE')",Blues Traveller,17,17,2015-04-29,2018-06-14,3,6,2,C | G,Blue Goddess (IRE),parenthesized,Lingfield (AW) | Windsor | Goodwood | Newbury | Chelmsford (AW) | Ascot | Chepstow | Newmarket | Sandown | Salisbury,1,2,,True,Zoustar (AUS),"('parsed_suffix', 'Talampaya', 'USA')",Elusive Quality,2023-10-07,2.0,True,True,True,3,1941,Different horse,complete_pedigree_change_with_separated_chronology,True,
Free Spirit (FR),Spirit One (FR),"('parsed_suffix', 'Far Reaching', 'FR')",Bahhare,1,1,2015-10-22,2015-10-22,3,3,1,G,Far Reaching (FR),parenthesized,Auteuil (FR),1,2,,True,Muhtathir (GB),"('parsed_suffix', 'Musikaline', 'FR')",Martaline,2024-10-24,3.0,True,True,True,3,3290,Different horse,complete_pedigree_change_with_separated_chronology,True,
Full Power (IRE),Frankel (GB),"('parsed_suffix', 'Jakonda', 'USA')",Kingmambo,23,23,2019-10-01,2022-03-09,3,6,1,G,Jakonda (USA),parenthesized,Sha Tin (HK) | Happy Valley (HK),1,2,,True,No Nay Never (USA),"('parsed_suffix', 'Shamanova', 'IRE')",Danehill Dancer,2024-09-24,2.0,True,True,True,3,930,Different horse,complete_pedigree_change_with_separated_chronology,True,
Full Tilt (GB),Flying Legend (USA),"('parsed_suffix', 'Proper Posh', 'GB')",Rakaposhi King,3,3,2018-12-08,2019-01-18,5,6,1,G,Proper Posh GB,bare,Chepstow | Uttoxeter,1,2,,True,Ulysses (IRE),"('parsed_suffix', 'White Dress', 'IRE')",Pivotal,2024-07-17,2.0,True,True,True,3,2007,Different horse,complete_pedigree_change_with_separated_chronology,True,
GDay Aussie (GB),Aussie Rules (USA),"('parsed_suffix', 'Moi Aussi', 'USA')",Mt Livermore,52,52,2015-07-11,2025-09-21,2,12,2,C | G,Moi Aussi (USA),parenthesized,York | Doncaster | Thirsk | Musselburgh | Chelmsford (AW) | Southwell (AW) | Market Rasen | Perth | Wetherby | Sedgefield | Fakenham | Ayr | Bangor-on-Dee | Worcester | Stratford | Newton Abbot | Uttoxeter | Hereford | Southwell | Fontwell | Huntingdon | Ludlow | Plumpton,1,2,,True,Aussie Rules (USA),"('parsed_suffix', 'Moi Aussi', 'USA')",Mt. Livermore,2025-10-18,12.0,False,False,True,1,27,Corrected,bounded_continuity_or_source_correction,False,
Gallant Flame (IRE),Doyen (IRE),"('parsed_suffix', 'Angels Flame', 'IRE')",Un Desperado,3,3,2022-05-30,2022-07-30,6,6,1,G,Angels Flame (IRE),parenthesized,Ballinrobe (IRE) | Galway (IRE),1,2,,True,Doyen (IRE),"('parsed_suffix', 'Angels Flame I', 'IRE')",Un Desperado,2023-01-02,7.0,False,True,False,1,156,Corrected,bounded_continuity_or_source_correction,False,
Gambino (IRE),Red Clubs (IRE),"('parsed_suffix', 'Temptation Island', 'IRE')",Spectrum,18,18,2015-04-05,2017-08-31,5,7,1,G,Temptation Island (IRE),parenthesized,Musselburgh | Haydock | Ayr | Chester | Carlisle | Hamilton | Redcar | Beverley | Wolverhampton (AW),1,2,,True,Churchill (IRE),"('parsed_suffix', 'Little Kodi', 'IRE')",Kodiac,2025-04-02,4.0,True,True,True,3,2771,Different horse,complete_pedigree_change_with_separated_chronology,True,
Game Master (GB),Postponed (IRE),"('parsed_suffix', 'Sundrop', 'JPN')",Sunday Silence,5,5,2021-11-13,2022-08-10,2,3,1,G,Sundrop (JPN),parenthesized,Lingfield (AW) | Windsor | Catterick | Leicester | Yarmouth,1,2,,True,Postponed (IRE),"('parsed_suffix', 'Sundrop I', 'JPN')",Sunday Silence,2023-10-29,4.0,False,True,False,1,445,Corrected,bounded_continuity_or_source_correction,False,
Gemini DAx (FR),Gemix (FR),"('parsed_suffix', 'Dores Et Deja', 'FR')",Kingsalsa,10,10,2021-03-13,2024-05-02,5,8,1,G,Dores Et Deja (FR),parenthesized,Auteuil (FR) | Dieppe (FR),1,2,,True,Gemix (FR),"('parsed_suffix', 'Dores Et Deja I', 'FR')",Kingsalsa,2025-05-29,9.0,False,True,False,1,392,Corrected,bounded_continuity_or_source_correction,False,
General Grant (IRE),Invincible Army (IRE),"('parsed_suffix', 'Doctors Note', 'GB')",Pursuit Of Love,4,4,2025-04-02,2025-12-12,3,3,1,G,Doctors Note GB | Doctors Note (GB),bare | parenthesized,Gowran Park (IRE) | Navan (IRE) | Punchestown | Dundalk (AW),1,2,,True,Invincible Army (IRE),"('parsed_suffix', 'Doctors Note', 'GB')",Pursuit Of Love I,2026-01-13,4.0,False,False,True,1,32,Corrected,bounded_continuity_or_source_correction,False,
Gentle George (GB),Roi De Rome (USA),"('parsed_suffix', 'Madams Walk', 'GB')",Ardross,3,3,2015-02-24,2015-03-20,12,12,1,G,Madams Walk GB,bare,Leicester | Chepstow | Sedgefield,1,2,,True,Sergei Prokofiev (CAN),"('parsed_suffix', 'Mops Angel', 'GB')",Piccolo,2025-06-30,2.0,True,True,True,3,3755,Different horse,complete_pedigree_change_with_separated_chronology,True,
Ghostwriter (IRE),High Chaparral (IRE),"('parsed_suffix', 'Diara Angel', 'IRE')",Hawk Wing,3,3,2015-11-17,2016-01-03,2,3,1,C,Diara Angel (IRE),parenthesized,Lingfield (AW) | Kempton (AW) | Chelmsford (AW),1,2,,True,Invincible Spirit (IRE),"('parsed_suffix', 'Moorside', 'GB')",Champs Elysees,2023-08-11,2.0,True,True,True,3,2777,Different horse,complete_pedigree_change_with_separated_chronology,True,
Gibraltar (FR),Kings Best (USA),"('parsed_suffix', 'Lady Bering', 'GB')",Bering,10,10,2015-02-13,2016-10-07,4,5,2,F | M,Lady Bering GB,bare,Chantilly (FR) | Longchamp (FR) | Maisons-Laffitte (FR) | Deauville (FR) | Saint-Cloud (FR),1,2,,True,Le Havre (IRE),"('parsed_suffix', 'Niedziela', 'IRE')",Henrythenavigator,2024-04-07,3.0,True,True,True,3,2739,Different horse,complete_pedigree_change_with_separated_chronology,True,
Golden Bullet (GB),New Approach (IRE),"('parsed_suffix', 'Gleam Of Light', 'IRE')",Danehill,2,2,2015-06-25,2015-07-15,3,3,1,C,Gleam Of Light (IRE),parenthesized,Nottingham | Lingfield,1,2,,True,No Nay Never (USA),"('parsed_suffix', 'Shaden', 'IRE')",Kodiac,2022-08-19,2.0,True,True,True,3,2592,Different horse,complete_pedigree_change_with_separated_chronology,True,
Grand Sonata (USA),Medaglia dOro (USA),"('parsed_suffix', 'A P Sonata', 'USA')",A P Indy,22,22,2022-01-01,2025-10-10,3,6,2,C | H,A P Sonata (USA),parenthesized,Gulfstream Park (USA) | Keeneland (USA) | Belmont Park (USA) | Saratoga (USA) | Kentucky Downs (USA) | Churchill Downs (USA) | Monmouth Park (USA) | Del Mar (USA) | Colonial Downs (USA),1,2,,True,Medaglia dOro (USA),"('parsed_suffix', 'A. P. Sonata', 'USA')",A.P. Indy,2026-02-28,7.0,False,True,True,2,141,Corrected,bounded_continuity_or_source_correction,False,
Grandioso (IRE),Westerner (GB),"('parsed_suffix', 'Champagne Warrior', 'IRE')",Waajib,12,12,2016-03-03,2018-03-22,9,11,1,G,Champagne Warrior (IRE),parenthesized,Ludlow | Kempton | Cheltenham | Southwell | Fontwell | Taunton | Hereford | Stratford | Leicester,1,2,,True,Ol Man River (IRE),"('parsed_suffix', 'Grand Diem', 'IRE')",Trans Island,2025-02-09,5.0,True,True,True,3,2516,Different horse,complete_pedigree_change_with_separated_chronology,True,
Guided By You (IRE),Getaway (GER),"('parsed_suffix', 'Black Ouzel', 'IRE')",Taipan,15,15,2017-11-19,2019-11-26,4,6,1,G,Black Ouzel (IRE),parenthesized,Punchestown (IRE) | Cork (IRE) | Down Royal (IRE) | Wexford (IRE) | Limerick (IRE) | Galway (IRE) | Fairyhouse (IRE) | Downpatrick (IRE),1,2,,True,Highland Reel (IRE),"('parsed_suffix', 'Speckled Wood', 'IRE')",High Chaparral,2025-05-14,4.0,True,True,True,3,1996,Different horse,complete_pedigree_change_with_separated_chronology,True,
Guns Loaded (USA),DWildcat (USA),"('parsed_suffix', 'One In The Chamber', 'USA')",Red Bullet,5,5,2016-04-02,2017-09-30,5,6,1,G,One In The Chamber (USA),parenthesized,Santa Anita (USA) | Churchill Downs (USA) | Belmont Park (USA),1,2,,True,Gun Runner (USA),"('parsed_suffix', 'Sky My Sky', 'USA')",Bernardini,2025-01-04,3.0,True,True,True,3,2653,Different horse,complete_pedigree_change_with_separated_chronology,True,
Hamilton (FR),Johnny Barnes (IRE),"('parsed_suffix', 'Salamanque', 'FR')",Medicean,11,11,2023-12-16,2025-09-19,3,5,1,G,Salamanque (FR),parenthesized,Deauville (FR) | Chantilly (FR) | Saint-Cloud (FR),1,2,,True,Johnny Barnes (IRE),"('parsed_suffix', 'Salamanque I', 'FR')",Medicean,2025-10-16,5.0,False,True,False,1,27,Corrected,bounded_continuity_or_source_correction,False,
Hangry (IRE),Galileo (FR),"('parsed_suffix', 'Magic Tree', 'UAE')",Timber Country,4,4,2022-09-23,2023-05-01,2,3,1,C,Magic Tree (UAE),parenthesized,Saint-Cloud (FR) | Chantilly (FR),1,2,,True,Galileo (IRE),"('parsed_suffix', 'Magic Tree', 'UAE')",Timber Country,2024-01-16,4.0,True,False,False,1,260,Corrected,bounded_continuity_or_source_correction,False,NB19-ID-0008
Hanohano (JPN),Admire Cozzene (JPN),"('parsed_suffix', 'Prominent Cut', 'JPN')",Tony Bin,2,2,2015-02-08,2015-03-01,7,7,1,H,Prominent Cut (JPN),parenthesized,Tokyo (JPN) | Hanshin (JPN),1,2,,True,Maurice (JPN),"('parsed_suffix', 'Erimo Haruka', 'JPN')",Narita Top Road,2026-04-11,3.0,True,True,True,3,4059,Different horse,complete_pedigree_change_with_separated_chronology,True,
Hard Rock (FR),Slickly (FR),"('parsed_suffix', 'Halesia', 'GB')",One Cool Cat,5,5,2019-05-27,2021-08-03,2,4,1,G,Halesia GB,bare,Saint-Cloud (FR) | Deauville (FR) | Chantilly (FR),1,2,,True,Nathaniel (IRE),"('parsed_suffix', 'Tencaratrubieslace', 'FR')",Siyouni,2024-07-02,3.0,True,True,True,3,1064,Different horse,complete_pedigree_change_with_separated_chronology,True,
Heart Of Honor (GB),Honor A P (USA),"('parsed_suffix', 'Ruby Love', 'CHI')",Scat Daddy,8,8,2024-10-21,2025-06-08,2,3,1,C,Ruby Love (CHI),parenthesized,Southwell (AW) | Meydan (UAE) | Pimlico (USA) | Saratoga (USA),1,2,,True,Honor A. P. (USA),"('parsed_suffix', 'Ruby Love', 'CHI')",Scat Daddy,2025-11-21,3.0,True,False,False,1,166,Corrected,bounded_continuity_or_source_correction,False,
Hellavapace (GB),Hellvelyn (GB),"('parsed_suffix', 'Hasten', 'USA')",Lear Fan,44,44,2020-08-13,2024-03-02,2,6,2,F | M,Hasten (USA),parenthesized,Salisbury | Lingfield | Kempton (AW) | Leicester | Brighton | Chepstow | Bath | Lingfield (AW) | Wolverhampton (AW) | Nottingham | Chelmsford (AW) | Windsor,1,2,,True,Hellvelyn (GB),"('parsed_suffix', 'Hasten I', 'USA')",Lear Fan,2024-08-05,6.0,False,True,False,1,156,Corrected,bounded_continuity_or_source_correction,False,
Hen Party (IRE),Arakan (USA),"('parsed_suffix', 'Wedding Day', 'GB')",With Approval,3,3,2017-11-24,2018-01-12,2,3,1,F,Wedding Day GB,bare,Dundalk (AW) (IRE),1,2,,True,Mehmas (IRE),"('parsed_suffix', 'Marsh Daisy', 'GB')",Pivotal,2025-09-27,2.0,True,True,True,3,2815,Different horse,complete_pedigree_change_with_separated_chronology,True,
Hera (FR),Motivator (GB),"('parsed_suffix', 'Dalna', 'FR')",Anabaa,2,2,2017-12-14,2018-02-01,3,4,1,F,Dalna (FR),parenthesized,Deauville (FR) | Chantilly (FR),1,2,,True,Shalaa (IRE),"('parsed_suffix', 'Lemon Twist', 'IRE')",Marju,2024-03-18,3.0,True,True,True,3,2237,Different horse,complete_pedigree_change_with_separated_chronology,True,
Herbert (NZ),Warning Flag (USA),"('parsed_suffix', 'Ze One', 'AUS')",All American,1,1,2023-11-11,2023-11-11,3,3,1,G,Ze One (AUS),parenthesized,Riccarton Park (NZ),1,2,,True,Sweet Orange (USA),"('parsed_suffix', 'Ze One', 'AUS')",All American,2025-09-06,5.0,True,False,False,1,665,Corrected,bounded_continuity_or_source_correction,False,NB19-HORSE-0003
Hernan Cortes (FR),Almanzor (FR),"('parsed_suffix', 'Rapid Transaction', 'USA')",A P Indy,19,19,2022-05-30,2025-04-24,2,5,2,C | G,Rapid Transaction (USA),parenthesized,Ayr | Newcastle (AW) | Haydock | Nottingham | Longchamp (FR) | Chantilly (FR) | Deauville (FR),1,2,,True,Almanzor (FR),"('parsed_suffix', 'Rapid Transaction', 'USA')",A.P. Indy,2025-12-12,5.0,False,False,True,1,232,Corrected,bounded_continuity_or_source_correction,False,
Heros DAinay (FR),Sholokhov (IRE),"('parsed_suffix', 'Etoile DAinay', 'FR')",Dom Alco,7,7,2020-10-18,2025-05-08,3,8,1,G,Etoile DAinay (FR),parenthesized,Auteuil (FR),1,2,,True,Sholokhov (IRE),"('parsed_suffix', 'Etoile dAinay', 'FR')",Dom Alco,2025-09-23,8.0,False,True,False,1,138,Corrected,bounded_continuity_or_source_correction,False,
High Game Royal (FR),Martaline (GB),"('parsed_suffix', 'Jouable', 'FR')",Garde Royale,5,5,2022-11-02,2023-04-10,5,6,1,G,Jouable (FR),parenthesized,Chepstow | Lingfield | Taunton,1,2,,True,Martaline (GB),"('parsed_suffix', 'Jouable I', 'FR')",Garde Royale,2023-11-07,6.0,False,True,False,1,211,Corrected,bounded_continuity_or_source_correction,False,
Hipop Des Ongrais (FR),Ut*voiladenuo (FR),"('parsed_suffix', 'Pretty Des Ongrais', 'FR')",Baroud DHonneur,5,5,2021-11-05,2022-02-27,4,5,1,G,Pretty Des Ongrais (FR),parenthesized,Fontwell | Warwick | Newbury | Uttoxeter | Hereford,1,2,,True,Voiladenuo (FR),"('parsed_suffix', 'Pretty Des Ongrais', 'FR')",Baroud DHonneur,2022-11-08,5.0,True,False,False,1,254,Corrected,bounded_continuity_or_source_correction,False,
His Majesty (IRE),Shamardal (USA),"('parsed_suffix', 'Princess Serena', 'USA')",Unbridleds Song,2,2,2016-09-16,2017-02-13,6,7,1,G,Princess Serena (USA),parenthesized,Newcastle (AUS) | Randwick (AUS),1,2,,True,No Nay Never (USA),"('parsed_suffix', 'Czabo', 'GB')",Sixties Icon,2023-05-01,2.0,True,True,True,3,2268,Different horse,complete_pedigree_change_with_separated_chronology,True,
Hobart (IRE),Galileo (IRE),"('parsed_suffix', 'Mythical Echo', 'USA')",Stravinsky,3,3,2015-04-25,2015-07-12,3,3,1,C,Mythical Echo (USA),parenthesized,Limerick (IRE) | Killarney (IRE) | Dundalk (AW) (IRE),1,2,,True,Vadamos (FR),"('parsed_suffix', 'Starry Messenger', 'GB')",Galileo,2024-04-27,3.0,True,True,True,3,3212,Different horse,complete_pedigree_change_with_separated_chronology,True,
Hurricane (FR),Vale Of York (IRE),"('parsed_suffix', 'Resplendence', 'USA')",Elusive Quality,2,2,2023-12-15,2024-01-19,4,5,1,G,Resplendence (USA),parenthesized,Deauville (FR),1,2,,True,Vale Of York (IRE),"('parsed_suffix', 'Resplendence I', 'USA')",Elusive Quality,2026-04-23,7.0,False,True,False,1,825,Corrected,bounded_continuity_or_source_correction,False,
Hutton (IRE),Lawman (FR),"('parsed_suffix', 'Moynsha Lady', 'IRE')",Namid,5,5,2015-11-28,2016-04-11,2,3,1,G,Moynsha Lady (IRE),parenthesized,Wolverhampton (AW) | Chelmsford (AW) | Southwell (AW) | Redcar,1,2,,True,Australia (GB),"('parsed_suffix', 'So Long Marianne', 'IRE')",Acclamation,2023-09-23,3.0,True,True,True,3,2721,Different horse,complete_pedigree_change_with_separated_chronology,True,
I Know I Can (GB),Roderic OConnor (IRE),"('parsed_suffix', 'Salsa Brava', 'IRE')",Almutawakel,11,11,2020-08-15,2022-01-21,3,5,1,G,Salsa Brava (IRE),parenthesized,Dundalk (AW) (IRE) | Killarney (IRE) | Sligo (IRE) | Listowel (IRE),1,2,,True,Roderic OConnor (IRE),"('parsed_suffix', 'Salsa Brava', 'IRE')",Almutawakel I,2022-06-06,5.0,False,False,True,1,136,Corrected,bounded_continuity_or_source_correction,False,
Iconic Moment (IRE),Kalanisi (IRE),"('parsed_suffix', 'La Luna', 'IRE')",Gothland,1,1,2016-12-26,2016-12-26,6,6,1,G,La Luna (IRE),parenthesized,Down Royal (IRE),1,2,,True,Harry Angel (IRE),"('parsed_suffix', 'Purplest', 'GB')",Iffraaj,2022-10-22,2.0,True,True,True,3,2126,Different horse,complete_pedigree_change_with_separated_chronology,True,
Imac Wood (FR),Karaktar (IRE),"('parsed_suffix', 'Carrieriste', 'FR')",Laveron,19,19,2022-03-08,2024-12-03,4,6,1,G,Carrieriste (FR),parenthesized,Compiegne (FR) | Leicester | Hereford | Bangor-on-Dee | Newbury | Uttoxeter | Worcester | Doncaster | Fakenham | Market Rasen | Warwick | Southwell,1,2,,True,Karaktar (IRE),"('parsed_suffix', 'Carrieriste I', 'FR')",Laveron,2025-07-01,7.0,False,True,False,1,210,Corrected,bounded_continuity_or_source_correction,False,
In The City (GB),Exceed And Excel (AUS),"('parsed_suffix', 'Soft Morning', 'GB')",Pivotal,4,4,2015-08-07,2016-09-03,2,3,1,C,Soft Morning GB,bare,Newmarket (July) | Thirsk,1,2,,True,Showcasing (GB),"('parsed_suffix', 'Enchanted Linda', 'GB')",Charm Spirit,2024-09-05,2.0,True,True,True,3,2924,Different horse,complete_pedigree_change_with_separated_chronology,True,
Inca (FR),Coastal Path (GB),"('parsed_suffix', 'Nota Bene', 'FR')",Video Rock,2,2,2024-05-10,2024-05-27,6,6,1,G,Nota Bene (FR),parenthesized,Market Rasen | Huntingdon,1,2,,True,Coastal Path (GB),"('parsed_suffix', 'Nota Bene I', 'FR')",Video Rock,2026-01-16,8.0,False,True,False,1,599,Corrected,bounded_continuity_or_source_correction,False,
Incredible (FR),Orpen (USA),"('parsed_suffix', 'Leni Riefenstahl', 'IRE')",Mull Of Kintyre,19,19,2018-04-17,2022-05-25,3,7,1,G,Leni Riefenstahl (IRE),parenthesized,Maisons-Laffitte (FR) | Sha Tin (HK) | Happy Valley (HK),1,2,,True,Seahenge (USA),"('parsed_suffix', 'Indecise', 'FR')",Dabirsim,2026-03-24,2.0,True,True,True,3,1399,Different horse,complete_pedigree_change_with_separated_chronology,True,
Inner Peace (IRE),Papal Bull (GB),"('parsed_suffix', 'Nakiska', 'GB')",Darshaan,1,1,2017-09-21,2017-09-21,4,4,1,G,Nakiska GB,bare,Ballinrobe (IRE),1,2,,True,Dubawi (IRE),"('parsed_suffix', 'Peace In Motion', 'USA')",Hat Trick,2024-04-13,3.0,True,True,True,3,2396,Different horse,complete_pedigree_change_with_separated_chronology,True,
Instant Replay (USA),Lemon Drop Kid (USA),"('parsed_suffix', 'Run Kate Run', 'USA')",Cherokee Run,2,2,2015-04-12,2015-06-21,3,3,1,C,Run Kate Run (USA),parenthesized,Keeneland (USA) | Monmouth Park (USA),1,2,,True,Maximum Security (USA),"('parsed_suffix', 'Academy Gal', 'USA')",Medaglia dOro,2025-03-22,3.0,True,True,True,3,3562,Different horse,complete_pedigree_change_with_separated_chronology,True,
Iron Dome (USA),Silver Tree (USA),"('parsed_suffix', 'Final Assault', 'USA')",Evening Kris,1,1,2015-11-21,2015-11-21,2,2,1,C,Final Assault (USA),parenthesized,Delta downs (USA),1,2,,True,Into Mischief (USA),"('parsed_suffix', 'Speightful Affair', 'CAN')",Speightstown,2025-09-29,3.0,True,True,True,3,3600,Different horse,complete_pedigree_change_with_separated_chronology,True,
Iron Wings (FR),Lord Du Sud (FR),"('parsed_suffix', 'Vive La Reine', 'FR')",Mister Sacha,3,3,2021-11-09,2022-03-03,3,4,1,G,Vive La Reine (FR),parenthesized,Huntingdon | Exeter | Taunton,1,2,,True,Lord Du Sud (FR),"('parsed_suffix', 'Vive La Reine I', 'FR')",Mister Sacha,2024-01-01,6.0,False,True,False,1,669,Corrected,bounded_continuity_or_source_correction,False,
Its In The Rain (FR),Slickly (FR),"('parsed_suffix', 'Try The Air', 'IRE')",Foxhound,9,9,2015-04-29,2016-09-30,2,3,1,G,Try The Air (IRE),parenthesized,Bordeaux Le Bouscat (FR) | Marseille Borely (FR) | Ascot | Chantilly (FR) | Deauville (FR) | Saint-Cloud (FR),1,2,,True,Kapgarde (FR),"('parsed_suffix', 'Amarantine', 'FR')",Kings Best,2023-04-18,4.0,True,True,True,3,2391,Different horse,complete_pedigree_change_with_separated_chronology,True,
Jamal (FR),Dabirsim (FR),"('parsed_suffix', 'Ante Portas', 'GER')",American Post,2,2,2018-10-25,2019-04-12,2,3,1,C,Ante Portas (GER),parenthesized,Deauville (FR) | Saint-Cloud (FR),1,2,,True,Sottsass (FR),"('parsed_suffix', 'Layali', 'FR')",Rip Van Winkle,2026-01-22,4.0,True,True,True,3,2477,Different horse,complete_pedigree_change_with_separated_chronology,True,
Jimmy Chou Pecos AA (FR),Walk In The Park (IRE),"('parsed_suffix', 'Rose Chou', 'FR')",Mangarose,6,6,2023-03-04,2024-02-18,7,8,1,G,Rose Chou (FR),parenthesized,Navan (IRE) | Kelso | Hexham | Catterick | Gowran Park (IRE) | Punchestown (IRE),1,2,,True,Walk In The Park (IRE),"('parsed_suffix', 'Rose Chou', 'FR')",Ut*mangarose,2024-05-06,8.0,False,False,True,1,78,Corrected,bounded_continuity_or_source_correction,False,
Jimmy Chou Pecos Aa (FR),Walk In The Park (IRE),"('parsed_suffix', 'Rose Chou', 'FR')",Ut*mangarose,1,1,2022-03-12,2022-03-12,6,6,1,G,Rose Chou (FR),parenthesized,Navan (IRE),1,2,,True,Walk In The Park (IRE),"('parsed_suffix', 'Rose Chou', 'FR')",Mangarose,2022-12-26,6.0,False,False,True,1,289,Corrected,bounded_continuity_or_source_correction,False,
John Coffey (IRE),Acclamation (GB),"('parsed_suffix', 'Appleblossom Pearl', 'IRE')",Peintre Celebre,13,13,2015-01-16,2016-03-07,6,7,1,G,Appleblossom Pearl (IRE),parenthesized,Wolverhampton (AW) | Chelmsford (AW) | Newcastle | Musselburgh | Doncaster | Hamilton | Ayr,1,2,,True,Watar (IRE),"('parsed_suffix', 'Red Chili', 'IRE')",Scribano,2024-02-15,5.0,True,True,True,3,2901,Different horse,complete_pedigree_change_with_separated_chronology,True,
Jolly Boys Outing (IRE),Glacial Storm (USA),"('parsed_suffix', 'St Carol', 'IRE')",Orchestra,10,10,2015-01-29,2016-05-09,12,13,1,G,St Carol (IRE),parenthesized,Towcester,1,2,,True,Sans Frontieres (IRE),"('parsed_suffix', 'My Twist', 'IRE')",Flemensfirth,2025-06-01,6.0,True,True,True,3,3310,Different horse,complete_pedigree_change_with_separated_chronology,True,
Jolly Roger (IRE),Oratorio (IRE),"('parsed_suffix', 'Chalice Wells', 'GB')",Sadlers Wells,14,14,2015-02-18,2017-05-09,8,10,1,G,Chalice Wells GB,bare,Ludlow | Taunton | Exeter | Chepstow | Ffos Las | Cheltenham | Hereford | Uttoxeter | Lingfield (AW),1,2,,True,Dark Angel (IRE),"('parsed_suffix', 'Threading', 'IRE')",Exceed And Excel,2024-11-01,2.0,True,True,True,3,2733,Different horse,complete_pedigree_change_with_separated_chronology,True,
Kalhandrion (FR),Petillo (FR),"('parsed_suffix', 'Laurana I', 'FR')",Badolato,9,9,2024-04-13,2025-12-31,4,5,1,G,Laurana I (FR),parenthesized,Chepstow | Lingfield | Warwick | Cheltenham | Newbury | Wetherby | Huntingdon | Uttoxeter,1,2,,True,Petillo (FR),"('parsed_suffix', 'Laurana', 'FR')",Badolato,2026-01-23,6.0,False,True,False,1,23,Corrected,bounded_continuity_or_source_correction,False,
Kamala (FR),Ravens Pass (USA),"('parsed_suffix', 'Gloriana', 'FR')",Footstepsinthesand,6,6,2022-10-19,2023-03-11,3,4,1,F,Gloriana (FR),parenthesized,Deauville (FR),1,2,,True,Doctor Dino (FR),"('parsed_suffix', 'Kitkatie', 'FR')",Dansili,2026-05-04,3.0,True,True,True,3,1150,Different horse,complete_pedigree_change_with_separated_chronology,True,
Kana Tape (JPN),Lord Kanaloa (JPN),"('parsed_suffix', 'Ticker Tape', 'GB')",Royal Applause,4,4,2025-06-22,2025-11-16,6,6,1,M,Ticker Tape GB | Ticker Tape (GB),bare | parenthesized,Tokyo (JPN) | Niigata (JPN) | Kyoto,1,2,,True,Lord Kanaloa (JPN),"('parsed_suffix', 'Ticker TapeI', 'GB')",Royal Applause,2026-04-11,7.0,False,True,False,1,146,Corrected,bounded_continuity_or_source_correction,False,
Keep It Cool (IRE),Spinning World (USA),"('parsed_suffix', 'Sudden Stir', 'USA')",Woodman,2,2,2017-03-03,2017-03-18,13,13,1,G,Sudden Stir (USA),parenthesized,Dundalk (AW) (IRE) | Limerick (IRE),1,2,,True,Gamut (IRE),"('parsed_suffix', 'Kalanosa', 'IRE')",Kalanisi,2024-07-08,4.0,True,True,True,3,2669,Different horse,complete_pedigree_change_with_separated_chronology,True,
Kentucky Wood (FR),Balko (FR),"('parsed_suffix', 'Carrieriste', 'FR')",Laveron,13,13,2023-09-08,2025-04-15,3,5,1,G,Carrieriste (FR),parenthesized,Compiegne (FR) | Auteuil (FR),1,2,,True,Balko (FR),"('parsed_suffix', 'Carrieriste I', 'FR')",Laveron,2025-05-17,5.0,False,True,False,1,32,Corrected,bounded_continuity_or_source_correction,False,
Kestrel (IRE),Hawk Wing (USA),"('parsed_suffix', 'Carranduff', 'IRE')",Mukaddamah,4,4,2015-05-31,2017-04-17,7,9,1,G,Carranduff (IRE),parenthesized,Kilbeggan (IRE) | Tramore (IRE) | Cork (IRE),1,2,,True,Justify (USA),"('parsed_suffix', 'Credenza', 'IRE')",Galileo,2023-09-08,2.0,True,True,True,3,2335,Different horse,complete_pedigree_change_with_separated_chronology,True,
Keyboard (IRE),Luso (GB),"('parsed_suffix', 'Kon Tiky', 'FR')",Perrault,1,1,2016-02-03,2016-02-03,9,9,1,G,Kon Tiky (FR),parenthesized,Down Royal (IRE),1,2,,True,Teofilo (IRE),"('parsed_suffix', 'Pianota', 'USA')",Birdstone,2025-03-23,3.0,True,True,True,3,3336,Different horse,complete_pedigree_change_with_separated_chronology,True,
King Of The Throne (USA),Hard Spun (USA),"('parsed_suffix', 'You Make Luvin Fun', 'USA')",A P Indy,10,10,2019-08-30,2024-02-03,2,7,2,C | G,You Make Luvin Fun (USA),parenthesized,Curragh (IRE) | Leopardstown (IRE) | Newcastle (AW) | Dundalk (AW) (IRE) | Navan (IRE) | Sakhir (BHR) | Bahrain (BHR),1,2,,True,Hard Spun (USA),"('parsed_suffix', 'You Make Luvin Fun', 'USA')",A.P. Indy,2025-12-18,8.0,False,False,True,1,684,Corrected,bounded_continuity_or_source_correction,False,
Kingdom Of Alba (IRE),The Carbon Unit (USA),"('parsed_suffix', 'Crackling Rosie', 'IRE')",Dr Fong,5,5,2015-04-22,2015-08-27,3,3,2,C | G,Crackling Rosie (IRE),parenthesized,Epsom | Naas (IRE) | Ffos Las | Hamilton | Musselburgh,1,2,,True,Cotai Glory (GB),"('parsed_suffix', 'Alba Verde', 'GB')",Verglas,2025-09-06,3.0,True,True,True,3,3663,Different horse,complete_pedigree_change_with_separated_chronology,True,
Kings Crown (FR),Konig Shuffle (GER),"('parsed_suffix', 'Couture Fleurs', 'FR')",Zayyani,4,4,2015-01-30,2015-09-21,3,3,1,C,Couture Fleurs (FR),parenthesized,Chantilly (FR) | Saint-Cloud (FR),1,2,,True,Recorder (GB),"('parsed_suffix', 'Non Pareille', 'IRE')",Aqlaam,2022-09-19,2.0,True,True,True,3,2555,Different horse,complete_pedigree_change_with_separated_chronology,True,
Kokomo (GB),Shirocco (GER),"('parsed_suffix', 'Kohiba', 'IRE')",Rock Of Gibraltar,7,7,2016-02-11,2016-08-24,5,5,1,M,Kohiba (IRE),parenthesized,Huntingdon | Fakenham | Fontwell | Uttoxeter | Newton Abbot | Stratford,1,2,,True,Kodiac (GB),"('parsed_suffix', 'Betty The Thief', 'IRE')",Teofilo,2023-04-21,3.0,True,True,True,3,2431,Different horse,complete_pedigree_change_with_separated_chronology,True,
LAziza Des Places (FR),Alandi (IRE),"('parsed_suffix', 'Liliane Star', 'FR')",Anabaa Blue,6,6,2024-05-27,2025-09-13,3,4,1,F,Liliane Star (FR),parenthesized,Compiegne (FR) | Auteuil (FR),1,2,,True,Alanadi (FR),"('parsed_suffix', 'Liliane Star', 'FR')",Anabaa Blue,2025-10-29,4.0,True,False,False,1,46,Unresolved,pending_official_confirmation,,NB19-ID-0012
Lady V (IRE),Jeremy (USA),"('parsed_suffix', 'Daly', 'IRE')",Kings Best,5,5,2018-01-25,2019-03-26,4,5,2,F | M,Daly (IRE),parenthesized,Gowran Park (IRE) | Clonmel (IRE) | Down Royal (IRE) | Thurles (IRE),1,2,,True,Supremacy (IRE),"('parsed_suffix', 'Kadra', 'IRE')",Holy Roman Emperor,2025-10-20,2.0,True,True,True,3,2400,Different horse,complete_pedigree_change_with_separated_chronology,True,
Ladys Choice (IRE),Arakan (USA),"('parsed_suffix', 'Cotocachi', 'IRE')",Imperial Ballet,4,4,2016-07-20,2016-10-15,3,3,1,F,Cotocachi (IRE),parenthesized,Naas (IRE) | Roscommon (IRE) | Cork (IRE),1,2,,True,Affinisea (IRE),"('parsed_suffix', 'Hobsons Choice', 'IRE')",Milan,2025-04-10,4.0,True,True,True,3,3099,Different horse,complete_pedigree_change_with_separated_chronology,True,
Lafayette (FR),Kapgarde (FR),"('parsed_suffix', 'Las Ventas', 'FR')",Poliglote,3,3,2018-04-01,2021-10-16,4,7,1,G,Las Ventas (FR),parenthesized,Auteuil (FR),1,2,,True,Zarak (FR),"('parsed_suffix', 'LInvincible', 'FR')",Invincible Spirit,2023-12-26,2.0,True,True,True,3,801,Different horse,complete_pedigree_change_with_separated_chronology,True,
Landscape (FR),Lando (GER),"('parsed_suffix', 'Universelle', 'USA')",Miswaki,25,25,2015-01-24,2019-03-11,7,11,1,G,Universelle (USA),parenthesized,Cheltenham | Kempton | Haydock | Wincanton | Lingfield | Huntingdon | Uttoxeter | Fontwell | Plumpton | Sedgefield | Southwell (AW),1,2,,True,Goken (FR),"('parsed_suffix', 'Golconde', 'IRE')",Modigliani,2025-03-20,2.0,True,True,True,3,2201,Different horse,complete_pedigree_change_with_separated_chronology,True,
Le Boss (FR),Creachadoir (IRE),"('parsed_suffix', 'Narasimha', 'USA')",Nureyev,1,1,2017-05-31,2017-05-31,3,3,1,G,Narasimha (USA),parenthesized,Chantilly (FR),1,2,,True,Almanzor (FR),"('parsed_suffix', 'Interesting', 'IRE')",Ravens Pass,2023-03-07,3.0,True,True,True,3,2106,Different horse,complete_pedigree_change_with_separated_chronology,True,
Lens Legacy (IRE),Fruits Of Love (USA),"('parsed_suffix', 'Manucrin', 'GB')",Zafonic,1,1,2016-02-06,2016-02-06,4,4,1,G,Manucrin GB,bare,Wetherby,1,2,,True,Muhaarar (GB),"('parsed_suffix', 'Alexis Carrington', 'IRE')",Mastercraftsman,2022-12-27,2.0,True,True,True,3,2516,Different horse,complete_pedigree_change_with_separated_chronology,True,
Libeccio (FR),Shirocco (GER),"('parsed_suffix', 'Francais', 'GB')",Mark Of Esteem,9,9,2015-01-10,2016-05-08,4,5,1,G,Francais GB,bare,Kempton | Chepstow | Sandown | Newbury | Market Rasen | Fontwell | Exeter | Plumpton,1,2,,True,Kamsin (GER),"('parsed_suffix', 'High Destiny', 'FR')",High Yield,2022-09-13,3.0,True,True,True,3,2319,Different horse,complete_pedigree_change_with_separated_chronology,True,
Life And Times (USA),Medaglia dOro (USA),"('parsed_suffix', 'Sur Ma Vie', 'USA')",Fusaichi Pegasus,5,5,2016-02-13,2016-12-09,8,8,1,G,Sur Ma Vie (USA),parenthesized,Meydan (UAE) | Jebel Ali (UAE),1,2,,True,Justify (USA),"('parsed_suffix', 'Silky Serenade', 'USA')",Unbridleds Song,2026-01-24,5.0,True,True,True,3,3333,Different horse,complete_pedigree_change_with_separated_chronology,True,
Little Wren (GB),Iktibas (GB),"('parsed_suffix', 'Ouzel', 'IRE')",Mandalus,3,3,2015-03-04,2015-05-28,6,6,1,M,Ouzel (IRE),parenthesized,Catterick | Market Rasen | Wetherby,1,2,,True,Walk In The Park (IRE),"('parsed_suffix', 'Decision Made', 'IRE')",Westerner,2024-12-15,4.0,True,True,True,3,3489,Different horse,complete_pedigree_change_with_separated_chronology,True,
Loose Wire (CAN),Street Sense (USA),"('parsed_suffix', 'Dance With Doves', 'CAN')",A P Indy,2,2,2024-12-07,2025-09-20,4,5,2,C | H,Dance With Doves (CAN),parenthesized,Woodbine (CAN),1,2,,True,Street Sense (USA),"('parsed_suffix', 'Dance With Doves', 'CAN')",A.P. Indy,2025-11-08,5.0,False,False,True,1,49,Corrected,bounded_continuity_or_source_correction,False,
Lost Ark (USA),Violence (USA),"('parsed_suffix', 'Marion Ravenwood', 'USA')",A P Indy,4,4,2022-10-08,2023-11-11,2,3,1,C,Marion Ravenwood (USA),parenthesized,Keeneland (USA) | Saratoga (USA) | Aqueduct (USA),1,2,,True,Violence (USA),"('parsed_suffix', 'Marion Ravenwood', 'USA')",A.P. Indy,2025-11-08,5.0,False,False,True,1,728,Corrected,bounded_continuity_or_source_correction,False,
Louisiana (IRE),Galileo (IRE),"('parsed_suffix', 'Chintz', 'IRE')",Danehill Dancer,4,4,2019-08-14,2019-10-10,2,2,1,C,Chintz (IRE),parenthesized,Gowran Park (IRE) | Listowel (IRE) | Curragh (IRE) | Thurles (IRE),1,2,,True,King Of Change (GB),"('parsed_suffix', 'Mon Bijou', 'IRE')",Green Desert,2026-05-16,3.0,True,True,True,3,2410,Different horse,complete_pedigree_change_with_separated_chronology,True,
Lucid Dreams (IRE),Arcadio (GER),"('parsed_suffix', 'Dream On', 'DEN')",Final Appearance,20,20,2023-03-17,2024-03-31,8,9,1,G,Dream On (DEN),parenthesized,Fakenham | Ballinrobe (IRE) | Roscommon (IRE) | Galway (IRE) | Killarney (IRE) | Sligo (IRE) | Punchestown (IRE) | Cork (IRE) | Gowran Park (IRE) | Navan (IRE) | Limerick (IRE) | Fairyhouse (IRE) | Leopardstown (IRE) | Thurles (IRE),1,2,,True,Arcadio (GER),"('parsed_suffix', 'Dream On I', 'DEN')",Final Appearance,2024-09-25,9.0,False,True,False,1,178,Corrected,bounded_continuity_or_source_correction,False,
Lyneham (FR),Wootton Bassett (GB),"('parsed_suffix', 'Uklanie', 'FR')",Dalakhani,1,1,2018-09-15,2018-09-15,3,3,1,G,Uklanie (FR),parenthesized,Chantilly (FR),1,2,,True,Wootton Bassett (GB),"('parsed_suffix', 'Llanita', 'GB')",Rock Of Gibraltar,2025-10-14,2.0,False,True,True,2,2586,Different horse,material_partial_pedigree_change_with_separated_chronology,True,NB19-ID-0014
Machete Beach (GB),Territories (IRE),"('parsed_suffix', 'Serenada', 'FR')",Anabaa,5,5,2024-04-10,2025-05-11,3,4,1,G,Serenada (FR),parenthesized,Lingfield (AW) | Windsor | Kempton (AW) | Newcastle (AW) | Plumpton,1,2,,True,Territories (IRE),"('parsed_suffix', 'Serenada I', 'FR')",Anabaa,2026-05-05,5.0,False,True,False,1,359,Corrected,bounded_continuity_or_source_correction,False,
Macumba (FR),Planteur (IRE),"('parsed_suffix', 'Massaye', 'IRE')",Monsun,5,5,2019-11-05,2020-03-15,3,4,1,G,Massaye (IRE),parenthesized,Saint-Cloud (FR) | Chantilly (FR) | Compiegne (FR),1,2,,True,Time Test (GB),"('parsed_suffix', 'Mythic', 'FR')",Camelot,2025-06-15,2.0,True,True,True,3,1918,Different horse,complete_pedigree_change_with_separated_chronology,True,
Magda (FR),Poliglote (GB),"('parsed_suffix', 'Loralas', 'FR')",Kahyasi,1,1,2017-05-16,2017-05-16,4,4,1,F,Loralas (FR),parenthesized,Compiegne (FR),1,2,,True,Pinatubo (IRE),"('parsed_suffix', 'Mint Julep', 'FR')",Mastercraftsman,2026-05-07,3.0,True,True,True,3,3278,Different horse,complete_pedigree_change_with_separated_chronology,True,
Magnus (IRE),Makfi (GB),"('parsed_suffix', 'Royale Danehill', 'IRE')",Danehill,9,9,2017-04-29,2017-09-15,2,2,1,C,Royale Danehill (IRE),parenthesized,Ripon | Redcar | Wetherby | Ascot | Haydock | Leicester | Chester,1,2,,True,Footstepsinthesand (GB),"('parsed_suffix', 'Maygold', 'FR')",Kings Best,2026-02-12,3.0,True,True,True,3,3072,Different horse,complete_pedigree_change_with_separated_chronology,True,
Mahjong (FR),Fine Grain (JPN),"('parsed_suffix', 'Magic Dawn', 'IRE')",Caerleon,2,2,2016-06-29,2016-07-22,3,3,1,G,Magic Dawn (IRE),parenthesized,Maisons-Laffitte (FR) | Chantilly (FR),1,2,,True,Galiway (GB),"('parsed_suffix', 'Magic Song', 'FR')",Kendargent,2024-06-02,2.0,True,True,True,3,2872,Different horse,complete_pedigree_change_with_separated_chronology,True,
Maitre DArmes (FR),Outstrip (GB),"('parsed_suffix', 'Bold Classic', 'USA')",Pembroke,3,3,2019-09-05,2019-11-07,2,2,1,C,Bold Classic (USA),parenthesized,Longchamp (FR) | Saint-Cloud (FR) | Chantilly (FR),1,2,,True,Wootton Bassett (GB),"('parsed_suffix', 'Bassamba', 'FR')",American Post,2024-03-21,3.0,True,True,True,3,1596,Different horse,complete_pedigree_change_with_separated_chronology,True,
Majestic Warrior (IRE),Trans Island (GB),"('parsed_suffix', 'Faeroe Isle', 'IRE')",Erins Isle,2,2,2016-12-28,2017-05-02,4,5,1,G,Faeroe Isle (IRE),parenthesized,Limerick (IRE) | Ballinrobe (IRE),1,2,,True,Churchill (IRE),"('parsed_suffix', 'Zam Zoom', 'IRE')",Dalakhani,2023-01-18,3.0,True,True,True,3,2087,Different horse,complete_pedigree_change_with_separated_chronology,True,
Majordomo (FR),Daiwa Major (JPN),"('parsed_suffix', 'Royalmania', 'GB')",Elusive Quality,3,3,2022-03-05,2023-04-11,3,4,1,G,Royalmania GB,bare,Deauville (FR) | Saint-Cloud (FR) | Chantilly (FR),1,2,,True,Headman (GB),"('parsed_suffix', 'Vitamina', 'FR')",Assessor,2025-11-14,3.0,True,True,True,3,948,Different horse,complete_pedigree_change_with_separated_chronology,True,
Marakan (IRE),Arakan (USA),"('parsed_suffix', 'Templemartin Glen', 'IRE')",Anshan,2,2,2016-05-08,2016-05-19,5,5,1,G,Templemartin Glen (IRE),parenthesized,Limerick (IRE) | Clonmel (IRE),1,2,,True,Arakan (USA),"('parsed_suffix', 'Goodthyne Miss', 'IRE')",Jolly Jake,2022-11-08,6.0,False,True,True,2,2364,Different horse,material_partial_pedigree_change_with_separated_chronology,True,NB19-ID-0015
Mart Lane (IRE),Stowaway (GB),"('parsed_suffix', 'Western Whisper', 'IRE')",Supreme Leader,10,10,2015-01-10,2019-05-13,10,14,1,G,Western Whisper (IRE),parenthesized,Kempton | Aintree | Ludlow | Stratford | Worcester | Uttoxeter | Cartmel | Southwell | Killarney (IRE),1,2,,True,Awtaad (IRE),"('parsed_suffix', 'Lolwah', 'GB')",Pivotal,2025-11-08,4.0,True,True,True,3,2371,Different horse,complete_pedigree_change_with_separated_chronology,True,
Masked Dance (FR),Masked Marvel (GB),"('parsed_suffix', 'Breakdance', 'FR')",Sunday Break,19,19,2022-05-09,2025-05-16,4,7,2,F | M,Breakdance (FR),parenthesized,Southwell | Aintree | Huntingdon | Ludlow | Doncaster | Warwick | Cheltenham,1,2,,True,Masked Marvel (GB),"('parsed_suffix', 'Breakdance I', 'FR')",Sunday Break,2025-10-17,7.0,False,True,False,1,154,Corrected,bounded_continuity_or_source_correction,False,
Maui (FR),Doctor Dino (FR),"('parsed_suffix', 'Iza Bere', 'FR')",Shining Steel,35,35,2015-01-03,2017-09-21,3,5,2,F | M,Iza Bere (FR),parenthesized,Deauville (FR) | Saint-Cloud (FR) | Chantilly (FR) | Maisons-Laffitte (FR),1,2,,True,Toronado (IRE),"('parsed_suffix', 'Avila', 'FR')",Almanzor,2025-10-22,2.0,True,True,True,3,2953,Different horse,complete_pedigree_change_with_separated_chronology,True,
Maximus (USA),Lemon Drop Kid (USA),"('parsed_suffix', 'Imagine', 'USA')",Giants Causeway,1,1,2018-09-09,2018-09-09,5,5,1,H,Imagine (USA),parenthesized,Seoul (KOR),1,2,,True,Maximus Mischief (USA),"('parsed_suffix', 'One Playful Act', 'USA')",Flat Out,2024-11-17,2.0,True,True,True,3,2261,Different horse,complete_pedigree_change_with_separated_chronology,True,
Medici (USA),Curlin (USA),"('parsed_suffix', 'Mrs Williams', 'GER')",Monsun,1,1,2016-06-26,2016-06-26,3,3,1,C,Mrs Williams (GER),parenthesized,Bremen (GER),1,2,,True,Into Mischief (USA),"('parsed_suffix', 'Avenge', 'USA')",War Front,2026-03-21,3.0,True,True,True,3,3555,Different horse,complete_pedigree_change_with_separated_chronology,True,
Memento (FR),Ange Gabriel (FR),"('parsed_suffix', 'Merindole', 'FR')",Tel Quel,11,11,2015-04-08,2016-02-26,4,5,1,G,Merindole (FR),parenthesized,Chantilly (FR) | Longchamp (FR) | Deauville (FR),1,2,,True,Morpheus (GB),"('parsed_suffix', 'Albida', 'GB')",Dansili,2022-11-13,4.0,True,True,True,3,2452,Different horse,complete_pedigree_change_with_separated_chronology,True,
Michel (FR),Scissor Kick (AUS),"('parsed_suffix', 'Marron', 'GB')",Ravens Pass,6,6,2021-02-14,2021-08-17,3,3,2,C | G,Marron GB,bare,Cagnes-Sur-Mer (FR) | Chantilly (FR) | Longchamp (FR) | Deauville (FR),1,2,,True,Anodin (IRE),"('parsed_suffix', 'Decize', 'FR')",Kentucky Dynamite,2025-10-09,2.0,True,True,True,3,1514,Different horse,complete_pedigree_change_with_separated_chronology,True,
Miss Tenacity (GB),Rail Link (GB),"('parsed_suffix', 'Desert Secrets', 'IRE')",AlmutawakelI,1,1,2017-12-14,2017-12-14,4,4,1,F,Desert Secrets (IRE),parenthesized,Chelmsford (AW),1,2,,True,Rail Link (GB),"('parsed_suffix', 'Desert Secrets', 'IRE')",Almutawakel,2018-03-04,5.0,False,False,True,1,80,Corrected,bounded_continuity_or_source_correction,False,
Mississippi River (IRE),Sadlers Wells (USA),"('parsed_suffix', 'Dabiliya', 'GB')",Vayrann,8,8,2015-12-12,2016-11-06,10,11,1,G,Dabiliya GB,bare,Tramore (IRE) | Thurles (IRE) | Cork (IRE) | Galway (IRE) | Clonmel (IRE) | Listowel (IRE),1,2,,True,Lope De Vega (IRE),"('parsed_suffix', 'Cursory Glance', 'USA')",Distorted Humor,2024-09-19,2.0,True,True,True,3,2874,Different horse,complete_pedigree_change_with_separated_chronology,True,
Misunderstood (FR),Siyouni (FR),"('parsed_suffix', 'Shes Misbehaven', 'USA')",Monarchos,2,2,2017-10-21,2021-05-26,4,8,1,G,Shes Misbehaven (USA),parenthesized,Chantilly (FR) | Saint-Cloud (FR),1,2,,True,Hello Youmzain (FR),"('parsed_suffix', 'Waldjagd', 'GB')",Observatory,2024-07-28,2.0,True,True,True,3,1159,Different horse,complete_pedigree_change_with_separated_chronology,True,
Mnementh (AUS),Eurozone (AUS),"('parsed_suffix', 'Yurrapendi', 'AUS')",Pendragon,1,1,2022-10-15,2022-10-15,6,6,1,G,Yurrapendi (AUS),parenthesized,Randwick (AUS),1,2,,True,Eurozone (AUS),"('parsed_suffix', 'Yurrapendi', 'AUS')",Pendragon I,2023-05-20,6.0,False,False,True,1,217,Corrected,bounded_continuity_or_source_correction,False,
Mount Eden (IRE),Pride Of Dubai (AUS),"('parsed_suffix', 'Cool Cap', 'IRE')",Captain Rio,1,1,2020-08-12,2020-08-12,2,2,1,C,Cool Cap (IRE),parenthesized,Gowran Park (IRE),1,2,,True,Camelot (GB),"('parsed_suffix', 'Nell Gwyn', 'IRE')",Danehill,2026-01-09,3.0,True,True,True,3,1976,Different horse,complete_pedigree_change_with_separated_chronology,True,
Mr Moonshine (IRE),Double Eclipse (IRE),"('parsed_suffix', 'Kinross I', 'GB')",Nearly A Hand,7,7,2015-01-11,2016-10-12,11,12,1,G,Kinross I GB,bare,Kelso | Doncaster | Haydock | Carlisle | Aintree | Wetherby,1,2,,True,Cotai Glory (GB),"('parsed_suffix', 'Whiskey N Chips', 'GB')",Dark Angel,2025-06-14,2.0,True,True,True,3,3167,Different horse,complete_pedigree_change_with_separated_chronology,True,
Ms Brightside (IRE),Oscar (IRE),"('parsed_suffix', 'Fair And Aisey', 'IRE')",Mister Lord,1,1,2016-07-08,2016-07-08,7,7,1,M,Fair And Aisey (IRE),parenthesized,Cork (IRE),1,2,,True,Magna Grecia (IRE),"('parsed_suffix', 'Rope A Dope', 'IRE')",Bungle Inthejungle,2023-06-16,2.0,True,True,True,3,2534,Different horse,complete_pedigree_change_with_separated_chronology,True,
Multitask (USA),Candy Ride (ARG),"('parsed_suffix', 'Divided Attention', 'USA')",A P Indy,1,1,2025-08-28,2025-08-28,4,4,1,G,Divided Attention (USA),parenthesized,Kentucky Downs (USA),1,2,,True,Candy Ride (ARG),"('parsed_suffix', 'Divided Attention', 'USA')",A.P. Indy,2026-04-04,5.0,False,False,True,1,219,Corrected,bounded_continuity_or_source_correction,False,
My Way (FR),Martaline (GB),"('parsed_suffix', 'Royale Majesty', 'FR')",Nikos,25,25,2017-03-18,2023-01-09,3,9,2,C | G,Royale Majesty (FR),parenthesized,Auteuil (FR) | Sandown | Wincanton | Taunton | Warwick | Kempton | Ayr | Plumpton | Ascot | Cheltenham | Stratford | Chepstow | Aintree,1,2,,True,Galiway (GB),"('parsed_suffix', 'Lady Lay', 'FR')",Mehmas,2025-10-02,2.0,True,True,True,3,997,Different horse,complete_pedigree_change_with_separated_chronology,True,
Mystified (IRE),Raise A Grand (IRE),"('parsed_suffix', 'Sunrise', 'IRE')",Sri Pekan,1,1,2015-08-29,2015-08-29,12,12,1,G,Sunrise (IRE),parenthesized,Cartmel,1,2,,True,Ulysses (IRE),"('parsed_suffix', 'Parlance', 'IRE')",Invincible Spirit,2024-08-10,2.0,True,True,True,3,3269,Different horse,complete_pedigree_change_with_separated_chronology,True,
National Interest (FR),Muhtathir (GB),"('parsed_suffix', 'Neumark', 'GER')",High Chaparral,7,7,2018-11-29,2021-12-20,2,5,2,C | G,Neumark (GER),parenthesized,Deauville (FR) | Chantilly (FR) | Saint-Cloud (FR),1,2,,True,Kingman (GB),"('parsed_suffix', 'Dardiza', 'IRE')",Street Cry,2023-08-17,2.0,True,True,True,3,605,Different horse,complete_pedigree_change_with_separated_chronology,True,
New President (FR),Sinndar (IRE),"('parsed_suffix', 'Sun Song', 'FR')",Dr Fong,4,4,2023-02-25,2023-04-29,6,6,1,G,Sun Song (FR),parenthesized,Auteuil (FR),1,3,,True,Sinndar (IRE),"('parsed_suffix', 'Sun Song I', 'FR')",Dr Fong,2025-03-08,8.0,False,True,False,1,679,Corrected,bounded_continuity_or_source_correction,False,NB19-HORSE-0002
New President (FR),Sinndar (IRE),"('parsed_suffix', 'Sun Song I', 'FR')",Dr Fong,4,4,2025-03-08,2025-09-27,8,8,1,G,Sun Song I (FR),parenthesized,Auteuil (FR),2,3,2023-04-29,True,Sinndar (IRE),"('parsed_suffix', 'Sun Song II', 'FR')",,2025-11-15,8.0,False,True,True,2,49,Corrected,bounded_continuity_or_source_correction,False,NB19-HORSE-0002
Noli Timere (IRE),Winged Love (IRE),"('parsed_suffix', 'Legal Action', 'IRE')",Supreme Leader,3,3,2016-06-01,2016-08-28,7,7,1,M,Legal Action (IRE),parenthesized,Punchestown (IRE) | Gowran Park (IRE) | Cork (IRE),1,2,,True,Starspangledbanner (AUS),"('parsed_suffix', 'Mahabba', 'IRE')",Galileo,2024-09-28,2.0,True,True,True,3,2953,Different horse,complete_pedigree_change_with_separated_chronology,True,
Nous Trois (FR),Motivator (GB),"('parsed_suffix', 'Numerologie', 'FR')",Numerous,4,4,2017-05-22,2018-02-01,3,4,1,F,Numerologie (FR),parenthesized,Chantilly (FR) | Saint-Cloud (FR) | Deauville (FR),1,2,,True,Literato (FR),"('parsed_suffix', 'Mirandola', 'FR')",Anabaa Blue,2025-12-17,2.0,True,True,True,3,2876,Different horse,complete_pedigree_change_with_separated_chronology,True,
OGorman (GB),Sleeping Indian (GB),"('parsed_suffix', 'Harryana', 'GB')",Efisio,2,2,2015-02-20,2015-03-06,6,6,1,G,Harryana GB,bare,Dundalk (AW) (IRE),1,2,,True,Sergei Prokofiev (CAN),"('parsed_suffix', 'Shirin Jaan', 'GB')",Sepoy,2026-04-21,2.0,True,True,True,3,4064,Different horse,complete_pedigree_change_with_separated_chronology,True,
Ode To Joy (IRE),Galileo (IRE),"('parsed_suffix', 'Kheleyfs Silver', 'IRE')",Kheleyf,14,14,2020-06-14,2022-11-27,3,5,2,C | G,Kheleyfs Silver (IRE),parenthesized,Leopardstown (IRE) | Curragh (IRE) | Sha Tin (HK) | Happy Valley (HK),1,2,,True,Elusive Pimpernel (USA),"('parsed_suffix', 'Salon Musique', 'GER')",Black Sam Bellamy,2025-06-08,5.0,True,True,True,3,924,Different horse,complete_pedigree_change_with_separated_chronology,True,
On Song (IRE),Zagreb (USA),"('parsed_suffix', 'Mickanna', 'IRE')",Bach,2,2,2016-11-26,2016-12-17,3,3,1,G,Mickanna (IRE),parenthesized,Gowran Park (IRE) | Fairyhouse (IRE),1,2,,True,Calyx (GB),"('parsed_suffix', 'Finishingthehat', 'GB')",Sixties Icon,2023-10-23,2.0,True,True,True,3,2501,Different horse,complete_pedigree_change_with_separated_chronology,True,
On The Way (USA),Honor A P (USA),"('parsed_suffix', 'Black Diamond Girl', 'USA')",Hard Spun,5,5,2025-01-18,2025-03-16,3,3,1,C,Black Diamond Girl (USA),parenthesized,Jebel Ali (UAE) | Meydan (UAE),1,2,,True,Honor A. P. (USA),"('parsed_suffix', 'Black Diamond Girl', 'USA')",Hard Spun,2025-11-15,3.0,True,False,False,1,244,Corrected,bounded_continuity_or_source_correction,False,
Onlymammycanloveme (IRE),Vendangeur (IRE),"('parsed_suffix', 'Me Grannys Endoors', 'IRE')",Tremblant I,6,6,2024-12-03,2025-04-04,5,6,1,G,Me Grannys Endoors (IRE),parenthesized,Clonmel (IRE) | Limerick (IRE) | Fairyhouse (IRE) | Wexford (IRE),1,2,,True,Vendangeur (IRE),"('parsed_suffix', 'Me Grannys Endoors', 'IRE')",Tremblant,2025-11-02,6.0,False,False,True,1,212,Corrected,bounded_continuity_or_source_correction,False,
Over The Clouds (FR),Siyouni (FR),"('parsed_suffix', 'Olive Green', 'USA')",Diesis,3,3,2016-10-24,2017-07-27,2,3,1,F,Olive Green (USA),parenthesized,Chantilly (FR) | Maisons-Laffitte (FR),1,2,,True,Dabirsim (FR),"('parsed_suffix', 'Under', 'USA')",Kittens Joy,2024-11-29,2.0,True,True,True,3,2682,Different horse,complete_pedigree_change_with_separated_chronology,True,
Paladin (IRE),Dubawi (IRE),"('parsed_suffix', 'Palwina', 'FR')",Unfuwain,22,22,2015-05-18,2017-07-31,6,8,1,G,Palwina (FR),parenthesized,Southwell (AW) | Wolverhampton (AW) | Ffos Las | Epsom | Chepstow | Stratford | Kempton (AW) | Lingfield (AW) | Kempton | Southwell | Newton Abbot,1,2,,True,Justify (USA),"('parsed_suffix', 'Golconda', 'FR')",Planteur,2023-06-14,2.0,True,True,True,3,2144,Different horse,complete_pedigree_change_with_separated_chronology,True,
Penn Kalet (FR),The French (FR),"('parsed_suffix', 'Libre Amour', 'FR')",Lost World,7,7,2018-10-18,2019-04-04,2,3,1,C,Libre Amour (FR),parenthesized,Longchamp (FR) | Deauville (FR) | Saint-Cloud (FR) | Chantilly (FR),1,2,,True,Nirvana Du Berlais (FR),"('parsed_suffix', 'Nanosecond', 'FR')",Doctor Dino,2026-03-14,3.0,True,True,True,3,2536,Different horse,complete_pedigree_change_with_separated_chronology,True,
Perceval (FR),Blek (FR),"('parsed_suffix', 'Gazou Davrill', 'FR')",Dark Moondancer,6,6,2023-05-21,2023-11-30,4,4,1,G,Gazou Davrill (FR),parenthesized,Auteuil (FR) | Compiegne (FR),1,2,,True,Romanised (IRE),"('parsed_suffix', 'Blanchefleur', 'IRE')",Camelot,2025-11-28,2.0,True,True,True,3,729,Different horse,complete_pedigree_change_with_separated_chronology,True,
Perennial (GB),Motivator (GB),"('parsed_suffix', 'Arum Lily', 'USA')",Woodman,23,23,2015-03-29,2016-11-14,6,7,1,G,Arum Lily (USA),parenthesized,Doncaster | Musselburgh | Newcastle | Cartmel | Catterick | Wolverhampton (AW) | Fakenham | Wetherby | Redcar | Worcester | Newcastle (AW),1,2,,True,Masar (IRE),"('parsed_suffix', 'Sweet Lady Rose', 'IRE')",Shamardal,2024-06-11,3.0,True,True,True,3,2766,Different horse,complete_pedigree_change_with_separated_chronology,True,
Perfect Gentleman (IRE),Kings Theatre (IRE),"('parsed_suffix', 'Millennium Lilly', 'IRE')",Mujadil,7,7,2015-03-10,2015-09-27,10,10,1,G,Millennium Lilly (IRE),parenthesized,Cheltenham | Fairyhouse (IRE) | Auteuil (FR) | Galway (IRE) | Roscommon (IRE) | Merano (ITY),1,2,,True,Dawn Approach (IRE),"('parsed_suffix', 'Silver Moon', 'GB')",Exceed And Excel,2022-08-28,2.0,True,True,True,3,2527,Different horse,complete_pedigree_change_with_separated_chronology,True,
Petite Madame (IRE),Champs Elysees (GB),"('parsed_suffix', 'Seeking The Fun', 'USA')",Alhaarth,4,4,2015-04-28,2015-06-28,4,4,1,F,Seeking The Fun (USA),parenthesized,Newcastle | Southwell (AW) | Cartmel,1,2,,True,The Irish Rover (IRE),"('parsed_suffix', 'Marines Girl', 'IRE')",Tagula,2024-10-10,2.0,True,True,True,3,3392,Different horse,complete_pedigree_change_with_separated_chronology,True,
Pilgrim (GB),Bahamian Bounty (GB),"('parsed_suffix', 'Deep Bleu', 'GB')",Kyllachy,3,3,2015-05-08,2015-08-19,3,3,1,F,Deep Bleu GB,bare,Lingfield | Kempton (AW),1,2,,True,Havana Grey (GB),"('parsed_suffix', 'Hot Secret', 'GB')",Sakhees Secret,2023-07-24,2.0,True,True,True,3,2896,Different horse,complete_pedigree_change_with_separated_chronology,True,
Playing The Field (IRE),Deploy (GB),"('parsed_suffix', 'Gaelic Buccaneer', 'IRE')",Un Desperado,3,3,2015-10-21,2015-12-02,10,10,1,G,Gaelic Buccaneer (IRE),parenthesized,Worcester | Leicester | Catterick,1,2,,True,Walk In The Park (IRE),"('parsed_suffix', 'Skin Deep', 'IRE')",Presenting,2025-12-06,4.0,True,True,True,3,3657,Different horse,complete_pedigree_change_with_separated_chronology,True,
Pluto (URU),Discreetly Mine (USA),"('parsed_suffix', 'High Banana', 'URU')",T H Approval,3,3,2024-01-06,2025-01-06,5,6,1,H,High Banana (URU),parenthesized,Maronas (URU) | Monterrico (PER),1,2,,True,Discreetly Mine (USA),"('parsed_suffix', 'High Banana', 'URU')",T. H. Approval,2026-01-06,7.0,False,False,True,1,365,Corrected,bounded_continuity_or_source_correction,False,
Poets Prize (GB),Compton Place (GB),"('parsed_suffix', 'La Gessa', 'GB')",Largesse,4,4,2015-08-01,2015-10-03,2,2,1,C,La Gessa GB,bare,Thirsk | York | Beverley | Newmarket,1,2,,True,Poets Word (IRE),"('parsed_suffix', 'Cape Dollar', 'IRE')",Cape Cross,2023-03-11,3.0,True,True,True,3,2716,Different horse,complete_pedigree_change_with_separated_chronology,True,
Poison Arrow (IRE),Scorpion (IRE),"('parsed_suffix', 'Lobatica', 'GER')",Acatenango,3,3,2018-10-12,2019-02-22,4,5,1,G,Lobatica (GER),parenthesized,Newton Abbot | Chepstow | Exeter,1,2,,True,Dark Angel (IRE),"('parsed_suffix', 'Silk Bow', 'GB')",Elusive City,2025-09-08,2.0,True,True,True,3,2390,Different horse,complete_pedigree_change_with_separated_chronology,True,
Police Gazette (USA),Giants Causeway (USA),"('parsed_suffix', 'Black Speck', 'USA')",Arch,1,1,2015-04-01,2015-04-01,6,6,1,G,Black Speck (USA),parenthesized,Sandown (AUS),1,2,,True,War Front (USA),"('parsed_suffix', 'Akatea', 'IRE')",Shamardal,2026-04-10,3.0,True,True,True,3,4027,Different horse,complete_pedigree_change_with_separated_chronology,True,
Pont Marie (FR),Great Journey (JPN),"('parsed_suffix', 'Cite Fleurie', 'IRE')",Mark Of Esteem,1,1,2015-01-10,2015-01-10,5,5,1,H,Cite Fleurie (IRE),parenthesized,Deauville (FR),1,2,,True,Elarqam (GB),"('parsed_suffix', 'Ponte Sanangelo', 'FR')",Authorized,2025-08-31,3.0,True,True,True,3,3886,Different horse,complete_pedigree_change_with_separated_chronology,True,
Portnablagh (IRE),Well Chosen (GB),"('parsed_suffix', 'Countess Trifaldi', 'IRE')",Flemensfirth,3,3,2018-04-02,2018-11-28,5,5,1,M,Countess Trifaldi (IRE),parenthesized,Cork (IRE) | Fairyhouse (IRE) | Punchestown (IRE),1,2,,True,Berkshire (IRE),"('parsed_suffix', 'Chosen Law', 'IRE')",Rule Of Law,2024-11-13,4.0,True,True,True,3,2177,Different horse,complete_pedigree_change_with_separated_chronology,True,
Powershift (USA),Rage (USA),"('parsed_suffix', 'Breaking', 'USA')",Pure Prize,2,2,2020-04-13,2020-04-28,5,5,1,G,Breaking (USA),parenthesized,Will Rogers Downs (USA),1,2,,True,Constitution (USA),"('parsed_suffix', 'Free Flying Soul', 'USA')",Quiet American,2026-03-07,3.0,True,True,True,3,2139,Different horse,complete_pedigree_change_with_separated_chronology,True,
Prankster (GB),Rock Of Gibraltar (IRE),"('parsed_suffix', 'Coraline', 'GB')",Sadlers Wells,1,1,2015-08-14,2015-08-14,9,9,1,G,Coraline GB,bare,Tramore (IRE),1,2,,True,Oasis Dream (GB),"('parsed_suffix', 'In Secret', 'GB')",Dalakhani,2025-04-16,3.0,True,True,True,3,3533,Different horse,complete_pedigree_change_with_separated_chronology,True,
Precision (GB),Galileo (IRE),"('parsed_suffix', 'Pearl Earrine', 'FR')",Kaldounevees,11,11,2017-04-24,2018-08-30,3,4,1,G,Pearl Earrine (FR),parenthesized,Windsor | Sandown | Pontefract | Nottingham | Salisbury | Chester | Beverley | Chelmsford (AW),1,2,,True,Expert Eye (GB),"('parsed_suffix', 'Harbour Of Grace', 'FR')",Le Havre,2024-10-18,2.0,True,True,True,3,2241,Different horse,complete_pedigree_change_with_separated_chronology,True,
Presentandcorrect (IRE),Presenting (GB),"('parsed_suffix', 'Friston', 'IRE')",Roselier,1,1,2017-04-23,2017-04-23,16,16,1,G,Friston (IRE),parenthesized,Stratford,1,2,,True,Soldier Of Fortune (IRE),"('parsed_suffix', 'Coole Assembly', 'IRE')",Saddlers Hall,2025-11-14,5.0,True,True,True,3,3127,Different horse,complete_pedigree_change_with_separated_chronology,True,
Private Joke (FR),Ski Chief (USA),"('parsed_suffix', 'No Woman No Cry', 'FR')",Simon Du Desert,1,1,2015-09-10,2015-09-10,8,8,1,G,No Woman No Cry (FR),parenthesized,Auteuil (FR),1,2,,True,Seabhac (USA),"('parsed_suffix', 'Muse Addiction', 'FR')",Royal Applause,2024-10-02,3.0,True,True,True,3,3310,Different horse,complete_pedigree_change_with_separated_chronology,True,
Queens Of Marshal (FR),Air Chief Marshal (IRE),"('parsed_suffix', 'Queens Garden', 'USA')",Kingmambo,40,40,2016-11-09,2022-02-25,2,8,2,F | M,Queens Garden (USA),parenthesized,Chantilly (FR) | Saint-Cloud (FR) | Deauville (FR) | Maisons-Laffitte (FR) | Longchamp (FR) | Cagnes-Sur-Mer (FR),1,2,,True,Air Chief Marshal (IRE),"('parsed_suffix', 'Queens Garden I', 'USA')",Kingmambo,2022-09-04,8.0,False,True,False,1,191,Corrected,bounded_continuity_or_source_correction,False,
Quero Te Mucho (BRZ),Going Somewhere (BRZ),"('parsed_suffix', 'Gateaux', 'URU')",T H Approval,1,1,2024-05-19,2024-05-19,4,4,1,C,Gateaux (URU),parenthesized,Cidade Jardim (BRZ),1,2,,True,Going Somewhere (BRZ),"('parsed_suffix', 'Gateaux', 'URU')",T. H. Approval,2026-05-03,6.0,False,False,True,1,714,Corrected,bounded_continuity_or_source_correction,False,
Quixote (URU),T H Approval (USA),"('parsed_suffix', 'Forbidden Love', 'ARG')",Footstepsinthesand,3,3,2022-09-05,2022-11-06,3,3,1,C,Forbidden Love (ARG),parenthesized,Maronas (URU),1,2,,True,T. H. Approval (USA),"('parsed_suffix', 'Forbidden Love', 'ARG')",Footstepsinthesand,2026-01-06,6.0,True,False,False,1,1157,Corrected,bounded_continuity_or_source_correction,False,
Rank (USA),Blame (USA),"('parsed_suffix', 'La Reina', 'USA')",A P Indy,3,3,2015-04-16,2015-05-15,3,3,1,C,La Reina (USA),parenthesized,Limerick (IRE) | Cork (IRE) | Dundalk (AW) (IRE),1,2,,True,Honor A P (USA),"('parsed_suffix', 'Fabulous Babe', 'USA')",Touch Gold,2024-09-09,2.0,True,True,True,3,3405,Different horse,complete_pedigree_change_with_separated_chronology,True,
Rebel Cry (IRE),Gamut (IRE),"('parsed_suffix', 'Pierres Cascade', 'IRE')",Pierre,23,23,2015-01-01,2019-09-16,8,12,1,G,Pierres Cascade (IRE),parenthesized,Tramore (IRE) | Fairyhouse (IRE) | Clonmel (IRE) | Thurles (IRE) | Sligo (IRE) | Limerick (IRE) | Roscommon (IRE) | Ballinrobe (IRE) | Punchestown (IRE) | Listowel (IRE) | Galway (IRE),1,2,,True,Elusive Pimpernel (USA),"('parsed_suffix', 'Coromandel Lady', 'IRE')",Milan,2025-08-21,4.0,True,True,True,3,2166,Different horse,complete_pedigree_change_with_separated_chronology,True,
Red Snapper (GB),Kheleyf (USA),"('parsed_suffix', 'Amistress', 'GB')",Kalanisi,20,20,2017-05-03,2019-09-02,2,4,1,F,Amistress GB,bare,Brighton | Newmarket (July) | Lingfield | Leicester | Chelmsford (AW) | Lingfield (AW) | Southwell (AW) | Wolverhampton (AW),1,2,,True,Land Force (IRE),"('parsed_suffix', 'Rania', 'IRE')",Estidhkaar,2025-05-30,2.0,True,True,True,3,2097,Different horse,complete_pedigree_change_with_separated_chronology,True,
Reve (GB),Nathaniel (IRE),"('parsed_suffix', 'Rouge', 'FR')",Red Ransom,27,27,2017-10-18,2022-05-09,3,8,2,C | G,Rouge (FR),parenthesized,Deauville (FR) | Saint-Cloud (FR) | Chantilly (FR) | Uttoxeter | Southwell | Leicester | Ascot | Ludlow | Catterick | Cheltenham | Worcester | Lingfield | Aintree | Lingfield (AW) | Stratford,1,2,,True,Nathaniel (IRE),"('parsed_suffix', 'Rouge I', 'FR')",Red Ransom,2024-02-21,10.0,False,True,False,1,653,Corrected,bounded_continuity_or_source_correction,False,
Richmond (FR),Assessor (IRE),"('parsed_suffix', 'Hirondel De Serley', 'FR')",Royal Charter,15,15,2015-01-20,2018-05-04,10,13,1,G,Hirondel De Serley (FR),parenthesized,Wetherby | Stratford | Taunton | Warwick | Haydock | Cheltenham | Aintree | Hereford | Ffos Las | Chepstow,1,2,,True,Toronado (IRE),"('parsed_suffix', 'Fiona Rae', 'IRE')",Invincible Spirit,2025-02-20,6.0,True,True,True,3,2484,Different horse,complete_pedigree_change_with_separated_chronology,True,
Rise And Shine (FR),Marju (IRE),"('parsed_suffix', 'Sundown', 'FR')",Singspiel,9,9,2015-02-05,2016-04-10,3,4,1,G,Sundown (FR),parenthesized,Chantilly (FR) | Saint-Cloud (FR) | Deauville (FR) | Maisons-Laffitte (FR),1,2,,True,Shalaa (IRE),"('parsed_suffix', 'Cruel Sea', 'USA')",Mizzen Mast,2022-10-16,2.0,True,True,True,3,2380,Different horse,complete_pedigree_change_with_separated_chronology,True,
Roman (FR),Dylan Thomas (IRE),"('parsed_suffix', 'Happy Lodge', 'IRE')",Grand Lodge,3,3,2015-04-15,2015-05-22,3,3,1,G,Happy Lodge (IRE),parenthesized,Enghien (FR) | Auteuil (FR),1,2,,True,Starspangledbanner (AUS),"('parsed_suffix', 'Rosea', 'GER')",Nathaniel,2025-06-12,3.0,True,True,True,3,3674,Different horse,complete_pedigree_change_with_separated_chronology,True,
Roseburg (IRE),Tamayuz (GB),"('parsed_suffix', 'Raydaniya', 'IRE')",In The Wings,4,4,2015-08-01,2016-06-04,4,5,2,C | G,Raydaniya (IRE),parenthesized,Doncaster | York | Longchamp (FR) | Epsom,1,2,,True,Sageburg (IRE),"('parsed_suffix', 'Last Sunrise', 'IRE')",Shahanndeh,2023-05-19,5.0,True,True,True,3,2540,Different horse,complete_pedigree_change_with_separated_chronology,True,
Rosette (GB),Archipenko (USA),"('parsed_suffix', 'Roses', 'GB')",Muhtarram,1,1,2016-01-05,2016-01-05,4,4,1,F,Roses GB,bare,Southwell (AW),1,2,,True,Bobbys Kitten (USA),"('parsed_suffix', 'La Vie En Rose', 'GB')",Henrythenavigator,2022-07-07,2.0,True,True,True,3,2375,Different horse,complete_pedigree_change_with_separated_chronology,True,
Rubeus (IRE),Alhebayeb (IRE),"('parsed_suffix', 'Peaceful Kingdom', 'USA')",King Of Kings,15,15,2020-01-24,2023-12-12,3,6,1,G,Peaceful Kingdom (USA),parenthesized,Chantilly (FR) | Deauville (FR) | Les Landes (JER) | Wolverhampton (AW) | Southwell (AW),1,2,,True,Alhebayeb (IRE),"('parsed_suffix', 'Peaceful Kingdom I', 'USA')",King Of Kings,2024-01-20,7.0,False,True,False,1,39,Corrected,bounded_continuity_or_source_correction,False,
Ruggero (JPN),Kinshasa No Kiseki (AUS),"('parsed_suffix', 'Silver Cup', 'IRE')",AlmutawakelI,1,1,2017-10-07,2017-10-07,2,2,1,G,Silver Cup (IRE),parenthesized,Tokyo (JPN),1,3,,True,Kinshasa No Kiseki (AUS),"('parsed_suffix', 'Silver Cup', 'IRE')",Almutawakel,2018-03-31,3.0,False,False,True,1,175,Corrected,bounded_continuity_or_source_correction,False,
Ruggero (JPN),Kinshasa No Kiseki (AUS),"('parsed_suffix', 'Silver Cup', 'IRE')",Almutawakel,5,5,2018-03-31,2022-01-30,3,7,1,G,Silver Cup (IRE),parenthesized,Meydan (UAE) | Chukyo (JPN) | Nakayama (JPN) | Niigata (JPN),2,3,2017-10-07,True,Kinshasa No Kiseki (AUS),"('parsed_suffix', 'Silver Cup', 'IRE')",Almutawakel I,2022-08-28,7.0,False,False,True,1,210,Corrected,bounded_continuity_or_source_correction,False,
Runninsonofagun (IRE),Inns Of Court (IRE),"('parsed_suffix', 'High Society Lady', 'IRE')",General Monash,7,7,2024-06-20,2024-10-28,2,2,1,G,High Society Lady (IRE),parenthesized,Leopardstown (IRE) | Tipperary (IRE) | Navan (IRE) | Down Royal (IRE) | Galway (IRE),1,2,,True,Inns Of Court (IRE),"('parsed_suffix', 'High Society Lady', 'IRE')",Society Rock,2025-06-18,3.0,False,False,True,1,233,Unresolved,pending_official_confirmation,,NB19-ID-0013
Saint Martin (FR),Martaline (GB),"('parsed_suffix', 'Sainte Sophie', 'FR')",Poliglote,5,5,2020-11-01,2021-10-21,3,4,1,G,Sainte Sophie (FR),parenthesized,Compiegne (FR) | Auteuil (FR),1,2,,True,Time Test (GB),"('parsed_suffix', 'Abraxa', 'IRE')",Verglas,2026-03-15,3.0,True,True,True,3,1606,Different horse,complete_pedigree_change_with_separated_chronology,True,
Sandrin Royal (URU),Will Take Charge (USA),"('parsed_suffix', 'Leca Princess', 'URU')",T H Approval,1,1,2025-01-06,2025-01-06,3,3,1,F,Leca Princess (URU),parenthesized,Maronas (URU),1,2,,True,Will Take Charge (USA),"('parsed_suffix', 'Leca Princess', 'URU')",T. H. Approval,2026-01-06,4.0,False,False,True,1,365,Corrected,bounded_continuity_or_source_correction,False,
Santa Rossa (IRE),Jeremy (USA),"('parsed_suffix', 'Panther Moon', 'IRE')",Almutawakel,8,8,2018-12-15,2022-04-18,4,8,2,F | M,Panther Moon (IRE),parenthesized,Fairyhouse (IRE) | Leopardstown (IRE) | Aintree | Punchestown (IRE) | Navan (IRE) | Limerick (IRE),1,2,,True,Jeremy (USA),"('parsed_suffix', 'Panther Moon', 'IRE')",Almutawakel I,2022-05-15,8.0,False,False,True,1,27,Corrected,bounded_continuity_or_source_correction,False,
Santorini (IRE),Tagula (IRE),"('parsed_suffix', 'Rags', 'IRE')",Whipper,2,2,2016-10-03,2016-10-18,3,3,1,G,Rags (IRE),parenthesized,Windsor | Yarmouth,1,2,,True,Kodiac (GB),"('parsed_suffix', 'Folegandros Island', 'FR')",Red Rocks,2024-04-14,3.0,True,True,True,3,2735,Different horse,complete_pedigree_change_with_separated_chronology,True,
Sarabi (GB),Rip Van Winkle (IRE),"('parsed_suffix', 'Xaphania', 'GB')",Sakhee,34,34,2015-05-26,2018-06-14,2,5,2,F | M,Xaphania GB,bare,Leicester | Chelmsford (AW) | Lingfield (AW) | Southwell (AW) | Ripon | Thirsk | Nottingham | Doncaster | Hamilton | Ayr | Newcastle (AW) | Wolverhampton (AW) | Beverley | Catterick,1,2,,True,Siyouni (FR),"('parsed_suffix', 'Simmie', 'IRE')",Fast Company,2024-10-21,2.0,True,True,True,3,2321,Different horse,complete_pedigree_change_with_separated_chronology,True,
Save The Date (FR),Rio De La Plata (USA),"('parsed_suffix', 'Pink And Red', 'USA')",Red Ransom,17,17,2017-07-09,2019-03-10,2,4,1,F,Pink And Red (USA),parenthesized,Chantilly (FR) | Deauville (FR) | Maisons-Laffitte (FR) | Longchamp (FR) | Saint-Cloud (FR),1,2,,True,Bated Breath (GB),"('parsed_suffix', 'So You See', 'FR')",Siyouni,2026-01-08,3.0,True,True,True,3,2496,Different horse,complete_pedigree_change_with_separated_chronology,True,
Scalor (FR),Scalo (GB),"('parsed_suffix', 'Vila Flor', 'FR')",Sandwaki,35,35,2019-02-20,2023-07-11,4,8,1,G,Vila Flor (FR),parenthesized,Punchestown (IRE) | Thurles (IRE) | Killarney (IRE) | Clonmel (IRE) | Navan (IRE) | Sligo (IRE) | Wexford (IRE) | Limerick (IRE) | Roscommon (IRE) | Kilbeggan (IRE) | Dundalk (AW) (IRE) | Gowran Park (IRE) | Down Royal (IRE) | Bellewstown (IRE) | Cork (IRE) | Downpatrick (IRE) | Ballinrobe (IRE) | Fairyhouse (IRE) | Tramore (IRE),1,2,,True,Scalo (GB),"('parsed_suffix', 'Vila Flor I', 'FR')",Sandwaki,2023-08-31,8.0,False,True,False,1,51,Corrected,bounded_continuity_or_source_correction,False,
Secret Dreamer (GB),Arcano (IRE),"('parsed_suffix', 'Badweia', 'USA')",Kingmambo,4,4,2016-08-06,2016-10-28,4,4,1,G,Badweia (USA),parenthesized,Redcar | Newcastle (AW) | Kempton (AW),1,2,,True,Due Diligence (USA),"('parsed_suffix', 'Hot Secret', 'GB')",Sakhees Secret,2024-10-18,2.0,True,True,True,3,2912,Different horse,complete_pedigree_change_with_separated_chronology,True,
Seedling (GB),Cockney Rebel (IRE),"('parsed_suffix', 'Unseeded', 'GB')",Unfuwain,2,2,2015-03-10,2015-04-11,6,6,1,G,Unseeded GB,bare,Cheltenham | Aintree,1,2,,True,Planteur (IRE),"('parsed_suffix', 'Sixtys Belle', 'GB')",Gold Well,2026-04-04,4.0,True,True,True,3,4011,Different horse,complete_pedigree_change_with_separated_chronology,True,
Senepark (FR),Soul City (IRE),"('parsed_suffix', 'Senetosa', 'FR')",AlmutawakelI,5,5,2017-12-14,2018-12-18,3,4,1,G,Senetosa (FR),parenthesized,Deauville (FR) | Saint-Cloud (FR),1,3,,True,Soul City (IRE),"('parsed_suffix', 'Senetosa', 'FR')",Almutawakel,2021-10-17,7.0,False,False,True,1,1034,Corrected,bounded_continuity_or_source_correction,False,
Senepark (FR),Soul City (IRE),"('parsed_suffix', 'Senetosa', 'FR')",Almutawakel,8,8,2021-10-17,2022-04-20,7,8,1,G,Senetosa (FR),parenthesized,Longchamp (FR) | Chantilly (FR) | Deauville (FR) | Saint-Cloud (FR),2,3,2018-12-18,True,Soul City (IRE),"('parsed_suffix', 'Senetosa', 'FR')",Almutawakel I,2022-05-10,8.0,False,False,True,1,20,Corrected,bounded_continuity_or_source_correction,False,
Serena (FR),Kings Best (USA),"('parsed_suffix', 'Sonate Jem', 'FR')",Fasliyev,6,6,2016-06-11,2017-08-10,5,6,1,M,Sonate Jem (FR),parenthesized,Chantilly (FR) | Saint-Cloud (FR) | Deauville (FR),1,2,,True,Triple Threat (FR),"('parsed_suffix', 'Staracaya', 'FR')",Alex The Winner,2025-11-21,3.0,True,True,True,3,3025,Different horse,complete_pedigree_change_with_separated_chronology,True,
Sha Tin (FR),Great Journey (JPN),"('parsed_suffix', 'Serpolette', 'FR')",Dear Doctor,3,3,2015-02-24,2015-03-18,5,5,1,M,Serpolette (FR),parenthesized,Enghien (FR) | Auteuil (FR),1,2,,True,Gleneagles (IRE),"('parsed_suffix', 'Normanna', 'IRE')",Elusive City,2024-08-21,3.0,True,True,True,3,3444,Different horse,complete_pedigree_change_with_separated_chronology,True,
Shackleton (IRE),Stowaway (GB),"('parsed_suffix', 'Art Of Survival', 'IRE')",Saddlers Hall,1,1,2017-10-05,2017-10-05,5,5,1,G,Art Of Survival (IRE),parenthesized,Warwick,1,2,,True,Camelot (GB),"('parsed_suffix', 'Damaniyat Girl', 'USA')",Elusive Quality,2024-08-08,2.0,True,True,True,3,2499,Different horse,complete_pedigree_change_with_separated_chronology,True,
Shes Perfect (IRE),Beneficial (GB),"('parsed_suffix', 'Lady Present', 'IRE')",Presenting,3,3,2015-04-24,2015-05-31,5,5,1,M,Lady Present (IRE),parenthesized,Kilbeggan (IRE),1,2,,True,Sioux Nation (USA),"('parsed_suffix', 'Galeaza', 'GB')",Galileo,2024-08-09,2.0,True,True,True,3,3358,Different horse,complete_pedigree_change_with_separated_chronology,True,
Silver Ghost (IRE),Dark Angel (IRE),"('parsed_suffix', 'Aqualina', 'IRE')",Kings Theatre,13,13,2015-09-05,2017-10-04,2,4,2,C | G,Aqualina (IRE),parenthesized,Ascot | Newbury | Salisbury | Windsor | Lingfield (AW) | Sandown | Goodwood | Epsom | Nottingham,1,2,,True,Phoenix Of Spain (IRE),"('parsed_suffix', 'Kykuit', 'IRE')",Green Desert,2024-06-14,2.0,True,True,True,3,2445,Different horse,complete_pedigree_change_with_separated_chronology,True,
Sitcom (IRE),Oscar (IRE),"('parsed_suffix', 'Maith An Cailin', 'IRE')",Toulon,2,2,2015-01-04,2015-01-25,7,7,1,M,Maith An Cailin (IRE),parenthesized,Naas (IRE) | Leopardstown (IRE),1,2,,True,Masar (IRE),"('parsed_suffix', 'Be Fabulous', 'GER')",Samum,2024-03-06,3.0,True,True,True,3,3328,Different horse,complete_pedigree_change_with_separated_chronology,True,
Sky Watch (IRE),Flemensfirth (USA),"('parsed_suffix', 'The Shining Force', 'IRE')",Strong Gale,7,7,2015-03-24,2016-01-18,8,9,1,G,The Shining Force (IRE),parenthesized,Southwell | Worcester | Plumpton | Ludlow,1,2,,True,Starman (GB),"('parsed_suffix', 'Inuk', 'IRE')",Kodiac,2025-06-04,2.0,True,True,True,3,3425,Different horse,complete_pedigree_change_with_separated_chronology,True,
Slemish (IRE),Robin Des Champs (FR),"('parsed_suffix', 'Superficial Lady', 'IRE')",Beneficial,10,10,2016-05-23,2019-04-26,6,9,1,G,Superficial Lady (IRE),parenthesized,Sligo (IRE) | Tramore (IRE) | Wexford (IRE) | Fairyhouse (IRE) | Cork (IRE) | Gowran Park (IRE) | Down Royal (IRE) | Downpatrick (IRE) | Kilbeggan (IRE),1,2,,True,Jet Away (GB),"('parsed_suffix', 'Faraude', 'FR')",Take Risks,2024-12-19,3.0,True,True,True,3,2064,Different horse,complete_pedigree_change_with_separated_chronology,True,
Snow Dragon (IRE),Vale Of York (IRE),"('parsed_suffix', 'Attanagh', 'IRE')",Darnay,3,3,2015-11-11,2016-05-09,2,3,1,G,Attanagh (IRE),parenthesized,Dundalk (AW) (IRE) | Roscommon (IRE),1,2,,True,Decorated Knight (GB),"('parsed_suffix', 'Rose Of Miracles', 'GB')",Dalakhani,2024-11-01,3.0,True,True,True,3,3098,Different horse,complete_pedigree_change_with_separated_chronology,True,
Sombrero (IRE),Dylan Thomas (IRE),"('parsed_suffix', 'Serenata', 'GER')",Lomitas,1,1,2024-04-18,2024-04-18,7,7,1,H,Serenata (GER),parenthesized,Longchamp (FR),1,2,,True,Dylan Thomas (IRE),"('parsed_suffix', 'Serenata I', 'GER')",Lomitas,2024-07-03,7.0,False,True,False,1,76,Corrected,bounded_continuity_or_source_correction,False,
Son Of Beauty (IRE),Vocalised (USA),"('parsed_suffix', 'Sunset Beauty', 'IRE')",Whipper,5,5,2018-03-25,2019-09-26,2,3,2,C | G,Sunset Beauty (IRE),parenthesized,Naas (IRE) | Navan (IRE) | Beverley | Southwell (AW),1,2,,True,Nando Parrado (GB),"('parsed_suffix', 'Pretty Face', 'GB')",Rainbow Quest,2026-01-23,3.0,True,True,True,3,2311,Different horse,complete_pedigree_change_with_separated_chronology,True,
Space Age (IRE),New Approach (IRE),"('parsed_suffix', 'Historian', 'IRE')",Pennekamp,5,5,2015-05-16,2015-07-29,3,3,1,G,Historian (IRE),parenthesized,Newbury | Newmarket | Ascot | Goodwood,1,2,,True,Make Believe (GB),"('parsed_suffix', 'Dont Cry Daddy', 'IRE')",Tamayuz,2022-10-22,2.0,True,True,True,3,2642,Different horse,complete_pedigree_change_with_separated_chronology,True,
Spitzbergen (FR),Zoffany (IRE),"('parsed_suffix', 'Silver Face', 'FR')",Iron Mask,6,6,2017-04-23,2018-09-23,3,4,1,G,Silver Face (FR),parenthesized,Saint-Cloud (FR) | Meydan (UAE) | Bro Park (SWE) | Ovrevoll (NOR),1,2,,True,Goken (FR),"('parsed_suffix', 'Ice Love', 'FR')",Three Valleys,2024-11-09,2.0,True,True,True,3,2239,Different horse,complete_pedigree_change_with_separated_chronology,True,
Spricklestown (IRE),Craigsteel (GB),"('parsed_suffix', 'Double Doc', 'IRE')",Moonax,1,1,2015-04-04,2015-04-04,5,5,1,M,Double Doc (IRE),parenthesized,Carlisle,1,2,,True,Doyen (IRE),"('parsed_suffix', 'Old Carton Lass', 'IRE')",Presenting,2024-07-23,5.0,True,True,True,3,3398,Different horse,complete_pedigree_change_with_separated_chronology,True,
Square Necker (FR),Loup Solitaire (USA),"('parsed_suffix', 'Fancy Affair', 'GB')",Kris,2,2,2015-09-29,2015-10-22,3,3,1,G,Fancy Affair GB,bare,Enghien (FR) | Auteuil (FR),1,2,,True,Zarak (FR),"('parsed_suffix', 'Kyurem', 'IRE')",Verglas,2025-03-29,3.0,True,True,True,3,3446,Different horse,complete_pedigree_change_with_separated_chronology,True,
Star Galan (ARG),Galan De Cine (ARG),"('parsed_suffix', 'Geneatica', 'ARG')",Missionary,1,1,2022-05-25,2022-05-25,2,2,1,C,Geneatica (ARG),parenthesized,San Isidro (ARG),1,2,,True,Galan De Cine (ARG),"('parsed_suffix', 'Geneatica', 'ARG')",Missionary I,2023-06-24,3.0,False,False,True,1,395,Corrected,bounded_continuity_or_source_correction,False,
Steel (USA),Mineshaft (USA),"('parsed_suffix', 'Picketline', 'USA')",Street Cry,1,1,2015-01-17,2015-01-17,3,3,1,G,Picketline (USA),parenthesized,Golden Gate Fields (USA),1,2,,True,Tapit (USA),"('parsed_suffix', 'Snuggs And Kisses', 'USA')",Soto,2026-04-04,3.0,True,True,True,3,4095,Different horse,complete_pedigree_change_with_separated_chronology,True,
Stonegate (GB),Kayf Tara (GB),"('parsed_suffix', 'Megalex', 'GB')",Karinga Bay,3,3,2015-02-14,2015-11-02,5,5,1,G,Megalex GB,bare,Ascot | Huntingdon | Plumpton,1,2,,True,Proconsul (GB),"('parsed_suffix', 'Bonnie Burnett', 'IRE')",Hawk Wing,2023-04-06,4.0,True,True,True,3,2712,Different horse,complete_pedigree_change_with_separated_chronology,True,
Stripe Of Honour (IRE),Court Cave (IRE),"('parsed_suffix', 'Miss Top', 'IRE')",Tremblant,21,21,2018-03-24,2022-10-11,5,9,1,G,Miss Top (IRE),parenthesized,Thurles (IRE) | Market Rasen | Wetherby | Southwell | Uttoxeter | Worcester | Huntingdon | Hereford,1,2,,True,Court Cave (IRE),"('parsed_suffix', 'Miss Top', 'IRE')",Tremblant I,2023-05-17,10.0,False,False,True,1,218,Corrected,bounded_continuity_or_source_correction,False,
Strobe (USA),Into Mischief (USA),"('parsed_suffix', 'Flashing', 'USA')",A P Indy,7,7,2023-06-10,2025-03-14,4,6,2,C | G,Flashing (USA),parenthesized,Belmont Park (USA) | Kempton (AW) | Meydan (UAE) | Jebel Ali (UAE),1,2,,True,Into Mischief (USA),"('parsed_suffix', 'Flashing', 'USA')",A.P. Indy,2026-01-18,7.0,False,False,True,1,310,Corrected,bounded_continuity_or_source_correction,False,
Super Saint (FR),Samum (GER),"('parsed_suffix', 'Zoom', 'GER')",Lomitas,1,1,2015-12-17,2015-12-17,2,2,1,C,Zoom (GER),parenthesized,Deauville (FR),1,2,,True,Saint Des Saints (FR),"('parsed_suffix', 'La Champmesle', 'FR')",Turgeon,2024-03-26,5.0,True,True,True,3,3022,Different horse,complete_pedigree_change_with_separated_chronology,True,
Swing Time (IRE),Choisir (AUS),"('parsed_suffix', 'Damalis', 'IRE')",Mukaddamah,4,4,2017-07-26,2017-10-30,3,3,1,G,Damalis (IRE),parenthesized,Leicester | Doncaster | Newcastle (AW) | Redcar,1,2,,True,Pour Moi (IRE),"('parsed_suffix', 'Europa', 'GER')",Arcano,2024-10-08,5.0,True,True,True,3,2535,Different horse,complete_pedigree_change_with_separated_chronology,True,
Swinging Sixties (IRE),Singspiel (IRE),"('parsed_suffix', 'Velvet Lady', 'GB')",Nashwan,1,1,2015-12-18,2015-12-18,10,10,1,G,Velvet Lady GB,bare,Jebel Ali (UAE),1,2,,True,Sixties Icon (GB),"('parsed_suffix', 'Social Butterfly', 'IRE')",Clodovil,2022-10-06,2.0,True,True,True,3,2484,Different horse,complete_pedigree_change_with_separated_chronology,True,
Synchronicity (IRE),High Chaparral (IRE),"('parsed_suffix', 'Sea Of Time', 'USA')",Gilded Time,2,2,2015-09-19,2015-09-30,6,6,1,G,Sea Of Time (USA),parenthesized,Listowel (IRE) | Chepstow,1,2,,True,Night Of Thunder (IRE),"('parsed_suffix', 'Syndicate', 'GB')",Dansili,2026-04-17,3.0,True,True,True,3,3852,Different horse,complete_pedigree_change_with_separated_chronology,True,
Taj Alaelyaa (KSA),Worldly (USA),"('parsed_suffix', 'Khar Aeobah', 'KSA')",Inaad,1,1,2024-02-24,2024-02-24,5,5,1,H,Khar Aeobah (KSA),parenthesized,Riyadh (KSA),1,2,,True,Worldly (USA),"('parsed_suffix', 'Khar Aeobah', 'KSA')",Inaad I,2025-02-22,6.0,False,False,True,1,364,Corrected,bounded_continuity_or_source_correction,False,
Tanis (FR),Kentucky Dynamite (USA),"('parsed_suffix', 'Atlantic Festival', 'USA')",Theatrical,1,1,2017-01-26,2017-01-26,3,3,1,F,Atlantic Festival (USA),parenthesized,Cagnes-Sur-Mer (FR),1,2,,True,Zelzal (FR),"('parsed_suffix', 'Touching The Sky', 'IRE')",Rip Van Winkle,2023-05-01,2.0,True,True,True,3,2286,Different horse,complete_pedigree_change_with_separated_chronology,True,
Tavarua (IRE),Intense Focus (USA),"('parsed_suffix', 'Cloud Break', 'GB')",Dansili,1,1,2015-04-25,2015-04-25,4,4,1,F,Cloud Break GB,bare,Limerick (IRE),1,2,,True,Ravens Pass (USA),"('parsed_suffix', 'Sannkala', 'FR')",Medicean,2026-04-08,3.0,True,True,True,3,4001,Different horse,complete_pedigree_change_with_separated_chronology,True,
Tazara (IRE),Milan (GB),"('parsed_suffix', 'Taisilk', 'IRE')",Taipan,1,1,2016-05-27,2016-05-27,7,7,1,M,Taisilk (IRE),parenthesized,Down Royal (IRE),1,2,,True,Blue Point (IRE),"('parsed_suffix', 'LExplora', 'USA')",War Front,2023-10-12,2.0,True,True,True,3,2694,Different horse,complete_pedigree_change_with_separated_chronology,True,
Teddys Acre (IRE),Aristotle (IRE),"('parsed_suffix', 'Akasha', 'IRE')",Stowaway,7,7,2017-12-10,2019-06-19,4,6,1,G,Akasha (IRE),parenthesized,Punchestown (IRE) | Cork (IRE) | Thurles (IRE) | Wexford (IRE) | Limerick (IRE) | Uttoxeter,1,2,,True,Affinisea (IRE),"('parsed_suffix', 'Shaluna', 'IRE')",Shantou,2026-04-19,4.0,True,True,True,3,2496,Different horse,complete_pedigree_change_with_separated_chronology,True,
Teen Spirit (FR),Antarctique (IRE),"('parsed_suffix', 'Bahia Belle', 'FR')",Sendawar,1,1,2015-07-02,2015-07-02,4,4,1,F,Bahia Belle (FR),parenthesized,Deauville (FR),1,2,,True,Nirvana Du Berlais (FR),"('parsed_suffix', 'La Coquette', 'GER')",Kamsin,2026-02-23,4.0,True,True,True,3,3889,Different horse,complete_pedigree_change_with_separated_chronology,True,
Teenage Kiss (IRE),Elzaam (AUS),"('parsed_suffix', 'Karenka', 'IRE')",Arakan,4,4,2017-07-22,2017-11-03,3,3,1,F,Karenka (IRE),parenthesized,Gowran Park (IRE) | Dundalk (AW) (IRE),1,2,,True,Walk In The Park (IRE),"('parsed_suffix', 'Serious Fun', 'IRE')",Galileo,2025-04-20,4.0,True,True,True,3,2725,Different horse,complete_pedigree_change_with_separated_chronology,True,
Telepathique (GB),Telescope (IRE),"('parsed_suffix', 'Rhetorique', 'FR')",Smadoun,3,3,2023-02-04,2023-04-13,5,5,1,M,Rhetorique (FR),parenthesized,Wetherby | Warwick | Aintree,1,2,,True,Telescope (IRE),"('parsed_suffix', 'Rhetorique I', 'FR')",Smadoun,2023-11-09,5.0,False,True,False,1,210,Corrected,bounded_continuity_or_source_correction,False,
Tell The Tale (IRE),Craigsteel (GB),"('parsed_suffix', 'Club Member', 'IRE')",Flemensfirth,15,15,2016-06-11,2018-09-11,6,8,1,G,Club Member (IRE),parenthesized,Hexham | Perth | Worcester | Plumpton | Wetherby | Chepstow | Wincanton | Towcester | Sedgefield | Ludlow | Market Rasen | Newton Abbot,1,2,,True,Order Of St George (IRE),"('parsed_suffix', 'A Touch Of Sparkle', 'IRE')",Golan,2025-03-22,5.0,True,True,True,3,2384,Different horse,complete_pedigree_change_with_separated_chronology,True,
Thats Nice (IRE),Milan (GB),"('parsed_suffix', 'Vol De Minuit', 'FR')",Loup Solitaire,4,4,2015-04-17,2015-11-05,6,6,1,G,Vol De Minuit (FR),parenthesized,Tipperary (IRE) | Roscommon (IRE) | Listowel (IRE) | Thurles (IRE),1,2,,True,Walk In The Park (IRE),"('parsed_suffix', 'Bloody Mary', 'FR')",Fragrant Mix,2024-11-21,4.0,True,True,True,3,3304,Different horse,complete_pedigree_change_with_separated_chronology,True,
The Outlaw (IRE),Presenting (GB),"('parsed_suffix', 'Bonnie Parker', 'IRE')",Un Desperado,10,10,2015-03-23,2016-09-24,5,6,1,G,Bonnie Parker (IRE),parenthesized,Taunton | Warwick | Stratford | Worcester | Southwell | Newton Abbot | Market Rasen,1,2,,True,New Bay (GB),"('parsed_suffix', 'Refusetolisten', 'IRE')",Clodovil,2024-05-16,2.0,True,True,True,3,2791,Different horse,complete_pedigree_change_with_separated_chronology,True,
Theres Claude (GB),Nathaniel (IRE),"('parsed_suffix', 'Storyland', 'USA')",Menifee,3,3,2023-11-24,2024-02-09,5,6,1,G,Storyland (USA),parenthesized,Ascot | Uttoxeter | Kempton,1,2,,True,Nathaniel (IRE),"('parsed_suffix', 'Storyland I', 'USA')",Menifee,2025-12-22,7.0,False,True,False,1,682,Corrected,bounded_continuity_or_source_correction,False,
Thirty Bob (IRE),Brian Boru (GB),"('parsed_suffix', 'The Rebel Lady', 'IRE')",Mister Lord,2,2,2016-04-10,2016-04-21,5,5,1,G,The Rebel Lady (IRE),parenthesized,Ffos Las | Exeter,1,2,,True,Leading Light (IRE),"('parsed_suffix', 'Missy OBrien', 'IRE')",Supreme Leader,2024-10-12,4.0,True,True,True,3,3096,Different horse,complete_pedigree_change_with_separated_chronology,True,
Thora (IRE),Iffraaj (GB),"('parsed_suffix', 'Authora', 'IRE')",Authorized,2,2,2019-03-23,2019-04-06,3,3,1,F,Authora (IRE),parenthesized,Kempton (AW) | Lingfield (AW),1,2,,True,Night Of Thunder (IRE),"('parsed_suffix', 'Boyne River', 'GB')",Kingman,2025-05-23,2.0,True,True,True,3,2239,Different horse,complete_pedigree_change_with_separated_chronology,True,
Tiffany (IRE),Kings Best (USA),"('parsed_suffix', 'Barring Order', 'IRE')",Barathea,1,1,2015-07-16,2015-07-16,3,3,1,F,Barring Order (IRE),parenthesized,Leopardstown (IRE),1,2,,True,Farhh (GB),"('parsed_suffix', 'Affinity', 'GB')",Sadlers Wells,2022-12-20,2.0,True,True,True,3,2714,Different horse,complete_pedigree_change_with_separated_chronology,True,
Time Quest (GB),Time Test (GB),"('parsed_suffix', 'Rainbows Edge', 'GB')",Rainbow Quest,2,2,2022-05-26,2022-06-17,3,3,1,G,Rainbows Edge GB,bare,Ripon | Ayr,1,2,,True,Time Test (GB),"('parsed_suffix', 'Rainbows Edge I', 'GB')",Rainbow Quest,2025-11-04,6.0,False,True,False,1,1236,Corrected,bounded_continuity_or_source_correction,False,
Track Mate (USA),Union Rags (USA),"('parsed_suffix', 'Teammate', 'USA')",A P Indy,2,2,2022-08-06,2024-05-04,2,4,1,C,Teammate (USA),parenthesized,Saratoga (USA) | Churchill Downs (USA),1,2,,True,Union Rags (USA),"('parsed_suffix', 'Teammate', 'USA')",A.P. Indy,2026-04-04,6.0,False,False,True,1,700,Corrected,bounded_continuity_or_source_correction,False,
Trafalgar Square (FR),Irish Wells (FR),"('parsed_suffix', 'Diamond Square', 'FR')",Dyhim Diamond,1,1,2015-03-18,2015-03-18,4,4,1,G,Diamond Square (FR),parenthesized,Enghien (FR),1,2,,True,Kendargent (FR),"('parsed_suffix', 'See You Always', 'GB')",Siyouni,2024-03-16,3.0,True,True,True,3,3286,Different horse,complete_pedigree_change_with_separated_chronology,True,
Tranquil Sea (IRE),Sea Raven (IRE),"('parsed_suffix', 'Silver Valley', 'IRE')",Henbit,2,2,2015-02-28,2015-04-11,13,13,1,G,Silver Valley (IRE),parenthesized,Newbury | Aintree,1,2,,True,Teofilo (IRE),"('parsed_suffix', 'Finata', 'GB')",Dubawi,2023-11-07,3.0,True,True,True,3,3132,Different horse,complete_pedigree_change_with_separated_chronology,True,
Treaty Of Rome (USA),War Front (USA),"('parsed_suffix', 'Blading Gold Ring', 'USA')",During,23,23,2015-06-26,2018-04-30,3,6,2,C | G,Blading Gold Ring (USA),parenthesized,Curragh (IRE) | Dundalk (AW) (IRE) | Southwell (AW) | Chelmsford (AW) | Nottingham | Doncaster | Newcastle (AW),1,2,,True,Uncle Mo (USA),"('parsed_suffix', 'Coin Broker', 'IRE')",Montjeu,2025-01-04,3.0,True,True,True,3,2441,Different horse,complete_pedigree_change_with_separated_chronology,True,
Trojan Sun (GB),Kayf Tara (GB),"('parsed_suffix', 'Sun Dante', 'IRE')",Phardante,2,2,2015-02-05,2015-05-20,9,9,1,G,Sun Dante (IRE),parenthesized,Huntingdon | Southwell,1,2,,True,Sun Central (IRE),"('parsed_suffix', 'Morena Park', 'GB')",Pivotal,2024-05-22,4.0,True,True,True,3,3290,Different horse,complete_pedigree_change_with_separated_chronology,True,
Tywin (FR),Evasive (GB),"('parsed_suffix', 'Boulba DAlben', 'FR')",Dark Angel,3,3,2016-04-28,2016-07-24,2,2,1,G,Boulba DAlben (FR),parenthesized,Chantilly (FR) | Maisons-Laffitte (FR),1,2,,True,Mehmas (IRE),"('parsed_suffix', 'Louversey', 'GB')",Arcano,2024-12-12,2.0,True,True,True,3,3063,Different horse,complete_pedigree_change_with_separated_chronology,True,
Under Siege (IRE),Invincible Spirit (IRE),"('parsed_suffix', 'Interpose', 'GB')",Indian Ridge,18,18,2015-05-08,2017-04-24,3,5,1,G,Interpose GB,bare,Ripon | Pontefract | Hamilton | Brighton | Epsom | Chelmsford (AW) | Kempton (AW) | Newmarket | Windsor,1,2,,True,Wootton Bassett (GB),"('parsed_suffix', 'Sandras Secret', 'IRE')",Zebedee,2024-04-20,3.0,True,True,True,3,2553,Different horse,complete_pedigree_change_with_separated_chronology,True,
User Kindly (GB),Golden Horn (GB),"('parsed_suffix', 'Round Midnight I', 'GB')",Paco Boy,9,9,2021-08-29,2022-07-10,2,3,1,C,Round Midnight I GB,bare,Yarmouth | Salisbury | Chantilly (FR) | Deauville (FR),1,2,,True,Golden Horn (GB),"('parsed_suffix', 'Round Midnight', 'GB')",Paco Boy,2022-08-11,3.0,False,True,False,1,32,Corrected,bounded_continuity_or_source_correction,False,
Vatican (AUS),Gods Own (AUS),"('parsed_suffix', 'Our Sistine', 'AUS')",Peintre Celebre,2,2,2015-04-18,2015-05-02,6,6,1,G,Our Sistine (AUS),parenthesized,Caulfield (AUS) | Morphettville (AUS),1,2,,True,Wootton Bassett (GB),"('parsed_suffix', 'Egyptian Missile', 'AUS')",Smart Missile,2025-12-13,2.0,True,True,True,3,3878,Different horse,complete_pedigree_change_with_separated_chronology,True,
Venice (FR),Lawman (FR),"('parsed_suffix', 'La Gioconda', 'SWI')",King Of Kings,4,4,2015-01-10,2015-03-06,3,3,1,F,La Gioconda (SWI),parenthesized,Deauville (FR) | Chantilly (FR),1,2,,True,Almanzor (FR),"('parsed_suffix', 'Velvet Star', 'IRE')",Galileo,2022-08-20,2.0,True,True,True,3,2724,Different horse,complete_pedigree_change_with_separated_chronology,True,
Verlan (FR),Dom Alco (FR),"('parsed_suffix', 'Haitza I', 'FR')",Video Rock,1,1,2015-02-24,2015-02-24,6,6,1,G,Haitza I (FR),parenthesized,Enghien (FR),1,2,,True,Nayef (USA),"('parsed_suffix', 'Veni Bidi Vici', 'GB')",Horse Chestnut,2022-09-17,5.0,True,True,True,3,2762,Different horse,complete_pedigree_change_with_separated_chronology,True,
Verse Of Love (GB),Byron (GB),"('parsed_suffix', 'Lovellian', 'GB')",Machiavellian,2,2,2015-02-21,2015-02-28,6,6,1,G,Lovellian GB,bare,Lingfield (AW),1,2,,True,Siyouni (FR),"('parsed_suffix', 'Vercelli', 'GB')",Shamardal,2024-10-11,2.0,True,True,True,3,3513,Different horse,complete_pedigree_change_with_separated_chronology,True,
Virtuose (FR),Poliglote (GB),"('parsed_suffix', 'Neiland', 'FR')",Cyborg,2,2,2016-04-02,2016-05-04,7,7,1,G,Neiland (FR),parenthesized,Auteuil (FR),1,2,,True,Sea The Stars (IRE),"('parsed_suffix', 'Cherriya', 'FR')",Montjeu,2023-12-06,3.0,True,True,True,3,2772,Different horse,complete_pedigree_change_with_separated_chronology,True,
Volcano (FR),Martaline (GB),"('parsed_suffix', 'Lyli Rose', 'FR')",Lyphards Wish,47,47,2017-10-24,2024-02-25,3,10,1,G,Lyli Rose (FR),parenthesized,Exeter | Cheltenham | Chepstow | Ffos Las | Uttoxeter | Haydock | Fakenham | Ascot | Hereford | Bangor-on-Dee | Ludlow | Warwick | Aintree | Sandown | Worcester,1,2,,True,Ribchester (IRE),"('parsed_suffix', 'Vejer', 'IRE')",Dalakhani,2025-06-13,3.0,True,True,True,3,474,Different horse,complete_pedigree_change_with_separated_chronology,True,
Voyager (FR),Mr Sidney (USA),"('parsed_suffix', 'Villadolide', 'FR')",Anabaa,4,4,2015-11-02,2019-09-25,4,8,1,G,Villadolide (FR),parenthesized,Chantilly (FR) | Maisons-Laffitte (FR),1,2,,True,Pennys Picnic (IRE),"('parsed_suffix', 'Venga Venga', 'IRE')",Montjeu,2023-09-02,5.0,True,True,True,3,1438,Different horse,complete_pedigree_change_with_separated_chronology,True,
Walt (IRE),Kings Theatre (IRE),"('parsed_suffix', 'Allee Sarthoise', 'FR')",Pampabird,28,28,2015-12-01,2020-01-11,4,9,1,G,Allee Sarthoise (FR),parenthesized,Lingfield (AW) | Kempton | Fakenham | Ffos Las | Ascot | Fontwell | Wincanton | Bangor-on-Dee | Chepstow | Exeter | Worcester | Taunton | Newbury | Cheltenham | Perth | Uttoxeter,1,2,,True,Persian Force (IRE),"('parsed_suffix', 'Luna Moon', 'GB')",Equiano,2026-05-21,2.0,True,True,True,3,2322,Different horse,complete_pedigree_change_with_separated_chronology,True,
Waltzing Matilda (FR),Hurricane Cat (USA),"('parsed_suffix', 'Music Cay', 'GB')",Sinndar,1,1,2018-08-16,2018-08-16,4,4,1,F,Music Cay GB,bare,Deauville (FR),1,2,,True,Walzertakt (GER),"('parsed_suffix', 'Medicity', 'FR')",Sagacity,2025-03-18,5.0,True,True,True,3,2406,Different horse,complete_pedigree_change_with_separated_chronology,True,
Washeek (IRE),Kodiac (GB),"('parsed_suffix', 'Starring', 'FR')",Ashkalani,1,1,2017-04-15,2017-04-15,2,2,1,C,Starring (FR),parenthesized,Musselburgh,1,2,,True,Saxon Warrior (JPN),"('parsed_suffix', 'Desert Version', 'GB')",Green Desert,2023-08-11,2.0,True,True,True,3,2309,Different horse,complete_pedigree_change_with_separated_chronology,True,
Western Ruler (IRE),Westerner (GB),"('parsed_suffix', 'Time In Milan', 'IRE')",Milan,8,8,2016-11-19,2018-04-26,4,6,1,G,Time In Milan (IRE),parenthesized,Punchestown (IRE) | Navan (IRE) | Fairyhouse (IRE) | Limerick (IRE) | Clonmel (IRE) | Naas (IRE),1,2,,True,Acclamation (GB),"('parsed_suffix', 'Exquisite Ruby', 'GB')",Exceed And Excel,2025-02-28,3.0,True,True,True,3,2500,Different horse,complete_pedigree_change_with_separated_chronology,True,
Westwood (USA),Bernardini (USA),"('parsed_suffix', 'Ashado', 'USA')",Saint Ballado,3,3,2018-04-07,2018-06-08,4,4,1,G,Ashado (USA),parenthesized,Keeneland (USA) | Belmont Park (USA),1,2,,True,Authentic (USA),"('parsed_suffix', 'Indian Bay', 'USA')",Indian Charlie,2025-04-06,3.0,True,True,True,3,2494,Different horse,complete_pedigree_change_with_separated_chronology,True,
What A Whopper (IRE),Bushranger (IRE),"('parsed_suffix', 'Chica Whopa', 'IRE')",Oasis Dream,1,1,2015-03-28,2015-03-28,2,2,1,F,Chica Whopa (IRE),parenthesized,Kempton (AW),1,2,,True,Churchill (IRE),"('parsed_suffix', 'Chica Whopa', 'IRE')",Oasis Dream,2022-08-25,2.0,True,False,False,1,2707,Different horse,material_partial_pedigree_change_with_separated_chronology,True,NB19-ID-0016
Wiggles (IRE),Rock Of Gibraltar (IRE),"('parsed_suffix', 'Wakel Star', 'IRE')",AlmutawakelI,1,1,2019-09-28,2019-09-28,5,5,1,M,Wakel Star (IRE),parenthesized,Navan (IRE),1,2,,True,Rock Of Gibraltar (IRE),"('parsed_suffix', 'Wakel Star', 'IRE')",Almutawakel,2020-06-26,6.0,False,False,True,1,272,Corrected,bounded_continuity_or_source_correction,False,
Wild Side (IRE),Dark Angel (IRE),"('parsed_suffix', 'Miss Windley', 'IRE')",Oratorio,2,2,2015-09-07,2015-10-03,2,2,1,C,Miss Windley (IRE),parenthesized,Brighton | Redcar,1,2,,True,Kodiac (GB),"('parsed_suffix', 'Inverse', 'IRE')",Oasis Dream,2022-09-15,2.0,True,True,True,3,2539,Different horse,complete_pedigree_change_with_separated_chronology,True,
Wolverine (FR),Take Risks (FR),"('parsed_suffix', 'Sevres', 'USA')",Lyphards Wish,25,25,2015-03-10,2018-10-30,8,11,1,G,Sevres (USA),parenthesized,Saint-Cloud (FR) | Maisons-Laffitte (FR) | Longchamp (FR) | Deauville (FR) | Chantilly (FR),1,2,,True,Time Test (GB),"('parsed_suffix', 'Winter Count', 'USA')",Mizzen Mast,2026-02-05,3.0,True,True,True,3,2655,Different horse,complete_pedigree_change_with_separated_chronology,True,
Yamarhaba Malayeen (IRE),Rip Van Winkle (IRE),"('parsed_suffix', 'Obama Rule', 'IRE')",Danehill Dancer,5,5,2017-04-12,2017-11-22,3,3,1,C,Obama Rule (IRE),parenthesized,Kempton (AW) | Ascot | Musselburgh,1,2,,True,Camelot (GB),"('parsed_suffix', 'Dusty In Memphis', 'USA')",Broken Vow,2024-10-24,2.0,True,True,True,3,2528,Different horse,complete_pedigree_change_with_separated_chronology,True,
Yorkshire (IRE),Tagula (IRE),"('parsed_suffix', 'Bun Penny', 'GB')",Bertolini,5,5,2015-08-05,2015-11-28,3,3,1,G,Bun Penny GB,bare,Newcastle | Catterick | Redcar | Kempton (AW) | Wolverhampton (AW),1,2,,True,Harry Angel (IRE),"('parsed_suffix', 'Totsiyah', 'IRE')",Dalakhani,2022-08-07,2.0,True,True,True,3,2444,Different horse,complete_pedigree_change_with_separated_chronology,True,
Yukon River (IRE),Court Cave (IRE),"('parsed_suffix', 'Alaska River', 'IRE')",Whitmores Conn,1,1,2017-04-16,2017-04-16,5,5,1,M,Alaska River (IRE),parenthesized,Cork (IRE),1,2,,True,Camelot (GB),"('parsed_suffix', 'Clear Skies', 'GB')",Sea The Stars,2023-09-04,3.0,True,True,True,3,2332,Different horse,complete_pedigree_change_with_separated_chronology,True,
Zangar (FR),Dream Well (FR),"('parsed_suffix', 'Gallerys Native', 'FR')",Gallery Of Zurich,3,3,2015-11-25,2016-05-04,5,6,1,G,Gallerys Native (FR),parenthesized,Auteuil (FR) | Enghien (FR),1,2,,True,Golden Horde (IRE),"('parsed_suffix', 'Zimira', 'IRE')",Invincible Spirit,2025-05-09,3.0,True,True,True,3,3292,Different horse,complete_pedigree_change_with_separated_chronology,True,
