candidate_pair_id,candidate_generation_method,strict_comparison_key,left_raw_jockey_label,right_raw_jockey_label,pair_label_structure,temporal_relationship,gap_days,overlap_days,left_runner_rows,right_runner_rows,combined_runner_rows,same_race_collisions,shared_horse_count,shared_horses,shared_trainer_count,shared_trainers,context_candidate_status,review_priority,review_reason,identity_relationship,left_verified_person_name,right_verified_person_name,verification_status,verification_id,evidence_type,evidence_locator,evidence_accessed_date,confidence,review_notes,database_action,review_scope_status,review_trigger,review_scope_reason
JOCKEY-STRICT-0001,observed_leading_title_removed_exact_match,b oneill,Miss B ONeill,Mr B ONeill,two_title_bearing_labels,observed_periods_overlap,0,2222,10,700,710,1,0,,0,,same_race_collision,1,labels occur on separate runners in the same provisional race,different_people,,,confirmed,NB22-JOCKEY-0001,published_result,https://www.racingpost.com/results/192/naas/2017-11-11/688901,2026-08-04,high,"The published 4:05 Naas result on 2017-11-11 lists Miss B O'Neill and Mr B O'Neill as separate riders in the same race. This confirms that the two raw labels represent different people. The evidence does not establish either rider's full registered name, so both verified-name fields remain blank.",preserve_separate_participant_identities,completed,,Relationship supported by inspected external evidence.
JOCKEY-STRICT-0002,observed_leading_title_removed_exact_match,marie velon,Mlle Marie Velon,Mme Marie Velon,two_title_bearing_labels,observed_periods_separate,20,0,1428,1021,2449,0,80,Abstract (FR) | Acclam (FR) | Adhamiy (FR) | Agile (IRE) | Always Welcome (FR) | Athineos (FR) | Atome (GB) | Bacchilide (GB) | Bateau Blanc (GB) | Bellamore (FR) | Big Raj (FR) | Black Lives Matter (FR) | Blackbirdfly (ITY) | Canouann (FR) | Cervaro (FR) | Dandy Cool (FR) | Deep Hope (USA) | Deep Sea (FR) | Diamond Vendome (FR) | Diva Du Dancing (FR) | Eshiya (IRE) | Ferrari Fever (FR) | Fille Du Roi (FR) | Fuego Del Amor (FR) | Gin Gembre (FR) | Green Curry (IRE) | Heatherwood (FR) | Hollywood Africans (FR) | I Excel (FR) | Illustre Bere (FR) | Inkiostro (FR) | Iresine (FR) | Ismael Paint (FR) | Joyeuse Sage (FR) | Karioitahi (IRE) | LIenissei (FR) | La Belle Poete (FR) | Le Chat Botte (FR) | Leander (FR) | Les Trois Vallees (FR) | Looking At Me (FR) | Lord Monchablon (GB) | Lovely Angel (FR) | Ma Mome (FR) | Mi CInfilo (FR) | Micoleo (FR) | Moudir (FR) | Ozan (FR) | Parrhesia (FR) | Plain Beau (GB) | Planthalya (FR) | Polite (FR) | Rising Up (FR) | Riski Chope (FR) | Rocquemont (FR) | Romanello (FR) | Ruby In The Rocks (FR) | Saint Fiacre (FR) | Samagace Du Vivien (FR) | Santurin (FR) | Stepaside Bell (FR) | Summit (FR) | Tallinski (IRE) | Tertius (FR) | Testipedro (FR) | The Cats (FR) | Toijk (FR) | Two Two Two (FR) | Variyni (FR) | Vega Dream (GB) | Voulez Vous (FR) | Waldenon (FR) | War Chimes (FR) | We Ride The World (IRE) | Woody Wood (GER) | Yes Zara (FR) | Zantario (GER) | Zelzalita (FR) | Zenigata (FR) | Zilrak (FR),116,A & G Botti | A S & D Allard | A Schepens | A Schutz | Adrien Fouassier | Alain Couetil | Andreas Suborics | B Audouin | B De Montzey | B Goudot | B Legros | Brian Beaunez | C & Y Lerner | C Boutin | C Escuder | C Ferland | C Gourdain | C Lotoux | C Plisson | Carina Fey | Carmen Bocskai | Caroline Auvray | Charlotte Alesi | David Menuisier | Dr A Bolte | E Libaud | Edouard Monfort | Elias Mikhalides | F Alloncle | F Belmont | F Bresson | F Chappet | F Guyader | F Monnier | F Rohaut | F Vermeulen | F-H Graffard | Francois Monfort | Frau Hella Sauer | G Doleuze | G Nicot | G Pannier | Gavin Hernon | Gianluca Bietolini | Gregoire Juillet | H Blume | H De Nicolay | Hedi Ghabri | Henk Grewe | J Bertran De Balanda | J Bossert | J Parize | J Planque | J Reynier | J-J Chavarrias Arellano | J-M Beguigne | J-P Dubois | J-P Gauvin | Jean-Pierre Carvalho | Joaquim Armando Ferreira De Oliveira | Joeri Goossens | Julien Phelippon | L Cendra | Louis Baudron | Louis Bernhardt | M Alonso Roldan | M Boutin | M Brasme | M Delcher Sanchez | M Munch | M Nigge | M Pimbonnet | M Rolland | M Rulec | M Seror | M Weber | Marian Falk Weissmeier | Mario Baratti | Markus Geisler | Maurizio Guarnieri | Mlle Gaelle Gernay | Mme C Janssen | Mme L Vanska | Mme M Bollack-Badel | Mme M Solignac | Mme P Butel & J-L Beaunez | Mme S Gavilan | N Caullery | N Paysan | N Perret | Nick Littmoden | O Trigodet | P & J Brandt | P Adda | P Adda & F Renaut | P Cottier | P De Chevigny | P Decouz | P Groualle | P Sogorb | P Vovcenko | R Avial Lopez | R Chotard | Robert Collet | S Ghys | S Jesus | S Kobayashi | S Labate | S Pecoraro | Sofie Lanslots | Thibault Speicher | Vaclav Luka Jr | Xavier Blanchet | Y Barberot | Yannick Fouin | Yoann Bonnefoy,shared_horse,2,labels share one or more exact raw horse labels,same_person,Marie Vélon,Marie Vélon,confirmed,NB22-JOCKEY-0002,governing_body_profile; published_jockey_profile,https://www.france-galop.com/fr/content/la-jockey-marie-velon-signe-une-annee-2022-exceptionnelle; https://www.racingpost.com/profile/jockey/95747/mme-marie-velon,2026-08-04,high,"France Galop records one jockey, Marie Vélon, with a continuous professional career. Racing Post assigns Marie Velon the single jockey profile identifier 95747. The two source labels also share 80 exact horse labels and 116 trainer labels and never occur together in one provisional race. Treat both raw labels as presentations of the same person. Do not interpret Mlle and Mme as reliable effective-dated status values because published historical results may display a standardised or later title.",map_both_labels_to_same_participant_identity,completed,,Relationship supported by inspected external evidence.
JOCKEY-STRICT-0003,observed_leading_title_removed_exact_match,frida valle skar,Mlle Frida Valle Skar,Mme Frida Valle Skar,two_title_bearing_labels,observed_periods_overlap,0,9,797,673,1470,0,43,Almazora (FR) | Amoureuse (FR) | Anonyme (FR) | Bawe Island (FR) | Breath Of Fire (FR) | Comtesse Vera (FR) | Coral Slipper (FR) | Dream Again (FR) | Empiric (GB) | Excalibur (FR) | Fitzcarraldo (FR) | Glicourt (FR) | Green Curry (IRE) | Jaguare Precieuse (FR) | Joyeuse Sage (FR) | Karmina Bella (FR) | Kendra (FR) | King Robbe (FR) | Kolplet (FR) | Koutsounakos (GB) | Larno (FR) | Laura Trezy (FR) | Le Central (FR) | Leoparduccio (FR) | Lesslepasser (FR) | Lucky You (FR) | Maavah (FR) | Magic Sword (FR) | My Buddy (FR) | Noble Angel (GB) | Orange Vif (FR) | Oser (IRE) | Prince Des Dunes (FR) | Prince Shalaa (FR) | Ravens Spirit (FR) | Restless Spirit (GB) | Rouvray (GB) | Royalwood (FR) | Savile Row (FR) | True Value (FR) | Tudo Bem (FR) | White Platin (FR) | Zelda Rebel (FR),35,A Lopez | A S & D Allard | A Sagot | B Goudot | B Mohamed | C & Y Lerner | C Pautier | C Plisson | Charlotte Alesi | E Bernhardt | F-X Belvisi | Gianluca Bietolini | Guillaume Courbot | Helmi Boujardine | J Parize | J-L Pelletan | Jean-Raymond Breton | Laura Lemiere | M Boutin | M Krebs | M Nigge | M Swinnens | Maurizio Guarnieri | Mme C Barande-Barbe | Mme Conny Whitfield | Mme G Rarick | Mme M Desvaux | Niels Lantsoght | P Adda | P Adda & F Renaut | Rosine Bouckhuyt | Sofie Lanslots | Sven Schleppi | Yannick Fouin | Yoann Bonnefoy,shared_horse,2,labels share one or more exact raw horse labels,unresolved,,,not_started,,,,,,,preserve_raw_unresolved,deferred_until_material_use,specific_analysis_or_material_identity_risk,Strict normalisation generated an identity candidate only. Comprehensive external resolution is disproportionate without a specific analytical need. Preserve both raw labels and leave the relationship unresolved.
JOCKEY-STRICT-0004,observed_leading_title_removed_exact_match,perrine cheyer,Mlle Perrine Cheyer,Mme Perrine Cheyer,two_title_bearing_labels,observed_periods_separate,5,0,416,242,658,0,35,A Stolen Kiss (FR) | Albert Bridge (FR) | Bonnie Hopps (FR) | Boogie (FR) | Bozzo (FR) | Cap Skirring (FR) | Crew Dragon (FR) | Eliite (FR) | Excalibur (FR) | Gardol Moon (FR) | Go For It (FR) | Go Love (FR) | Hot Summer (FR) | Hypnotized (FR) | JAcclame (FR) | Kavakney (BEL) | Kilia (FR) | Kizmambo (IRE) | Koutsounakos (GB) | Kup Davis (FR) | London Way (FR) | Maguro (FR) | Mehgaway (FR) | Milad (FR) | Mitarc (BEL) | Moasa (FR) | My Universe (FR) | Naiade (FR) | Planthalya (FR) | Romanello (FR) | Rum Tum Tugger (FR) | Tallinski (IRE) | Tarcenay (IRE) | Vaydena (FR) | What Else Chop (FR),37,A Brenckle | A S & D Allard | A Sagot | A Schepens | Adrien Fouassier | B Le Regent | B Legros | Brian Beaunez | C Martinon | C Plisson | Frau Doris Ursula Smith | Frau Hella Sauer | G Collet | G Verheye | Gianluca Bietolini | I Endaltsev | J Carayon | J Lebosse | J Leroy | J Parize | J-M Plasschaert | Louis Baudron | M Figge | Mario Baratti | Melanie Van Den Weghe | Michael Schiestel | Michael Stehli | Mme Nathalie Vasutek-Zinck | P Adda & F Renaut | P Baudry | P Decouz | Prescillia Gruber | S Dehez | S Ghys | S Morineau | Sofie Lanslots | Yannick Fouin,shared_horse,2,labels share one or more exact raw horse labels,unresolved,,,not_started,,,,,,,preserve_raw_unresolved,deferred_until_material_use,specific_analysis_or_material_identity_risk,Strict normalisation generated an identity candidate only. Comprehensive external resolution is disproportionate without a specific analytical need. Preserve both raw labels and leave the relationship unresolved.
JOCKEY-STRICT-0005,observed_leading_title_removed_exact_match,jack andrews,Jack Andrews,Mr Jack Andrews,title_bearing_and_untitled,observed_periods_overlap,0,3296,523,161,684,0,30,Anariza (FR) | Begin The Luck (IRE) | Boleyn Boy (IRE) | Bonnets Vino (GB) | Boombawn (IRE) | Brave Jen (GB) | Broken Quest (IRE) | Character Testing (GB) | Crackerjack Queen (IRE) | Daytime Dreaming (IRE) | Fransham (GB) | George Darling (IRE) | Gouet Des Bruyeres (FR) | Jet Plane (IRE) | Latenightrumble (GB) | Lenjoleur De Palma (FR) | Lighthouse Mill (IRE) | Lord Sparky (GB) | Power Of Power (IRE) | Riddlestown (IRE) | Sambezi (FR) | Secret Vino (GB) | Smurfette (GB) | Soldiers Leap (IRE) | Takeit Easy (GB) | The Golden Rebel (IRE) | Tigers Moon (GB) | Treacyswestcounty (IRE) | William Cody (GB) | Xcitations (GB),14,Ben Case | Caroline Bailey | Caroline Fryer | Cynthia Woods | Dan Skelton | David Dennis | Henry Oliver | Laura Horsfall | N W Padfield | Oliver Signy | Olly Williams | Pam Sly | T Ellis | Toby Bulgin,shared_horse,2,labels share one or more exact raw horse labels,unresolved,,,not_started,,,,,,,preserve_raw_unresolved,deferred_until_material_use,specific_analysis_or_material_identity_risk,Strict normalisation generated an identity candidate only. Comprehensive external resolution is disproportionate without a specific analytical need. Preserve both raw labels and leave the relationship unresolved.
JOCKEY-STRICT-0006,observed_leading_title_removed_exact_match,ambre molins,Mlle Ambre Molins,Mme Ambre Molins,two_title_bearing_labels,observed_periods_separate,14,0,490,420,910,0,26,Americano (FR) | Auen Adventure (GER) | Dulini (GB) | Freja (FR) | Haaricia (FR) | Impitoyable (FR) | Le Gardolot (FR) | Lunala (FR) | Magnetique (IRE) | Manarola (FR) | Midsummer Dance (USA) | Mondainai (FR) | Monsieurvalchop (FR) | Not So Silly (FR) | Pennywell (FR) | Pitrizza (FR) | Rising Up (FR) | Rosetta Stone (FR) | Rouanita (FR) | Saga Timgad (FR) | Selket (IRE) | Shielding (USA) | Sundayinmay (GER) | Why Chope (FR) | Yollilal (FR) | Zoe (FR),30,B Goudot | B Legros | Brian Beaunez | C Boutin | C Escuder | C Plisson | Caroline Auvray | D De Waele | F Chappet | F-X Belvisi | Frau Hella Sauer | G Pannier | Gianluca Bietolini | H Blume | J Andreu | J Bourgeais | J Parize | Julian Resimont | M Lehmann | Marian Falk Weissmeier | Markus Geisler | Mme Helene Mennessier Martinez | Mme Nathalie Vasutek-Zinck | N Clement | P Sigaud | S Labate | S Morineau | Tim Donworth | Waldemar Hickst | Yoann Bonnefoy,shared_horse,2,labels share one or more exact raw horse labels,unresolved,,,not_started,,,,,,,preserve_raw_unresolved,deferred_until_material_use,specific_analysis_or_material_identity_risk,Strict normalisation generated an identity candidate only. Comprehensive external resolution is disproportionate without a specific analytical need. Preserve both raw labels and leave the relationship unresolved.
JOCKEY-STRICT-0007,observed_leading_title_removed_exact_match,paddy hanlon,Mr Paddy Hanlon,Paddy Hanlon,title_bearing_and_untitled,observed_periods_separate,13,0,49,544,593,0,22,A Mere Bagatelle (IRE) | Another Nightmare (IRE) | D Journey Man (IRE) | Dragon Rock (IRE) | Fascinating Shadow (IRE) | Fort Randall (IRE) | Half A Chance (IRE) | Hardy Buck (IRE) | Into The Unknown (IRE) | Lion City (IRE) | Miss Oreo (IRE) | Mullins Cross (IRE) | Pahlavi (IRE) | Phoenix Cowboy (USA) | Quest With Speed (IRE) | Real Empire (GB) | Rodney (IRE) | Sadies Diamond (IRE) | Seasett (GB) | Sefton Warrior (GB) | Sirekoff (IRE) | Topgun Simmy (IRE),3,Anthony McCann | John Joseph Hanlon | Patrick Neville,shared_horse,2,labels share one or more exact raw horse labels,unresolved,,,not_started,,,,,,,preserve_raw_unresolved,deferred_until_material_use,specific_analysis_or_material_identity_risk,Strict normalisation generated an identity candidate only. Comprehensive external resolution is disproportionate without a specific analytical need. Preserve both raw labels and leave the relationship unresolved.
JOCKEY-STRICT-0008,observed_leading_title_removed_exact_match,coralie pacaut,Mlle Coralie Pacaut,Mme Coralie Pacaut,two_title_bearing_labels,observed_periods_separate,68,0,1571,326,1897,0,18,Almazora (FR) | Big Boots (IRE) | Buti (FR) | Cold Play (FR) | Droit De Parole (IRE) | Eternel (FR) | Flamboyante (FR) | Giorgiana (FR) | Give Me Gold (FR) | Gray DAlbion (FR) | Joao (FR) | Khochenko (FR) | Konig Chouchen (FR) | Nosdargent (FR) | Obsess (FR) | Plenty City (FR) | Taal (FR) | Tarahumara Queen (FR),42,A Junk | C Escuder | C Lotoux | D & P ProdHomme | D Artu | D Smaga | E Libaud | Elias Mikhalides | F Vermeulen | F-X Belvisi | Francois Monfort | G Doleuze | G Pannier | Gianluca Bietolini | H Blume | H Fortineau | Ingrid Janackova Koplikova | J Bertin | J Bertran De Balanda | J-C Rouget | J-M Baudrelle | J-M Beguigne | J-V Toux | M Boutin | M Cesandri | Maurizio Guarnieri | Mme C Barande-Barbe | Mme F Chenu | Mme G Rarick | Mme Stephanie Jaffrelot-Bedon | Nicolas Le Roch | O Regley | P Adda | P Cottier | P Nicot | Pauline Menges | Roberto-Carlos Montenegro | S Wattel | Sofie Lanslots | Thibaut Richard | Tim Donworth | Y Barberot,shared_horse,2,labels share one or more exact raw horse labels,unresolved,,,not_started,,,,,,,preserve_raw_unresolved,deferred_until_material_use,specific_analysis_or_material_identity_risk,Strict normalisation generated an identity candidate only. Comprehensive external resolution is disproportionate without a specific analytical need. Preserve both raw labels and leave the relationship unresolved.
JOCKEY-STRICT-0009,observed_leading_title_removed_exact_match,tristan durrell,Mr Tristan Durrell,Tristan Durrell,title_bearing_and_untitled,observed_periods_overlap,0,1155,114,748,862,0,17,Calico (GER) | Dazzling Glory (IRE) | Faivoir (FR) | Farmers Gamble (GB) | Ferrobin (IRE) | Gentle Connections (GB) | Get On The Yager (GB) | Global Famenglory (IRE) | Go Steady (GB) | Marracudja (FR) | Moores Novelty (IRE) | Not That Fuisse (FR) | One For Billy (GB) | Ridgeway (FR) | Sofias Rock (FR) | Starsky (IRE) | West To The Bridge (IRE),8,Dan Skelton | David Brace | Ewan Whillans | Max Young | Milton Harris | N A Pearce | Suzy Smith | Tim Vaughan,shared_horse,2,labels share one or more exact raw horse labels,unresolved,,,not_started,,,,,,,preserve_raw_unresolved,deferred_until_material_use,specific_analysis_or_material_identity_risk,Strict normalisation generated an identity candidate only. Comprehensive external resolution is disproportionate without a specific analytical need. Preserve both raw labels and leave the relationship unresolved.
JOCKEY-STRICT-0010,observed_leading_title_removed_exact_match,alice stevens,Alice Stevens,Miss Alice Stevens,title_bearing_and_untitled,observed_periods_separate,14,0,338,168,506,0,16,Braganza Bay (GB) | Bretney (IRE) | Bridge North (IRE) | Buto (GB) | Earcomesbob (GB) | Earcomessue (GB) | Emma Hamilton (IRE) | Gustoso (GB) | Jimmy The Digger (GB) | Lily Glitters (GB) | Minniemum (GB) | Rapper (GB) | Regal Renaissance (GB) | Supreme Gift (IRE) | The Wrekin (IRE) | Time In The Sun (IRE),16,Alexandra Dunn | B F Brookhouse | Claire Dyson | David Pipe | Harry Derham | Helen Nelmes | Henry Daly | Ian Williams | Micky Hammond | Oliver Greenall & Josh Guerriero | Peter Pritchard | Robert Waley-Cohen | Ryan Potter | Sam England | Sandy Thomson | Tom Weston,shared_horse,2,labels share one or more exact raw horse labels,unresolved,,,not_started,,,,,,,preserve_raw_unresolved,deferred_until_material_use,specific_analysis_or_material_identity_risk,Strict normalisation generated an identity candidate only. Comprehensive external resolution is disproportionate without a specific analytical need. Preserve both raw labels and leave the relationship unresolved.
JOCKEY-STRICT-0011,observed_leading_title_removed_exact_match,maryline eon,Mlle Maryline Eon,Mme Maryline Eon,two_title_bearing_labels,observed_periods_separate,5,0,551,249,800,0,15,Antharis (GB) | Cream Ice (GB) | Great Charlie (FR) | Ippling (FR) | Kamaro DHuez (FR) | Lou Balicot (FR) | Madras (IRE) | Marshall Lessing (FR) | Nordeste (FR) | Plateado (FR) | Prince Des Dunes (FR) | Uchronie (FR) | Vote For Pedro (FR) | Zeyzoun (FR) | Zippere (FR),31,A & G Botti | A Baron | A Sanchez-Martin | Adrien Fouassier | Alain Couetil | B Audouin | B Legros | C Blin | C Lotoux | C Plisson | D Chenu | D De Watrigant | Edouard Monfort | F Vermeulen | Francois Monfort | Gavin Hernon | H-F Devin | Hiroo Shimizu | J Boisnard | J Bourgeais | M Alonso Roldan | M Brasme | M Delcher Sanchez | M Nigge | Maurizio Guarnieri | Mme C Barande-Barbe | Mme S Gavilan | N Bellanger | N Caullery | S Caceres | Simone Brogi,shared_horse,2,labels share one or more exact raw horse labels,unresolved,,,not_started,,,,,,,preserve_raw_unresolved,deferred_until_material_use,specific_analysis_or_material_identity_risk,Strict normalisation generated an identity candidate only. Comprehensive external resolution is disproportionate without a specific analytical need. Preserve both raw labels and leave the relationship unresolved.
JOCKEY-STRICT-0012,observed_leading_title_removed_exact_match,freddie gordon,Freddie Gordon,Mr Freddie Gordon,title_bearing_and_untitled,observed_periods_separate,33,0,394,95,489,0,15,Annual Invictus (IRE) | Baddesley (IRE) | Bentleys Return (IRE) | Blame The Game (IRE) | Coolvalla (IRE) | Id Like To Know (IRE) | Invictus De Brion (FR) | Kayf Legend (GB) | Press Your Luck (IRE) | Ramore Will (IRE) | Red Windsor (IRE) | Sami Bear (GB) | Stanley Pincombe (IRE) | Unanswered Prayers (IRE) | Who Is That (IRE),1,Chris Gordon,shared_horse,2,labels share one or more exact raw horse labels,unresolved,,,not_started,,,,,,,preserve_raw_unresolved,deferred_until_material_use,specific_analysis_or_material_identity_risk,Strict normalisation generated an identity candidate only. Comprehensive external resolution is disproportionate without a specific analytical need. Preserve both raw labels and leave the relationship unresolved.
JOCKEY-STRICT-0013,observed_leading_title_removed_exact_match,alex chadwick,Alex Chadwick,Mr Alex Chadwick,title_bearing_and_untitled,observed_periods_separate,11,0,99,266,365,0,14,Big Bert (IRE) | East Street (IRE) | Enthused (IRE) | Escapologist (FR) | Forget The Way (GB) | Honneur dAjonc (FR) | Jackpot Cash (FR) | Laser Focus (IRE) | Mermaids Cave (IRE) | My Gift To You (IRE) | Nazare (FR) | One Big Bang (IRE) | Snapius (IRE) | Tara Iti (GB),1,James Owen,shared_horse,2,labels share one or more exact raw horse labels,unresolved,,,not_started,,,,,,,preserve_raw_unresolved,deferred_until_material_use,specific_analysis_or_material_identity_risk,Strict normalisation generated an identity candidate only. Comprehensive external resolution is disproportionate without a specific analytical need. Preserve both raw labels and leave the relationship unresolved.
JOCKEY-STRICT-0014,observed_leading_title_removed_exact_match,lea bails,Mlle Lea Bails,Mme Lea Bails,two_title_bearing_labels,observed_periods_separate,13,0,757,190,947,0,13,Armorigene (FR) | Black Cess (FR) | Caly Rosay (FR) | Dieppe (FR) | Fayona (FR) | Gofast (FR) | Got Frost (FR) | Mystery Train (FR) | Namar (IRE) | Ravens Spirit (FR) | Saam (FR) | Um Elnadim (FR) | Zygfryd (FR),15,F-X Belvisi | G Collet | H Blume | I Endaltsev | Jeremy Da Silva | M Boutin | Mme M Bollack-Badel | Mme N Verheyen | N Caullery | Rosine Bouckhuyt | S Gouyette | S Jesus | S Labate | U Schwinn | X-L Le Stang,shared_horse,2,labels share one or more exact raw horse labels,unresolved,,,not_started,,,,,,,preserve_raw_unresolved,deferred_until_material_use,specific_analysis_or_material_identity_risk,Strict normalisation generated an identity candidate only. Comprehensive external resolution is disproportionate without a specific analytical need. Preserve both raw labels and leave the relationship unresolved.
JOCKEY-STRICT-0015,observed_leading_title_removed_exact_match,toby wynne,Mr Toby Wynne,Toby Wynne,title_bearing_and_untitled,observed_periods_overlap,0,33,66,708,774,0,13,Dieu Vivant (FR) | Dragonfruit (GB) | Duke Of Deception (IRE) | Ecossais (FR) | Gesskille (FR) | Gouet Des Bruyeres (FR) | Herbiers (FR) | Homme Public (FR) | Lucky Lover Boy (IRE) | Oceans Red (GB) | The Wild Wild Sea (GB) | Torino (IRE) | Tre A Peni (GB),6,Danny Brooke | Oliver Greenall & Josh Guerriero | Robbie Llewellyn | Robert Bevis | Sam Allwood | Sam England,shared_horse,2,labels share one or more exact raw horse labels,unresolved,,,not_started,,,,,,,preserve_raw_unresolved,deferred_until_material_use,specific_analysis_or_material_identity_risk,Strict normalisation generated an identity candidate only. Comprehensive external resolution is disproportionate without a specific analytical need. Preserve both raw labels and leave the relationship unresolved.
JOCKEY-STRICT-0016,observed_leading_title_removed_exact_match,tom broughton,Mr Tom Broughton,Tom Broughton,title_bearing_and_untitled,observed_periods_separate,50,0,183,259,442,0,13,Ahanaglogh (IRE) | Billams Legacy (GB) | Cheltenam De Vaige (FR) | Chief Black Robe (IRE) | Crosspark (GB) | Dexperado (FR) | Diamond Koda (IRE) | Dunworley (IRE) | Fine Investment (GB) | Geordie Night (GB) | Mix Of Clover (GB) | Oscar Robertson (IRE) | Tintintin (FR),5,Fergal OBrien | Max Comley | Nick Kent | Olly Williams | Richard Hobson,shared_horse,2,labels share one or more exact raw horse labels,unresolved,,,not_started,,,,,,,preserve_raw_unresolved,deferred_until_material_use,specific_analysis_or_material_identity_risk,Strict normalisation generated an identity candidate only. Comprehensive external resolution is disproportionate without a specific analytical need. Preserve both raw labels and leave the relationship unresolved.
JOCKEY-STRICT-0017,observed_leading_title_removed_exact_match,toby mccain-mitchell,Mr Toby McCain-Mitchell,Toby McCain-Mitchell,title_bearing_and_untitled,observed_periods_overlap,0,33,91,212,303,0,11,As Tears Go By (GB) | Ballyvaughan Bay (IRE) | Beauport (IRE) | Fine By Me (IRE) | Lively Citizen (IRE) | Our Bills Aunt (IRE) | Safe Destination (GB) | Slievegar (GB) | The Newest One (IRE) | Touchwoodexpress (IRE) | Unblinking (GB),10,Alex Hales | Charlie Longsdon | D J Jeffreys | Donald McCain | Jane Williams | Keiran Burke | Max Comley | Nigel & Willy Twiston-Davies | Noel Williams | Robert Bevis,shared_horse,2,labels share one or more exact raw horse labels,unresolved,,,not_started,,,,,,,preserve_raw_unresolved,deferred_until_material_use,specific_analysis_or_material_identity_risk,Strict normalisation generated an identity candidate only. Comprehensive external resolution is disproportionate without a specific analytical need. Preserve both raw labels and leave the relationship unresolved.
JOCKEY-STRICT-0018,observed_leading_title_removed_exact_match,sophie chuette,Mlle Sophie Chuette,Mme Sophie Chuette,two_title_bearing_labels,observed_periods_separate,14,0,304,154,458,0,11,Etchecoanderea (FR) | Furi De La Houssay (FR) | La Templiere (FR) | Ladybug (IRE) | Mandleft (FR) | Mi CInfilo (FR) | Rock Blanc (FR) | Screen Shot (FR) | Sweetest Thing (FR) | The Charmer (FR) | Woff (GER),9,C Plisson | Emilien Mollot | Gregoire Juillet | Kevin Plisson | M Boutin | M Delcher Sanchez | M Delzangles | S Morineau | Yoann Bonnefoy,shared_horse,2,labels share one or more exact raw horse labels,unresolved,,,not_started,,,,,,,preserve_raw_unresolved,deferred_until_material_use,specific_analysis_or_material_identity_risk,Strict normalisation generated an identity candidate only. Comprehensive external resolution is disproportionate without a specific analytical need. Preserve both raw labels and leave the relationship unresolved.
JOCKEY-STRICT-0019,observed_leading_title_removed_exact_match,alison massin,Mlle Alison Massin,Mme Alison Massin,two_title_bearing_labels,observed_periods_separate,6,0,952,101,1053,0,9,Best Of Light (FR) | Day Trader (FR) | Gabija (FR) | Hasapiko (FR) | Korem (FR) | Magic Vati (FR) | Planthalya (FR) | Ruudje (FR) | Villa Celina (FR),17,A S & D Allard | C & Y Lerner | C Plisson | Edouard Thueux | F-X De Chevigny | G Doleuze | G Pannier | H De Nicolay | Julien Phelippon | M Nigge | Mme P Butel & J-L Beaunez | N Clement | S Cerulis | S Gouyette | S Morineau | S Wattel | Y Barberot,shared_horse,2,labels share one or more exact raw horse labels,unresolved,,,not_started,,,,,,,preserve_raw_unresolved,deferred_until_material_use,specific_analysis_or_material_identity_risk,Strict normalisation generated an identity candidate only. Comprehensive external resolution is disproportionate without a specific analytical need. Preserve both raw labels and leave the relationship unresolved.
JOCKEY-STRICT-0020,observed_leading_title_removed_exact_match,alan osullivan,Alan OSullivan,Mr Alan OSullivan,title_bearing_and_untitled,observed_periods_separate,1,0,37,272,309,0,9,Divaboriva (IRE) | Harbour Highway (IRE) | Jisco Du Brem (FR) | Lisleigh Lad (IRE) | Midleton Rare (IRE) | Muckanagh Lough (IRE) | Robbie Diamonds (IRE) | Themanintheanorak (IRE) | Uptaurintop (IRE),13,Emmet Mullins | Eugene M OSullivan | Gordon Elliott | Ian Patrick Donoghue | Jonathan Sweeney | Michael Barry | Miss Hilary McLoughlin | Ms Eleanor Broderick | P A Fahy | Patrick T Foley | Paul OFlynn | Terence OBrien | W J Burke,shared_horse,2,labels share one or more exact raw horse labels,unresolved,,,not_started,,,,,,,preserve_raw_unresolved,deferred_until_material_use,specific_analysis_or_material_identity_risk,Strict normalisation generated an identity candidate only. Comprehensive external resolution is disproportionate without a specific analytical need. Preserve both raw labels and leave the relationship unresolved.
JOCKEY-STRICT-0021,observed_leading_title_removed_exact_match,freddie keighley,Freddie Keighley,Mr Freddie Keighley,title_bearing_and_untitled,observed_periods_separate,44,0,162,22,184,0,9,Back On The Lash (GB) | Continuance (GB) | Don Rafael (IRE) | Hot Goddess (IRE) | Osterberg (IRE) | Pike Road (GB) | Prairie Diamond (IRE) | Redbridge Rambler (IRE) | She Has Notions (IRE),4,Claire Dyson | Martin Keighley | Oliver Greenall & Josh Guerriero | Ryan Potter,shared_horse,2,labels share one or more exact raw horse labels,unresolved,,,not_started,,,,,,,preserve_raw_unresolved,deferred_until_material_use,specific_analysis_or_material_identity_risk,Strict normalisation generated an identity candidate only. Comprehensive external resolution is disproportionate without a specific analytical need. Preserve both raw labels and leave the relationship unresolved.
JOCKEY-STRICT-0022,observed_leading_title_removed_exact_match,laura poggionovo,Mlle Laura Poggionovo,Mme Laura Poggionovo,two_title_bearing_labels,observed_periods_separate,7,0,220,88,308,0,9,Captain Eagle (FR) | Handhy (FR) | Jiepies Melody (FR) | Jimfa (FR) | Jolly Gold (FR) | Just Light (FR) | Kaleo Palace (FR) | Kathina (FR) | Le Bolero (FR),3,Alain Couetil | C Plisson | Gianluca Bietolini,shared_horse,2,labels share one or more exact raw horse labels,unresolved,,,not_started,,,,,,,preserve_raw_unresolved,deferred_until_material_use,specific_analysis_or_material_identity_risk,Strict normalisation generated an identity candidate only. Comprehensive external resolution is disproportionate without a specific analytical need. Preserve both raw labels and leave the relationship unresolved.
JOCKEY-STRICT-0023,observed_leading_title_removed_exact_match,aude duporte,Mlle Aude Duporte,Mme Aude Duporte,two_title_bearing_labels,observed_periods_separate,426,0,706,56,762,0,8,Diwan Senora (FR) | Faster (FR) | Forever Coco (FR) | Jack OBoy (FR) | Kick Boxing (FR) | Lettys Marvel (FR) | Recoletty (FR) | Uzel (FR),7,C Le Veel | D & P ProdHomme | F-X Belvisi | F-X De Chevigny | Gianluca Bietolini | Mme G Rarick | S Cerulis,shared_horse,2,labels share one or more exact raw horse labels,unresolved,,,not_started,,,,,,,preserve_raw_unresolved,deferred_until_material_use,specific_analysis_or_material_identity_risk,Strict normalisation generated an identity candidate only. Comprehensive external resolution is disproportionate without a specific analytical need. Preserve both raw labels and leave the relationship unresolved.
JOCKEY-STRICT-0024,observed_leading_title_removed_exact_match,james turner,James Turner,Mr James Turner,title_bearing_and_untitled,observed_periods_separate,12,0,340,53,393,0,8,Ballintubber Boy (IRE) | Fantomas (FR) | Mavis Pike (GB) | Moroval (IRE) | One True King (IRE) | Pawpaw (GB) | Sleve Donard (IRE) | The Newest One (IRE),6,Anthony Day | David Bridgwater | John OShea | Nigel Twiston-Davies | Stuart Edmunds | Tracey Leeson,shared_horse,2,labels share one or more exact raw horse labels,unresolved,,,not_started,,,,,,,preserve_raw_unresolved,deferred_until_material_use,specific_analysis_or_material_identity_risk,Strict normalisation generated an identity candidate only. Comprehensive external resolution is disproportionate without a specific analytical need. Preserve both raw labels and leave the relationship unresolved.
JOCKEY-STRICT-0025,observed_leading_title_removed_exact_match,robbie david,Mr Robbie David,Robbie David,title_bearing_and_untitled,observed_periods_separate,12,0,58,78,136,0,8,Begin The Luck (IRE) | Broomfield Gale (IRE) | Chicago Storm (GB) | Coconut Twist (IRE) | Lady Kloppenheim (IRE) | Sea Thrift (IRE) | Snap Fish (IRE) | Teorie (IRE),2,Daisy Hitchins | H Ryall,shared_horse,2,labels share one or more exact raw horse labels,unresolved,,,not_started,,,,,,,preserve_raw_unresolved,deferred_until_material_use,specific_analysis_or_material_identity_risk,Strict normalisation generated an identity candidate only. Comprehensive external resolution is disproportionate without a specific analytical need. Preserve both raw labels and leave the relationship unresolved.
JOCKEY-STRICT-0026,observed_leading_title_removed_exact_match,lorette gallo,Mlle Lorette Gallo,Mme Lorette Gallo,two_title_bearing_labels,observed_periods_separate,5,0,133,188,321,0,8,Bombey (FR) | King Robbe (FR) | Manne (FR) | Mi CInfilo (FR) | Mowaeva (FR) | Pink Valentine (FR) | Vautrin (IRE) | Woff (GER),1,M Boutin,shared_horse,2,labels share one or more exact raw horse labels,unresolved,,,not_started,,,,,,,preserve_raw_unresolved,deferred_until_material_use,specific_analysis_or_material_identity_risk,Strict normalisation generated an identity candidate only. Comprehensive external resolution is disproportionate without a specific analytical need. Preserve both raw labels and leave the relationship unresolved.
JOCKEY-STRICT-0027,observed_leading_title_removed_exact_match,callum pritchard,Callum Pritchard,Mr Callum Pritchard,title_bearing_and_untitled,observed_periods_separate,30,0,542,55,597,0,7,Cocardier (FR) | High Game Royal (FR) | Honneur dAjonc (FR) | Iris Des Issards (FR) | Sassified (IRE) | Shesupincourt (GB) | Stormin Crossgales (IRE),12,Alan Jones | Chris Down | David Rees | Debra Hamer | Harriet Dickin | Jane Williams | Joe Tickle | Kayley Woollacott | Philip Hobbs & Johnson White | Ryan Potter | Tim Vaughan | Tom George,shared_horse,2,labels share one or more exact raw horse labels,unresolved,,,not_started,,,,,,,preserve_raw_unresolved,deferred_until_material_use,specific_analysis_or_material_identity_risk,Strict normalisation generated an identity candidate only. Comprehensive external resolution is disproportionate without a specific analytical need. Preserve both raw labels and leave the relationship unresolved.
JOCKEY-STRICT-0028,observed_leading_title_removed_exact_match,laura grosso,Mlle Laura Grosso,Mme Laura Grosso,two_title_bearing_labels,observed_periods_separate,13,0,590,71,661,0,7,Forever Coco (FR) | Gracehill (FR) | Kobra Pepper (FR) | Meisho Velite (FR) | Raggio Bianco (FR) | Reponse Exacte (FR) | Short Final (FR),11,A S & D Allard | A Zimmer | C Le Veel | C Plisson | Francois Kennel | J-V Toux | Michael Schiestel | Mme R Philippon | P-L Guerin | R Roels | S Kobayashi,shared_horse,2,labels share one or more exact raw horse labels,unresolved,,,not_started,,,,,,,preserve_raw_unresolved,deferred_until_material_use,specific_analysis_or_material_identity_risk,Strict normalisation generated an identity candidate only. Comprehensive external resolution is disproportionate without a specific analytical need. Preserve both raw labels and leave the relationship unresolved.
JOCKEY-STRICT-0029,observed_leading_title_removed_exact_match,axelle nicco,Mlle Axelle Nicco,Mme Axelle Nicco,two_title_bearing_labels,observed_periods_separate,12,0,354,67,421,0,7,Delachance (FR) | Ever Ready (FR) | Kavakney (BEL) | Kiastep (FR) | Second To None (IRE) | Sermandakfi (FR) | Tender Winner (FR),8,A Coelho | C Martinon | Davide Satalia | F Carnevali | J Lebosse | J-M Plasschaert | Jean-Pascal Ricoce | Nick Littmoden,shared_horse,2,labels share one or more exact raw horse labels,unresolved,,,not_started,,,,,,,preserve_raw_unresolved,deferred_until_material_use,specific_analysis_or_material_identity_risk,Strict normalisation generated an identity candidate only. Comprehensive external resolution is disproportionate without a specific analytical need. Preserve both raw labels and leave the relationship unresolved.
JOCKEY-STRICT-0030,observed_leading_title_removed_exact_match,luke scott,Luke Scott,Mr Luke Scott,title_bearing_and_untitled,observed_periods_separate,6,0,432,81,513,0,7,Dynamite Kentucky (FR) | Game Socks (IRE) | Hollow Style (IRE) | Misty Mani (GB) | Stumps Or Slips (IRE) | The Late Legend (GB) | The Spin King (IRE),7,Ben Case | Dr Richard Newland | Jeremy Scott | Paul Henderson | Peter Niven | Robert Stephens | Tom Weston,shared_horse,2,labels share one or more exact raw horse labels,unresolved,,,not_started,,,,,,,preserve_raw_unresolved,deferred_until_material_use,specific_analysis_or_material_identity_risk,Strict normalisation generated an identity candidate only. Comprehensive external resolution is disproportionate without a specific analytical need. Preserve both raw labels and leave the relationship unresolved.
JOCKEY-STRICT-0031,observed_leading_title_removed_exact_match,ben sutton,Ben Sutton,Mr Ben Sutton,title_bearing_and_untitled,observed_periods_separate,27,0,34,161,195,0,7,Jasmine dAiry (FR) | Jorah dAlma (FR) | Karma Police (FR) | Police Academy (IRE) | Pure Seduction (IRE) | Santos Blue (GB) | Western Harmony (IRE),5,Fergal OBrien | Harry Derham | Olly Murphy | Philip Hobbs & Johnson White | Tom Lacey,shared_horse,2,labels share one or more exact raw horse labels,unresolved,,,not_started,,,,,,,preserve_raw_unresolved,deferred_until_material_use,specific_analysis_or_material_identity_risk,Strict normalisation generated an identity candidate only. Comprehensive external resolution is disproportionate without a specific analytical need. Preserve both raw labels and leave the relationship unresolved.
JOCKEY-STRICT-0032,observed_leading_title_removed_exact_match,stefanie koyuncu,Frau Stefanie Koyuncu,Mme Stefanie Koyuncu,two_title_bearing_labels,observed_periods_overlap,0,538,56,34,90,0,7,Cloud Dancer (FR) | Demonstration (FR) | Dima (FR) | Hyapaxa (FR) | King Siyouni (FR) | No Day Never (IRE) | Tag (FR),5,Frau Caroline Pietsch | Frau V Henkenjohann | Mario Hofer | Mme G Rarick | U Schwinn,shared_horse,2,labels share one or more exact raw horse labels,unresolved,,,not_started,,,,,,,preserve_raw_unresolved,deferred_until_material_use,specific_analysis_or_material_identity_risk,Strict normalisation generated an identity candidate only. Comprehensive external resolution is disproportionate without a specific analytical need. Preserve both raw labels and leave the relationship unresolved.
JOCKEY-STRICT-0033,observed_leading_title_removed_exact_match,jamie brace,Jamie Brace,Mr Jamie Brace,title_bearing_and_untitled,observed_periods_overlap,0,1712,230,58,288,0,7,Berties Bandana (IRE) | Joly Maker (IRE) | Maggies Legend (GB) | Maypole Class (IRE) | Sacre Coeur (FR) | TAraison (FR) | Take Two (GB),4,Alex Hales | Jonjo ONeill | Michael Chapman | Richard Harper,shared_horse,2,labels share one or more exact raw horse labels,unresolved,,,not_started,,,,,,,preserve_raw_unresolved,deferred_until_material_use,specific_analysis_or_material_identity_risk,Strict normalisation generated an identity candidate only. Comprehensive external resolution is disproportionate without a specific analytical need. Preserve both raw labels and leave the relationship unresolved.
JOCKEY-STRICT-0034,observed_leading_title_removed_exact_match,roisin leech,Miss Roisin Leech,Roisin Leech,title_bearing_and_untitled,observed_periods_separate,2,0,108,17,125,0,7,Demoiselle Kap (FR) | Feeling Frisky (FR) | John Locke (GB) | Lucky One (FR) | Stiletto (GB) | The Longest Day (IRE) | Vernon Subutex (FR),1,Sophie Leech,shared_horse,2,labels share one or more exact raw horse labels,unresolved,,,not_started,,,,,,,preserve_raw_unresolved,deferred_until_material_use,specific_analysis_or_material_identity_risk,Strict normalisation generated an identity candidate only. Comprehensive external resolution is disproportionate without a specific analytical need. Preserve both raw labels and leave the relationship unresolved.
JOCKEY-STRICT-0035,observed_leading_title_removed_exact_match,murray dodd,Mr Murray Dodd,Murray Dodd,title_bearing_and_untitled,observed_periods_separate,23,0,43,144,187,0,6,Bollin Matilda (GB) | Ferrobin (IRE) | Kiss My Face (GB) | Marmalade Time (GB) | My Virtue (GB) | Prince De Juilley (FR),7,Alastair Ralph | Donald Whillans | Gary Hanmer | Harriet Dickin | Louise Allan | Max Young | Mel Rowley,shared_horse,2,labels share one or more exact raw horse labels,unresolved,,,not_started,,,,,,,preserve_raw_unresolved,deferred_until_material_use,specific_analysis_or_material_identity_risk,Strict normalisation generated an identity candidate only. Comprehensive external resolution is disproportionate without a specific analytical need. Preserve both raw labels and leave the relationship unresolved.
JOCKEY-STRICT-0036,observed_leading_title_removed_exact_match,sophie tison,Mlle Sophie Tison,Mme Sophie Tison,two_title_bearing_labels,observed_periods_separate,12,0,162,120,282,0,6,Aira (FR) | Barc (FR) | Caly Rosay (FR) | Dance The Blues (FR) | Fraiche (FR) | Reine De Lune (FR),6,A & G Botti | D Smaga | Karel Vercruysse | S Maurer | S Morineau | W Beetens,shared_horse,2,labels share one or more exact raw horse labels,unresolved,,,not_started,,,,,,,preserve_raw_unresolved,deferred_until_material_use,specific_analysis_or_material_identity_risk,Strict normalisation generated an identity candidate only. Comprehensive external resolution is disproportionate without a specific analytical need. Preserve both raw labels and leave the relationship unresolved.
JOCKEY-STRICT-0037,observed_leading_title_removed_exact_match,anna van den troost,Anna Van Den Troost,Mlle Anna Van Den Troost,title_bearing_and_untitled,observed_periods_separate,118,0,28,116,144,0,6,Lions Head (GER) | Montanus (GER) | Murray (GER) | Nepalina (GER) | Shining Yellow (FR) | Spirit Of Dreams (GER),2,B V Van Den Troost | Yasmin Almenrader,shared_horse,2,labels share one or more exact raw horse labels,unresolved,,,not_started,,,,,,,preserve_raw_unresolved,deferred_until_material_use,specific_analysis_or_material_identity_risk,Strict normalisation generated an identity candidate only. Comprehensive external resolution is disproportionate without a specific analytical need. Preserve both raw labels and leave the relationship unresolved.
JOCKEY-STRICT-0038,observed_leading_title_removed_exact_match,fern obrien,Fern OBrien,Miss Fern OBrien,title_bearing_and_untitled,observed_periods_separate,47,0,172,87,259,0,5,Calevade (IRE) | Castel Gandolfo (IRE) | Espoir De Teillee (FR) | Herewegohoney (IRE) | Mamoon Star (IRE),6,B F Brookhouse | Ben Haslam | D J Jeffreys | Donald McCain | Fergal OBrien | Nikki Evans,shared_horse,2,labels share one or more exact raw horse labels,unresolved,,,not_started,,,,,,,preserve_raw_unresolved,deferred_until_material_use,specific_analysis_or_material_identity_risk,Strict normalisation generated an identity candidate only. Comprehensive external resolution is disproportionate without a specific analytical need. Preserve both raw labels and leave the relationship unresolved.
JOCKEY-STRICT-0039,observed_leading_title_removed_exact_match,lewis kent,Lewis Kent,Mr Lewis Kent,title_bearing_and_untitled,observed_periods_separate,117,0,17,53,70,0,5,Diffident Spirit (GB) | Its How We Roll (IRE) | Nemorum (GB) | Obsidian Knight (IRE) | Super Den (GB),2,John Spearing | T J Kent,shared_horse,2,labels share one or more exact raw horse labels,unresolved,,,not_started,,,,,,,preserve_raw_unresolved,deferred_until_material_use,specific_analysis_or_material_identity_risk,Strict normalisation generated an identity candidate only. Comprehensive external resolution is disproportionate without a specific analytical need. Preserve both raw labels and leave the relationship unresolved.
JOCKEY-STRICT-0040,observed_leading_title_removed_exact_match,joe leavy,Joe Leavy,Mr Joe Leavy,title_bearing_and_untitled,observed_periods_separate,16,0,1348,16,1364,0,4,Always Fearless (IRE) | Chef De Troupe (FR) | Dillydingdillydong (GB) | Lilandra (FR),4,John Flint | Luke Dace | Richard Hannon | Tony Forbes,shared_horse,2,labels share one or more exact raw horse labels,unresolved,,,not_started,,,,,,,preserve_raw_unresolved,deferred_until_material_use,specific_analysis_or_material_identity_risk,Strict normalisation generated an identity candidate only. Comprehensive external resolution is disproportionate without a specific analytical need. Preserve both raw labels and leave the relationship unresolved.
JOCKEY-STRICT-0041,observed_leading_title_removed_exact_match,megane peslier,Mlle Megane Peslier,Mme Megane Peslier,two_title_bearing_labels,observed_periods_separate,14,0,259,51,310,0,4,Barc (FR) | Maktava (FR) | Sandstorm (GER) | Situmeledemandais (FR),3,D Smaga | Gael Barbedette | Mme C Barande-Barbe,shared_horse,2,labels share one or more exact raw horse labels,unresolved,,,not_started,,,,,,,preserve_raw_unresolved,deferred_until_material_use,specific_analysis_or_material_identity_risk,Strict normalisation generated an identity candidate only. Comprehensive external resolution is disproportionate without a specific analytical need. Preserve both raw labels and leave the relationship unresolved.
JOCKEY-STRICT-0042,observed_leading_title_removed_exact_match,anna van den troost,Anna Van Den Troost,Mme Anna Van Den Troost,title_bearing_and_untitled,observed_periods_overlap,0,1,28,7,35,0,4,Murray (GER) | Nepalina (GER) | Spirit Of Dreams (GER) | Tanami Starlet (GB),2,Gerald Geisler | Yasmin Almenrader,shared_horse,2,labels share one or more exact raw horse labels,unresolved,,,not_started,,,,,,,preserve_raw_unresolved,deferred_until_material_use,specific_analysis_or_material_identity_risk,Strict normalisation generated an identity candidate only. Comprehensive external resolution is disproportionate without a specific analytical need. Preserve both raw labels and leave the relationship unresolved.
JOCKEY-STRICT-0043,observed_leading_title_removed_exact_match,camille collet-vidal,Mlle Camille Collet-Vidal,Mme Camille Collet-Vidal,two_title_bearing_labels,observed_periods_separate,106,0,23,93,116,0,4,Black Track (FR) | Le Chat Botte (FR) | Les Trois Vallees (FR) | Moon Rider (FR),1,Robert Collet,shared_horse,2,labels share one or more exact raw horse labels,unresolved,,,not_started,,,,,,,preserve_raw_unresolved,deferred_until_material_use,specific_analysis_or_material_identity_risk,Strict normalisation generated an identity candidate only. Comprehensive external resolution is disproportionate without a specific analytical need. Preserve both raw labels and leave the relationship unresolved.
JOCKEY-STRICT-0044,observed_leading_title_removed_exact_match,clemence le gland,Mlle Clemence Le Gland,Mme Clemence Le Gland,two_title_bearing_labels,observed_periods_separate,9,0,82,15,97,0,4,Huda (FR) | Hygrove Bec (FR) | Kharkiv (FR) | Stranger (FR),1,B Legros,shared_horse,2,labels share one or more exact raw horse labels,unresolved,,,not_started,,,,,,,preserve_raw_unresolved,deferred_until_material_use,specific_analysis_or_material_identity_risk,Strict normalisation generated an identity candidate only. Comprehensive external resolution is disproportionate without a specific analytical need. Preserve both raw labels and leave the relationship unresolved.
JOCKEY-STRICT-0045,observed_leading_title_removed_exact_match,gearoid harney,Gearoid Harney,Mr Gearoid Harney,title_bearing_and_untitled,observed_periods_overlap,0,252,157,35,192,0,3,Abaya Du Mathan (FR) | Blazers Mill (IRE) | Harlem Soul (GB),6,Alexandra Dunn | David Pipe | Katy Price | Neil Mulholland | Olly Murphy | Syd Hosie,shared_horse,2,labels share one or more exact raw horse labels,unresolved,,,not_started,,,,,,,preserve_raw_unresolved,deferred_until_material_use,specific_analysis_or_material_identity_risk,Strict normalisation generated an identity candidate only. Comprehensive external resolution is disproportionate without a specific analytical need. Preserve both raw labels and leave the relationship unresolved.
JOCKEY-STRICT-0046,observed_leading_title_removed_exact_match,thomasina eyston,Miss Thomasina Eyston,Thomasina Eyston,title_bearing_and_untitled,observed_periods_overlap,0,739,76,77,153,0,3,Jack The Farmer (GB) | Jaunty Viking (GB) | Thahab Ifraj (IRE),6,Alexandra Dunn | Ben Lund | Brian Eckley | Carroll Gray | David Pipe | Richard Mitford-Slade,shared_horse,2,labels share one or more exact raw horse labels,unresolved,,,not_started,,,,,,,preserve_raw_unresolved,deferred_until_material_use,specific_analysis_or_material_identity_risk,Strict normalisation generated an identity candidate only. Comprehensive external resolution is disproportionate without a specific analytical need. Preserve both raw labels and leave the relationship unresolved.
JOCKEY-STRICT-0047,observed_leading_title_removed_exact_match,jack callan,Jack Callan,Mr Jack Callan,title_bearing_and_untitled,observed_periods_separate,124,0,511,19,530,0,3,Brasil Power (FR) | Saved Lizzie (GB) | Shaladar (FR),5,Charlie Johnston | George Baker | George Boughey | Kevin Ryan | Robert Eddery,shared_horse,2,labels share one or more exact raw horse labels,unresolved,,,not_started,,,,,,,preserve_raw_unresolved,deferred_until_material_use,specific_analysis_or_material_identity_risk,Strict normalisation generated an identity candidate only. Comprehensive external resolution is disproportionate without a specific analytical need. Preserve both raw labels and leave the relationship unresolved.
JOCKEY-STRICT-0048,observed_leading_title_removed_exact_match,cesar belmont,Cesar Belmont,Mr Cesar Belmont,title_bearing_and_untitled,observed_periods_separate,55,0,291,16,307,0,3,Dusty Men (FR) | Speed Of Motivator (IRE) | What Do You Say (FR),5,Alex Fracas | C Laffon-Parias | L Chabot | M Nigge | X-L Le Stang,shared_horse,2,labels share one or more exact raw horse labels,unresolved,,,not_started,,,,,,,preserve_raw_unresolved,deferred_until_material_use,specific_analysis_or_material_identity_risk,Strict normalisation generated an identity candidate only. Comprehensive external resolution is disproportionate without a specific analytical need. Preserve both raw labels and leave the relationship unresolved.
JOCKEY-STRICT-0049,observed_leading_title_removed_exact_match,eoin staples,Eoin Staples,Mr Eoin Staples,title_bearing_and_untitled,observed_periods_separate,98,0,311,9,320,0,3,La Rocca Lass (IRE) | Priory Park (IRE) | Royal Time (IRE),4,Colin Bowe | Dermot Day | Paul Nolan | Shane Crawley,shared_horse,2,labels share one or more exact raw horse labels,unresolved,,,not_started,,,,,,,preserve_raw_unresolved,deferred_until_material_use,specific_analysis_or_material_identity_risk,Strict normalisation generated an identity candidate only. Comprehensive external resolution is disproportionate without a specific analytical need. Preserve both raw labels and leave the relationship unresolved.
JOCKEY-STRICT-0050,observed_leading_title_removed_exact_match,george eddery,George Eddery,Mr George Eddery,title_bearing_and_untitled,observed_periods_separate,39,0,26,54,80,0,3,Gustav Graves (GB) | Hotspur Harry (IRE) | Silver Dollar (IRE),4,Derek Shaw | John Butler | Kevin Philippart De Foy | Robert Eddery,shared_horse,2,labels share one or more exact raw horse labels,unresolved,,,not_started,,,,,,,preserve_raw_unresolved,deferred_until_material_use,specific_analysis_or_material_identity_risk,Strict normalisation generated an identity candidate only. Comprehensive external resolution is disproportionate without a specific analytical need. Preserve both raw labels and leave the relationship unresolved.
JOCKEY-STRICT-0051,observed_leading_title_removed_exact_match,manon germain,Mlle Manon Germain,Mme Manon Germain,two_title_bearing_labels,observed_periods_separate,54,0,30,42,72,0,3,Boomerang (FR) | Capchop (FR) | Sage Dream (IRE),4,A Brenckle | F Bossert | J Reynier | R Chotard,shared_horse,2,labels share one or more exact raw horse labels,unresolved,,,not_started,,,,,,,preserve_raw_unresolved,deferred_until_material_use,specific_analysis_or_material_identity_risk,Strict normalisation generated an identity candidate only. Comprehensive external resolution is disproportionate without a specific analytical need. Preserve both raw labels and leave the relationship unresolved.
JOCKEY-STRICT-0052,observed_leading_title_removed_exact_match,lucy fiore,Lucy Fiore,Mrs Lucy Fiore,title_bearing_and_untitled,observed_periods_overlap,0,195,14,49,63,0,3,Admiration Express (AUS) | Sentimental Hero (AUS) | Super Smink (AUS),4,Brandon Fiore | Daniel Morton | Jason Miller | Peter Fernie,shared_horse,2,labels share one or more exact raw horse labels,unresolved,,,not_started,,,,,,,preserve_raw_unresolved,deferred_until_material_use,specific_analysis_or_material_identity_risk,Strict normalisation generated an identity candidate only. Comprehensive external resolution is disproportionate without a specific analytical need. Preserve both raw labels and leave the relationship unresolved.
JOCKEY-STRICT-0053,observed_leading_title_removed_exact_match,freddie gingell,Freddie Gingell,Mr Freddie Gingell,title_bearing_and_untitled,observed_periods_separate,93,0,599,16,615,0,3,Butterwick Brook (IRE) | Lanspark (IRE) | West Approach (GB),3,Joe Tizzard | Paul Nicholls | Syd Hosie,shared_horse,2,labels share one or more exact raw horse labels,unresolved,,,not_started,,,,,,,preserve_raw_unresolved,deferred_until_material_use,specific_analysis_or_material_identity_risk,Strict normalisation generated an identity candidate only. Comprehensive external resolution is disproportionate without a specific analytical need. Preserve both raw labels and leave the relationship unresolved.
JOCKEY-STRICT-0054,observed_leading_title_removed_exact_match,bradley roberts,Bradley Roberts,Mr Bradley Roberts,title_bearing_and_untitled,observed_periods_overlap,0,953,99,34,133,0,3,Everyonesgame (IRE) | Glimpse Of Gala (GB) | Indelible Spin (IRE),3,Charlie Longsdon | Clare Hobson | David Loughnane,shared_horse,2,labels share one or more exact raw horse labels,unresolved,,,not_started,,,,,,,preserve_raw_unresolved,deferred_until_material_use,specific_analysis_or_material_identity_risk,Strict normalisation generated an identity candidate only. Comprehensive external resolution is disproportionate without a specific analytical need. Preserve both raw labels and leave the relationship unresolved.
JOCKEY-STRICT-0055,observed_leading_title_removed_exact_match,joshua thompson,Joshua Thompson,Mr Joshua Thompson,title_bearing_and_untitled,observed_periods_separate,22,0,325,20,345,0,3,Coup De Gold (IRE) | Martins Brig (IRE) | Vertice (IRE),2,David Thompson | James Walton,shared_horse,2,labels share one or more exact raw horse labels,unresolved,,,not_started,,,,,,,preserve_raw_unresolved,deferred_until_material_use,specific_analysis_or_material_identity_risk,Strict normalisation generated an identity candidate only. Comprehensive external resolution is disproportionate without a specific analytical need. Preserve both raw labels and leave the relationship unresolved.
JOCKEY-STRICT-0056,observed_leading_title_removed_exact_match,isabelle ryder,Isabelle Ryder,Miss Isabelle Ryder,title_bearing_and_untitled,observed_periods_separate,83,0,223,12,235,0,3,Alioski (GB) | Graffiti (GB) | He Is A Cracker (IRE),1,Gary Brown,shared_horse,2,labels share one or more exact raw horse labels,unresolved,,,not_started,,,,,,,preserve_raw_unresolved,deferred_until_material_use,specific_analysis_or_material_identity_risk,Strict normalisation generated an identity candidate only. Comprehensive external resolution is disproportionate without a specific analytical need. Preserve both raw labels and leave the relationship unresolved.
JOCKEY-STRICT-0057,observed_leading_title_removed_exact_match,anna van den troost,Mlle Anna Van Den Troost,Mme Anna Van Den Troost,two_title_bearing_labels,observed_periods_separate,24,0,116,7,123,0,3,Murray (GER) | Nepalina (GER) | Spirit Of Dreams (GER),1,Yasmin Almenrader,shared_horse,2,labels share one or more exact raw horse labels,unresolved,,,not_started,,,,,,,preserve_raw_unresolved,deferred_until_material_use,specific_analysis_or_material_identity_risk,Strict normalisation generated an identity candidate only. Comprehensive external resolution is disproportionate without a specific analytical need. Preserve both raw labels and leave the relationship unresolved.
JOCKEY-STRICT-0058,observed_leading_title_removed_exact_match,zoe lewis,Miss Zoe Lewis,Zoe Lewis,title_bearing_and_untitled,observed_periods_separate,102,0,14,66,80,0,3,Brave Display (IRE) | Louis Treize (IRE) | Prince Ali (GB),1,Deborah Faulkner,shared_horse,2,labels share one or more exact raw horse labels,unresolved,,,not_started,,,,,,,preserve_raw_unresolved,deferred_until_material_use,specific_analysis_or_material_identity_risk,Strict normalisation generated an identity candidate only. Comprehensive external resolution is disproportionate without a specific analytical need. Preserve both raw labels and leave the relationship unresolved.
JOCKEY-STRICT-0059,observed_leading_title_removed_exact_match,hope regan,Hope Regan,Miss Hope Regan,title_bearing_and_untitled,observed_periods_separate,0,0,10,7,17,0,3,Ciotog (IRE) | Hallowed Time (IRE) | King Of Speed (IRE),1,Mark Loughnane,shared_horse,2,labels share one or more exact raw horse labels,unresolved,,,not_started,,,,,,,preserve_raw_unresolved,deferred_until_material_use,specific_analysis_or_material_identity_risk,Strict normalisation generated an identity candidate only. Comprehensive external resolution is disproportionate without a specific analytical need. Preserve both raw labels and leave the relationship unresolved.
JOCKEY-STRICT-0060,observed_leading_title_removed_exact_match,jack nicholls,Jack Nicholls,Mr Jack Nicholls,title_bearing_and_untitled,observed_periods_separate,49,0,345,40,385,0,2,Hurt You Never (IRE) | Lady Of Arabia (GB),11,Adrian Nicholls | Adrian Paul Keatley | Eve Johnson Houghton | Gary Harrison | Ian Williams | John Wainwright | Linda Perratt | Michael Appleby | Peter Niven | R Mike Smith | Sam England,shared_horse,2,labels share one or more exact raw horse labels,unresolved,,,not_started,,,,,,,preserve_raw_unresolved,deferred_until_material_use,specific_analysis_or_material_identity_risk,Strict normalisation generated an identity candidate only. Comprehensive external resolution is disproportionate without a specific analytical need. Preserve both raw labels and leave the relationship unresolved.
JOCKEY-STRICT-0061,observed_leading_title_removed_exact_match,freddie mitchell,Freddie Mitchell,Mr Freddie Mitchell,title_bearing_and_untitled,observed_periods_separate,13,0,281,176,457,0,2,Hermino AA (FR) | Spirit dAunou (FR),8,Bradley Gibbs | Christian Williams | Daniel Steele | Diana Grissell | Ed de Giles | Nicky Henderson | Paddy Butler | Sheena West,shared_horse,2,labels share one or more exact raw horse labels,unresolved,,,not_started,,,,,,,preserve_raw_unresolved,deferred_until_material_use,specific_analysis_or_material_identity_risk,Strict normalisation generated an identity candidate only. Comprehensive external resolution is disproportionate without a specific analytical need. Preserve both raw labels and leave the relationship unresolved.
JOCKEY-STRICT-0062,observed_leading_title_removed_exact_match,beau morgan,Beau Morgan,Mr Beau Morgan,title_bearing_and_untitled,observed_periods_separate,118,0,314,15,329,0,2,Norley (IRE) | Twig (GB),3,Ben Pauling | D J Jeffreys | Ryan Potter,shared_horse,2,labels share one or more exact raw horse labels,unresolved,,,not_started,,,,,,,preserve_raw_unresolved,deferred_until_material_use,specific_analysis_or_material_identity_risk,Strict normalisation generated an identity candidate only. Comprehensive external resolution is disproportionate without a specific analytical need. Preserve both raw labels and leave the relationship unresolved.
JOCKEY-STRICT-0063,observed_leading_title_removed_exact_match,jack power,Jack Power,Mr Jack Power,title_bearing_and_untitled,observed_periods_overlap,0,1,194,11,205,0,2,Somebodys Fortune (IRE) | St Johns Road (GB),3,Lucinda Russell | Patrick Neville | Victor Thompson,shared_horse,2,labels share one or more exact raw horse labels,unresolved,,,not_started,,,,,,,preserve_raw_unresolved,deferred_until_material_use,specific_analysis_or_material_identity_risk,Strict normalisation generated an identity candidate only. Comprehensive external resolution is disproportionate without a specific analytical need. Preserve both raw labels and leave the relationship unresolved.
JOCKEY-STRICT-0064,observed_leading_title_removed_exact_match,lewis saunders,Lewis Saunders,Mr Lewis Saunders,title_bearing_and_untitled,observed_periods_overlap,0,12,168,18,186,0,2,Made For You (GB) | Rock On Tommy (GB),3,Barry Brennan | Olly Murphy | Tim Vaughan,shared_horse,2,labels share one or more exact raw horse labels,unresolved,,,not_started,,,,,,,preserve_raw_unresolved,deferred_until_material_use,specific_analysis_or_material_identity_risk,Strict normalisation generated an identity candidate only. Comprehensive external resolution is disproportionate without a specific analytical need. Preserve both raw labels and leave the relationship unresolved.
JOCKEY-STRICT-0065,observed_leading_title_removed_exact_match,sarah boulet,Mlle Sarah Boulet,Mme Sarah Boulet,two_title_bearing_labels,observed_periods_separate,9,0,41,14,55,0,2,Capivari (FR) | Golden Park (FR),3,M Seror | Regis Schmidlin | T Viel,shared_horse,2,labels share one or more exact raw horse labels,unresolved,,,not_started,,,,,,,preserve_raw_unresolved,deferred_until_material_use,specific_analysis_or_material_identity_risk,Strict normalisation generated an identity candidate only. Comprehensive external resolution is disproportionate without a specific analytical need. Preserve both raw labels and leave the relationship unresolved.
JOCKEY-STRICT-0066,observed_leading_title_removed_exact_match,astrid peltier,Mlle Astrid Peltier,Mme Astrid Peltier,two_title_bearing_labels,observed_periods_separate,131,0,15,16,31,0,2,Poporo (FR) | Sudden Death (FR),3,F Rohaut | P & C Peltier | P Decouz,shared_horse,2,labels share one or more exact raw horse labels,unresolved,,,not_started,,,,,,,preserve_raw_unresolved,deferred_until_material_use,specific_analysis_or_material_identity_risk,Strict normalisation generated an identity candidate only. Comprehensive external resolution is disproportionate without a specific analytical need. Preserve both raw labels and leave the relationship unresolved.
JOCKEY-STRICT-0067,observed_leading_title_removed_exact_match,nathan brennan,Mr Nathan Brennan,Nathan Brennan,title_bearing_and_untitled,observed_periods_separate,14,0,9,143,152,0,2,American Gerry (IRE) | Roccstar Bay (GB),2,Hughie Morrison | Nicky Henderson,shared_horse,2,labels share one or more exact raw horse labels,unresolved,,,not_started,,,,,,,preserve_raw_unresolved,deferred_until_material_use,specific_analysis_or_material_identity_risk,Strict normalisation generated an identity candidate only. Comprehensive external resolution is disproportionate without a specific analytical need. Preserve both raw labels and leave the relationship unresolved.
JOCKEY-STRICT-0068,observed_leading_title_removed_exact_match,marie waldhauser,Mlle Marie Waldhauser,Mme Marie Waldhauser,two_title_bearing_labels,observed_periods_separate,21,0,52,29,81,0,2,Belle De Saba (FR) | De Quevedo (FR),2,C Martinon | N Perret,shared_horse,2,labels share one or more exact raw horse labels,unresolved,,,not_started,,,,,,,preserve_raw_unresolved,deferred_until_material_use,specific_analysis_or_material_identity_risk,Strict normalisation generated an identity candidate only. Comprehensive external resolution is disproportionate without a specific analytical need. Preserve both raw labels and leave the relationship unresolved.
JOCKEY-STRICT-0069,observed_leading_title_removed_exact_match,joshua parker,Joshua Parker,Mr Joshua Parker,title_bearing_and_untitled,observed_periods_separate,0,0,8,5,13,0,2,Near Dark (IRE) | Orion dAubrelle (FR),2,Lucy Wadham | Michael Wigham,shared_horse,2,labels share one or more exact raw horse labels,unresolved,,,not_started,,,,,,,preserve_raw_unresolved,deferred_until_material_use,specific_analysis_or_material_identity_risk,Strict normalisation generated an identity candidate only. Comprehensive external resolution is disproportionate without a specific analytical need. Preserve both raw labels and leave the relationship unresolved.
JOCKEY-STRICT-0070,observed_leading_title_removed_exact_match,alex harvey,Alex Harvey,Mr Alex Harvey,title_bearing_and_untitled,observed_periods_separate,110,0,571,4,575,0,2,Bella Bliss (IRE) | Jumping Susie (IRE),1,John C McConnell,shared_horse,2,labels share one or more exact raw horse labels,unresolved,,,not_started,,,,,,,preserve_raw_unresolved,deferred_until_material_use,specific_analysis_or_material_identity_risk,Strict normalisation generated an identity candidate only. Comprehensive external resolution is disproportionate without a specific analytical need. Preserve both raw labels and leave the relationship unresolved.
JOCKEY-STRICT-0071,observed_leading_title_removed_exact_match,jake dickson,Jake Dickson,Mr Jake Dickson,title_bearing_and_untitled,observed_periods_separate,38,0,96,5,101,0,2,Concert Boy (IRE) | Rockley Point (GB),1,Katie Scott,shared_horse,2,labels share one or more exact raw horse labels,unresolved,,,not_started,,,,,,,preserve_raw_unresolved,deferred_until_material_use,specific_analysis_or_material_identity_risk,Strict normalisation generated an identity candidate only. Comprehensive external resolution is disproportionate without a specific analytical need. Preserve both raw labels and leave the relationship unresolved.
JOCKEY-STRICT-0072,observed_leading_title_removed_exact_match,manon fleury,Mlle Manon Fleury,Mme Manon Fleury,two_title_bearing_labels,observed_periods_separate,35,0,21,64,85,0,2,May Day Spirit (FR) | Sotchi (FR),1,James Grassick,shared_horse,2,labels share one or more exact raw horse labels,unresolved,,,not_started,,,,,,,preserve_raw_unresolved,deferred_until_material_use,specific_analysis_or_material_identity_risk,Strict normalisation generated an identity candidate only. Comprehensive external resolution is disproportionate without a specific analytical need. Preserve both raw labels and leave the relationship unresolved.
JOCKEY-STRICT-0073,observed_leading_title_removed_exact_match,gregor walkingshaw,Gregor Walkingshaw,Mr Gregor Walkingshaw,title_bearing_and_untitled,observed_periods_separate,1,0,54,20,74,0,2,Biglesisback (GB) | Shantou Moon (IRE),1,William Young Jnr,shared_horse,2,labels share one or more exact raw horse labels,unresolved,,,not_started,,,,,,,preserve_raw_unresolved,deferred_until_material_use,specific_analysis_or_material_identity_risk,Strict normalisation generated an identity candidate only. Comprehensive external resolution is disproportionate without a specific analytical need. Preserve both raw labels and leave the relationship unresolved.
JOCKEY-STRICT-0074,observed_leading_title_removed_exact_match,ella mcgarry,Ella McGarry,Miss Ella McGarry,title_bearing_and_untitled,observed_periods_separate,201,0,4,5,9,0,2,Rickety Gate (GB) | Summergrounds (GB),1,Nicky Richards,shared_horse,2,labels share one or more exact raw horse labels,unresolved,,,not_started,,,,,,,preserve_raw_unresolved,deferred_until_material_use,specific_analysis_or_material_identity_risk,Strict normalisation generated an identity candidate only. Comprehensive external resolution is disproportionate without a specific analytical need. Preserve both raw labels and leave the relationship unresolved.
JOCKEY-STRICT-0075,observed_leading_title_removed_exact_match,ethel rabhi,Mlle Ethel Rabhi,Mme Ethel Rabhi,two_title_bearing_labels,observed_periods_separate,551,0,19,13,32,0,2,Irishkamaya (FR) | Parisian Belle (FR),0,,shared_horse,2,labels share one or more exact raw horse labels,unresolved,,,not_started,,,,,,,preserve_raw_unresolved,deferred_until_material_use,specific_analysis_or_material_identity_risk,Strict normalisation generated an identity candidate only. Comprehensive external resolution is disproportionate without a specific analytical need. Preserve both raw labels and leave the relationship unresolved.
JOCKEY-STRICT-0076,observed_leading_title_removed_exact_match,mickaelle michel,Mlle Mickaelle Michel,Mme Mickaelle Michel,two_title_bearing_labels,observed_periods_separate,132,0,1024,156,1180,0,1,Riyak (FR),33,A Spanu | B Goudot | B Legros | C Boutin | C Ferland | C Plisson | Caroline Auvray | D Chenu | F Chappet | F Foresi | F Monnier | G Doleuze | Gianluca Bietolini | H Blume | H-A Pantall | J Bertran De Balanda | J Parize | Jean-Pierre Carvalho | Louis Baudron | M Boutin | M Delcher Sanchez | M Pimbonnet | M Rulec | M Swinnens | Maurizio Guarnieri | Mme C Barande-Barbe | Mme G Rarick | N Caullery | N Perret | R Chotard | R Roels | Robert Collet | Sofie Lanslots,shared_horse,2,labels share one or more exact raw horse labels,unresolved,,,not_started,,,,,,,preserve_raw_unresolved,deferred_until_material_use,specific_analysis_or_material_identity_risk,Strict normalisation generated an identity candidate only. Comprehensive external resolution is disproportionate without a specific analytical need. Preserve both raw labels and leave the relationship unresolved.
JOCKEY-STRICT-0077,observed_leading_title_removed_exact_match,ben bromley,Ben Bromley,Mr Ben Bromley,title_bearing_and_untitled,observed_periods_separate,47,0,309,67,376,0,1,Chez Hans (GER),7,Gordon Elliott | Harry Fry | Nicky Henderson | Nigel Twiston-Davies | Paul Nicholls | Philip Rowley | S R B Crawford,shared_horse,2,labels share one or more exact raw horse labels,unresolved,,,not_started,,,,,,,preserve_raw_unresolved,deferred_until_material_use,specific_analysis_or_material_identity_risk,Strict normalisation generated an identity candidate only. Comprehensive external resolution is disproportionate without a specific analytical need. Preserve both raw labels and leave the relationship unresolved.
JOCKEY-STRICT-0078,observed_leading_title_removed_exact_match,lea suisse,Mlle Lea Suisse,Mme Lea Suisse,two_title_bearing_labels,observed_periods_separate,149,0,94,11,105,0,1,Burrows Diane (FR),5,E Lecoiffier | J Bertran De Balanda | Louis Baudron | M Mescam | Mathieu Pitart,shared_horse,2,labels share one or more exact raw horse labels,unresolved,,,not_started,,,,,,,preserve_raw_unresolved,deferred_until_material_use,specific_analysis_or_material_identity_risk,Strict normalisation generated an identity candidate only. Comprehensive external resolution is disproportionate without a specific analytical need. Preserve both raw labels and leave the relationship unresolved.
JOCKEY-STRICT-0079,observed_leading_title_removed_exact_match,poppy scott,Miss Poppy Scott,Poppy Scott,title_bearing_and_untitled,observed_periods_separate,59,0,19,28,47,0,1,Liberated Lad (GB),4,Alex Hales | B F Brookhouse | Ben Case | Sir Mark Prescott Bt,shared_horse,2,labels share one or more exact raw horse labels,unresolved,,,not_started,,,,,,,preserve_raw_unresolved,deferred_until_material_use,specific_analysis_or_material_identity_risk,Strict normalisation generated an identity candidate only. Comprehensive external resolution is disproportionate without a specific analytical need. Preserve both raw labels and leave the relationship unresolved.
JOCKEY-STRICT-0080,observed_leading_title_removed_exact_match,e walsh,E Walsh,Mr E Walsh,title_bearing_and_untitled,observed_periods_separate,116,0,1303,37,1340,0,1,Dont Tell Mom (IRE),2,John J Walsh | Noel Meade,shared_horse,2,labels share one or more exact raw horse labels,unresolved,,,not_started,,,,,,,preserve_raw_unresolved,deferred_until_material_use,specific_analysis_or_material_identity_risk,Strict normalisation generated an identity candidate only. Comprehensive external resolution is disproportionate without a specific analytical need. Preserve both raw labels and leave the relationship unresolved.
JOCKEY-STRICT-0081,observed_leading_title_removed_exact_match,leo-paul brechet,Leo-Paul Brechet,Mr Leo-Paul Brechet,title_bearing_and_untitled,observed_periods_separate,95,0,402,34,436,0,1,Thiago Des Dunes (FR),2,D Bressou | Patrice Quinton,shared_horse,2,labels share one or more exact raw horse labels,unresolved,,,not_started,,,,,,,preserve_raw_unresolved,deferred_until_material_use,specific_analysis_or_material_identity_risk,Strict normalisation generated an identity candidate only. Comprehensive external resolution is disproportionate without a specific analytical need. Preserve both raw labels and leave the relationship unresolved.
JOCKEY-STRICT-0082,observed_leading_title_removed_exact_match,taryn langley,Miss Taryn Langley,Taryn Langley,title_bearing_and_untitled,observed_periods_separate,126,0,21,385,406,0,1,Kings Castle (IRE),2,Jeremy Scott | Richard Hughes,shared_horse,2,labels share one or more exact raw horse labels,unresolved,,,not_started,,,,,,,preserve_raw_unresolved,deferred_until_material_use,specific_analysis_or_material_identity_risk,Strict normalisation generated an identity candidate only. Comprehensive external resolution is disproportionate without a specific analytical need. Preserve both raw labels and leave the relationship unresolved.
JOCKEY-STRICT-0083,observed_leading_title_removed_exact_match,danielle mooney,Danielle Mooney,Miss Danielle Mooney,title_bearing_and_untitled,observed_periods_separate,102,0,2,159,161,0,1,Masham Moor (GB),2,Chris Fairhurst | David Thompson,shared_horse,2,labels share one or more exact raw horse labels,unresolved,,,not_started,,,,,,,preserve_raw_unresolved,deferred_until_material_use,specific_analysis_or_material_identity_risk,Strict normalisation generated an identity candidate only. Comprehensive external resolution is disproportionate without a specific analytical need. Preserve both raw labels and leave the relationship unresolved.
JOCKEY-STRICT-0084,observed_leading_title_removed_exact_match,jude fernandes,Jude Fernandes,Mr Jude Fernandes,title_bearing_and_untitled,observed_periods_separate,21,0,49,14,63,0,1,Gone Rogue (IRE),2,Gary & Josh Moore | Luke Dace,shared_horse,2,labels share one or more exact raw horse labels,unresolved,,,not_started,,,,,,,preserve_raw_unresolved,deferred_until_material_use,specific_analysis_or_material_identity_risk,Strict normalisation generated an identity candidate only. Comprehensive external resolution is disproportionate without a specific analytical need. Preserve both raw labels and leave the relationship unresolved.
JOCKEY-STRICT-0085,observed_leading_title_removed_exact_match,lily jones,Lily Jones,Miss Lily Jones,title_bearing_and_untitled,observed_periods_overlap,0,330,8,28,36,0,1,Escobedo (GB),2,Nicky Henderson | Sylvester Kirk,shared_horse,2,labels share one or more exact raw horse labels,unresolved,,,not_started,,,,,,,preserve_raw_unresolved,deferred_until_material_use,specific_analysis_or_material_identity_risk,Strict normalisation generated an identity candidate only. Comprehensive external resolution is disproportionate without a specific analytical need. Preserve both raw labels and leave the relationship unresolved.
JOCKEY-STRICT-0086,observed_leading_title_removed_exact_match,charlie maggs,Charlie Maggs,Mr Charlie Maggs,title_bearing_and_untitled,observed_periods_separate,90,0,568,5,573,0,1,Genever Dragon (IRE),1,Donald McCain,shared_horse,2,labels share one or more exact raw horse labels,unresolved,,,not_started,,,,,,,preserve_raw_unresolved,deferred_until_material_use,specific_analysis_or_material_identity_risk,Strict normalisation generated an identity candidate only. Comprehensive external resolution is disproportionate without a specific analytical need. Preserve both raw labels and leave the relationship unresolved.
JOCKEY-STRICT-0087,observed_leading_title_removed_exact_match,william maggs,Mr William Maggs,William Maggs,title_bearing_and_untitled,observed_periods_separate,121,0,6,542,548,0,1,Bird On The Wire (FR),1,Donald McCain,shared_horse,2,labels share one or more exact raw horse labels,unresolved,,,not_started,,,,,,,preserve_raw_unresolved,deferred_until_material_use,specific_analysis_or_material_identity_risk,Strict normalisation generated an identity candidate only. Comprehensive external resolution is disproportionate without a specific analytical need. Preserve both raw labels and leave the relationship unresolved.
JOCKEY-STRICT-0088,observed_leading_title_removed_exact_match,m osullivan,Miss M OSullivan,Ms M OSullivan,two_title_bearing_labels,observed_periods_overlap,0,1,447,1,448,0,1,One Cool Robin (IRE),1,Eugene M OSullivan,shared_horse,2,labels share one or more exact raw horse labels,unresolved,,,not_started,,,,,,,preserve_raw_unresolved,deferred_until_material_use,specific_analysis_or_material_identity_risk,Strict normalisation generated an identity candidate only. Comprehensive external resolution is disproportionate without a specific analytical need. Preserve both raw labels and leave the relationship unresolved.
JOCKEY-STRICT-0089,observed_leading_title_removed_exact_match,harry atkins,Harry Atkins,Mr Harry Atkins,title_bearing_and_untitled,observed_periods_separate,82,0,218,5,223,0,1,Herecomeshogan (IRE),1,Martin Keighley,shared_horse,2,labels share one or more exact raw horse labels,unresolved,,,not_started,,,,,,,preserve_raw_unresolved,deferred_until_material_use,specific_analysis_or_material_identity_risk,Strict normalisation generated an identity candidate only. Comprehensive external resolution is disproportionate without a specific analytical need. Preserve both raw labels and leave the relationship unresolved.
JOCKEY-STRICT-0090,observed_leading_title_removed_exact_match,oscar palmer,Mr Oscar Palmer,Oscar Palmer,title_bearing_and_untitled,observed_periods_separate,4,0,13,127,140,0,1,Off The Planet (IRE),1,Joe Tickle,shared_horse,2,labels share one or more exact raw horse labels,unresolved,,,not_started,,,,,,,preserve_raw_unresolved,deferred_until_material_use,specific_analysis_or_material_identity_risk,Strict normalisation generated an identity candidate only. Comprehensive external resolution is disproportionate without a specific analytical need. Preserve both raw labels and leave the relationship unresolved.
JOCKEY-STRICT-0091,observed_leading_title_removed_exact_match,kai lenihan,Kai Lenihan,Mr Kai Lenihan,title_bearing_and_untitled,observed_periods_separate,239,0,47,54,101,0,1,Realms Of Fire (GB),1,Louise Allan,shared_horse,2,labels share one or more exact raw horse labels,unresolved,,,not_started,,,,,,,preserve_raw_unresolved,deferred_until_material_use,specific_analysis_or_material_identity_risk,Strict normalisation generated an identity candidate only. Comprehensive external resolution is disproportionate without a specific analytical need. Preserve both raw labels and leave the relationship unresolved.
JOCKEY-STRICT-0092,observed_leading_title_removed_exact_match,paddy cleary,Mr Paddy Cleary,Paddy Cleary,title_bearing_and_untitled,observed_periods_separate,381,0,3,98,101,0,1,Lady Goliath (IRE),1,Dermot A McLoughlin,shared_horse,2,labels share one or more exact raw horse labels,unresolved,,,not_started,,,,,,,preserve_raw_unresolved,deferred_until_material_use,specific_analysis_or_material_identity_risk,Strict normalisation generated an identity candidate only. Comprehensive external resolution is disproportionate without a specific analytical need. Preserve both raw labels and leave the relationship unresolved.
JOCKEY-STRICT-0093,observed_leading_title_removed_exact_match,margot romary,Mlle Margot Romary,Mme Margot Romary,two_title_bearing_labels,observed_periods_separate,91,0,49,40,89,0,1,Shelbylandor (FR),1,C Plisson,shared_horse,2,labels share one or more exact raw horse labels,unresolved,,,not_started,,,,,,,preserve_raw_unresolved,deferred_until_material_use,specific_analysis_or_material_identity_risk,Strict normalisation generated an identity candidate only. Comprehensive external resolution is disproportionate without a specific analytical need. Preserve both raw labels and leave the relationship unresolved.
JOCKEY-STRICT-0094,observed_leading_title_removed_exact_match,estelle fontaine,Mlle Estelle Fontaine,Mme Estelle Fontaine,two_title_bearing_labels,observed_periods_overlap,0,13,47,15,62,0,1,Particuliere Dream (FR),1,D Windrif,shared_horse,2,labels share one or more exact raw horse labels,unresolved,,,not_started,,,,,,,preserve_raw_unresolved,deferred_until_material_use,specific_analysis_or_material_identity_risk,Strict normalisation generated an identity candidate only. Comprehensive external resolution is disproportionate without a specific analytical need. Preserve both raw labels and leave the relationship unresolved.
JOCKEY-STRICT-0095,observed_leading_title_removed_exact_match,alicia perkins,Alicia Perkins,Miss Alicia Perkins,title_bearing_and_untitled,observed_periods_separate,150,0,57,2,59,0,1,Q Twenty Boy (IRE),1,Mark Usher,shared_horse,2,labels share one or more exact raw horse labels,unresolved,,,not_started,,,,,,,preserve_raw_unresolved,deferred_until_material_use,specific_analysis_or_material_identity_risk,Strict normalisation generated an identity candidate only. Comprehensive external resolution is disproportionate without a specific analytical need. Preserve both raw labels and leave the relationship unresolved.
JOCKEY-STRICT-0096,observed_leading_title_removed_exact_match,cecilia poirier,Mlle Cecilia Poirier,Mme Cecilia Poirier,two_title_bearing_labels,observed_periods_separate,119,0,46,5,51,0,1,Spatial Merit (FR),1,N Paysan,shared_horse,2,labels share one or more exact raw horse labels,unresolved,,,not_started,,,,,,,preserve_raw_unresolved,deferred_until_material_use,specific_analysis_or_material_identity_risk,Strict normalisation generated an identity candidate only. Comprehensive external resolution is disproportionate without a specific analytical need. Preserve both raw labels and leave the relationship unresolved.
JOCKEY-STRICT-0097,observed_leading_title_removed_exact_match,megan fox,Megan Fox,Miss Megan Fox,title_bearing_and_untitled,observed_periods_overlap,0,15,29,20,49,0,1,Nordic Tiger (FR),1,Harry Derham,shared_horse,2,labels share one or more exact raw horse labels,unresolved,,,not_started,,,,,,,preserve_raw_unresolved,deferred_until_material_use,specific_analysis_or_material_identity_risk,Strict normalisation generated an identity candidate only. Comprehensive external resolution is disproportionate without a specific analytical need. Preserve both raw labels and leave the relationship unresolved.
JOCKEY-STRICT-0098,observed_leading_title_removed_exact_match,cameron hillhouse,Cameron Hillhouse,Mr Cameron Hillhouse,title_bearing_and_untitled,observed_periods_separate,129,0,32,15,47,0,1,Jenny Ren (GB),1,Sarah Hollinshead,shared_horse,2,labels share one or more exact raw horse labels,unresolved,,,not_started,,,,,,,preserve_raw_unresolved,deferred_until_material_use,specific_analysis_or_material_identity_risk,Strict normalisation generated an identity candidate only. Comprehensive external resolution is disproportionate without a specific analytical need. Preserve both raw labels and leave the relationship unresolved.
JOCKEY-STRICT-0099,observed_leading_title_removed_exact_match,cameron johnstone-baker,Cameron Johnstone-Baker,Mr Cameron Johnstone-Baker,title_bearing_and_untitled,observed_periods_separate,104,0,37,6,43,0,1,Pipers Cross (IRE),1,Emma Lavelle,shared_horse,2,labels share one or more exact raw horse labels,unresolved,,,not_started,,,,,,,preserve_raw_unresolved,deferred_until_material_use,specific_analysis_or_material_identity_risk,Strict normalisation generated an identity candidate only. Comprehensive external resolution is disproportionate without a specific analytical need. Preserve both raw labels and leave the relationship unresolved.
JOCKEY-STRICT-0100,observed_leading_title_removed_exact_match,harry smith,Harry Smith,Mr Harry Smith,title_bearing_and_untitled,observed_periods_separate,166,0,28,8,36,0,1,Fortunate Star (IRE),1,Declan Carroll,shared_horse,2,labels share one or more exact raw horse labels,unresolved,,,not_started,,,,,,,preserve_raw_unresolved,deferred_until_material_use,specific_analysis_or_material_identity_risk,Strict normalisation generated an identity candidate only. Comprehensive external resolution is disproportionate without a specific analytical need. Preserve both raw labels and leave the relationship unresolved.
JOCKEY-STRICT-0101,observed_leading_title_removed_exact_match,curtis wilson-ruddock,Curtis Wilson-Ruddock,Mr Curtis Wilson-Ruddock,title_bearing_and_untitled,observed_periods_overlap,0,127,26,4,30,0,1,Victors Dream (GB),1,Marco Botti,shared_horse,2,labels share one or more exact raw horse labels,unresolved,,,not_started,,,,,,,preserve_raw_unresolved,deferred_until_material_use,specific_analysis_or_material_identity_risk,Strict normalisation generated an identity candidate only. Comprehensive external resolution is disproportionate without a specific analytical need. Preserve both raw labels and leave the relationship unresolved.
JOCKEY-STRICT-0102,observed_leading_title_removed_exact_match,suzie gastout,Mlle Suzie Gastout,Mme Suzie Gastout,two_title_bearing_labels,observed_periods_separate,203,0,2,25,27,0,1,Black Track (FR),1,Robert Collet,shared_horse,2,labels share one or more exact raw horse labels,unresolved,,,not_started,,,,,,,preserve_raw_unresolved,deferred_until_material_use,specific_analysis_or_material_identity_risk,Strict normalisation generated an identity candidate only. Comprehensive external resolution is disproportionate without a specific analytical need. Preserve both raw labels and leave the relationship unresolved.
JOCKEY-STRICT-0103,observed_leading_title_removed_exact_match,edward rees,Edward Rees,Mr Edward Rees,title_bearing_and_untitled,observed_periods_separate,54,0,2,20,22,0,1,Green Or Black (IRE),1,Neil Mulholland,shared_horse,2,labels share one or more exact raw horse labels,unresolved,,,not_started,,,,,,,preserve_raw_unresolved,deferred_until_material_use,specific_analysis_or_material_identity_risk,Strict normalisation generated an identity candidate only. Comprehensive external resolution is disproportionate without a specific analytical need. Preserve both raw labels and leave the relationship unresolved.
JOCKEY-STRICT-0104,observed_leading_title_removed_exact_match,chloe colardo,Chloe Colardo,Mlle Chloe Colardo,title_bearing_and_untitled,observed_periods_overlap,0,2166,19,2,21,0,1,Tatakitem (FR),1,M Boutin,shared_horse,2,labels share one or more exact raw horse labels,unresolved,,,not_started,,,,,,,preserve_raw_unresolved,deferred_until_material_use,specific_analysis_or_material_identity_risk,Strict normalisation generated an identity candidate only. Comprehensive external resolution is disproportionate without a specific analytical need. Preserve both raw labels and leave the relationship unresolved.
JOCKEY-STRICT-0105,observed_leading_title_removed_exact_match,louisa chollet,Mlle Louisa Chollet,Mme Louisa Chollet,two_title_bearing_labels,observed_periods_separate,162,0,3,12,15,0,1,Mowaeva (FR),1,M Boutin,shared_horse,2,labels share one or more exact raw horse labels,unresolved,,,not_started,,,,,,,preserve_raw_unresolved,deferred_until_material_use,specific_analysis_or_material_identity_risk,Strict normalisation generated an identity candidate only. Comprehensive external resolution is disproportionate without a specific analytical need. Preserve both raw labels and leave the relationship unresolved.
JOCKEY-STRICT-0106,observed_leading_title_removed_exact_match,sienna shepard,Miss Sienna Shepard,Sienna Shepard,title_bearing_and_untitled,observed_periods_separate,29,0,6,9,15,0,1,More Diamonds (IRE),1,James Horton,shared_horse,2,labels share one or more exact raw horse labels,unresolved,,,not_started,,,,,,,preserve_raw_unresolved,deferred_until_material_use,specific_analysis_or_material_identity_risk,Strict normalisation generated an identity candidate only. Comprehensive external resolution is disproportionate without a specific analytical need. Preserve both raw labels and leave the relationship unresolved.
JOCKEY-STRICT-0107,observed_leading_title_removed_exact_match,helene sourbe,Mlle Helene Sourbe,Mme Helene Sourbe,two_title_bearing_labels,observed_periods_separate,197,0,3,9,12,0,1,Im Walkin (FR),1,M Nicolau,shared_horse,2,labels share one or more exact raw horse labels,unresolved,,,not_started,,,,,,,preserve_raw_unresolved,deferred_until_material_use,specific_analysis_or_material_identity_risk,Strict normalisation generated an identity candidate only. Comprehensive external resolution is disproportionate without a specific analytical need. Preserve both raw labels and leave the relationship unresolved.
JOCKEY-STRICT-0108,observed_leading_title_removed_exact_match,camille laude,Mlle Camille Laude,Mme Camille Laude,two_title_bearing_labels,observed_periods_separate,76,0,9,1,10,0,1,Lady Goldwhip (FR),1,Mme C Laude,shared_horse,2,labels share one or more exact raw horse labels,unresolved,,,not_started,,,,,,,preserve_raw_unresolved,deferred_until_material_use,specific_analysis_or_material_identity_risk,Strict normalisation generated an identity candidate only. Comprehensive external resolution is disproportionate without a specific analytical need. Preserve both raw labels and leave the relationship unresolved.
JOCKEY-STRICT-0109,observed_leading_title_removed_exact_match,marina brunelli,Mlle Marina Brunelli,Mme Marina Brunelli,two_title_bearing_labels,observed_periods_separate,196,0,1,9,10,0,1,Kapetanios (FR),1,Mme Manon Scandella-Lacaille,shared_horse,2,labels share one or more exact raw horse labels,unresolved,,,not_started,,,,,,,preserve_raw_unresolved,deferred_until_material_use,specific_analysis_or_material_identity_risk,Strict normalisation generated an identity candidate only. Comprehensive external resolution is disproportionate without a specific analytical need. Preserve both raw labels and leave the relationship unresolved.
JOCKEY-STRICT-0110,observed_leading_title_removed_exact_match,cheyenne banz,Mlle Cheyenne Banz,Mme Cheyenne Banz,two_title_bearing_labels,observed_periods_separate,310,0,6,3,9,0,1,Astra Dream (FR),1,C Escuder,shared_horse,2,labels share one or more exact raw horse labels,unresolved,,,not_started,,,,,,,preserve_raw_unresolved,deferred_until_material_use,specific_analysis_or_material_identity_risk,Strict normalisation generated an identity candidate only. Comprehensive external resolution is disproportionate without a specific analytical need. Preserve both raw labels and leave the relationship unresolved.
JOCKEY-STRICT-0111,observed_leading_title_removed_exact_match,paul postic,Mr Paul Postic,Paul Postic,title_bearing_and_untitled,observed_periods_overlap,0,1,5,1,6,0,1,Royale Wells (FR),1,L Postic,shared_horse,2,labels share one or more exact raw horse labels,unresolved,,,not_started,,,,,,,preserve_raw_unresolved,deferred_until_material_use,specific_analysis_or_material_identity_risk,Strict normalisation generated an identity candidate only. Comprehensive external resolution is disproportionate without a specific analytical need. Preserve both raw labels and leave the relationship unresolved.
JOCKEY-STRICT-0112,observed_leading_title_removed_exact_match,georges-alexandre ancenys,Georges-Alexandre Ancenys,Mr Georges-Alexandre Ancenys,title_bearing_and_untitled,observed_periods_overlap,0,1,1,3,4,0,1,Devil In The Sky (IRE),1,M Delzangles,shared_horse,2,labels share one or more exact raw horse labels,unresolved,,,not_started,,,,,,,preserve_raw_unresolved,deferred_until_material_use,specific_analysis_or_material_identity_risk,Strict normalisation generated an identity candidate only. Comprehensive external resolution is disproportionate without a specific analytical need. Preserve both raw labels and leave the relationship unresolved.
JOCKEY-STRICT-0113,observed_leading_title_removed_exact_match,sara vermeersch,Mlle Sara Vermeersch,Mme Sara Vermeersch,two_title_bearing_labels,observed_periods_separate,293,0,100,6,106,0,1,Lie High (FR),0,,shared_horse,2,labels share one or more exact raw horse labels,unresolved,,,not_started,,,,,,,preserve_raw_unresolved,deferred_until_material_use,specific_analysis_or_material_identity_risk,Strict normalisation generated an identity candidate only. Comprehensive external resolution is disproportionate without a specific analytical need. Preserve both raw labels and leave the relationship unresolved.
JOCKEY-STRICT-0114,observed_leading_title_removed_exact_match,oliver timms,Mr Oliver Timms,Oliver Timms,title_bearing_and_untitled,observed_periods_overlap,0,1,1,57,58,0,1,Dancing Jo (GB),0,,shared_horse,2,labels share one or more exact raw horse labels,unresolved,,,not_started,,,,,,,preserve_raw_unresolved,deferred_until_material_use,specific_analysis_or_material_identity_risk,Strict normalisation generated an identity candidate only. Comprehensive external resolution is disproportionate without a specific analytical need. Preserve both raw labels and leave the relationship unresolved.
JOCKEY-STRICT-0115,observed_leading_title_removed_exact_match,teddy davies,Mr Teddy Davies,Teddy Davies,title_bearing_and_untitled,observed_periods_separate,41,0,1,3,4,0,1,Gentleman De Reve (FR),0,,shared_horse,2,labels share one or more exact raw horse labels,unresolved,,,not_started,,,,,,,preserve_raw_unresolved,deferred_until_material_use,specific_analysis_or_material_identity_risk,Strict normalisation generated an identity candidate only. Comprehensive external resolution is disproportionate without a specific analytical need. Preserve both raw labels and leave the relationship unresolved.
JOCKEY-STRICT-0116,observed_leading_title_removed_exact_match,thomas journiac,Mr Thomas Journiac,Thomas Journiac,title_bearing_and_untitled,observed_periods_separate,72,0,29,144,173,0,0,,5,D Cottin | D Sourdeau De Beauregard | E & G Leenders | L Viel | P Journiac,shared_trainer_only,3,labels share trainers but no exact raw horse labels,unresolved,,,not_started,,,,,,,preserve_raw_unresolved,deferred_until_material_use,specific_analysis_or_material_identity_risk,Strict normalisation generated an identity candidate only. Comprehensive external resolution is disproportionate without a specific analytical need. Preserve both raw labels and leave the relationship unresolved.
JOCKEY-STRICT-0117,observed_leading_title_removed_exact_match,lara le geay,Mlle Lara Le Geay,Mme Lara Le Geay,two_title_bearing_labels,observed_periods_separate,201,0,53,13,66,0,0,,4,Gianluca Bietolini | M Munch | Marian Falk Weissmeier | N Caullery,shared_trainer_only,3,labels share trainers but no exact raw horse labels,unresolved,,,not_started,,,,,,,preserve_raw_unresolved,deferred_until_material_use,specific_analysis_or_material_identity_risk,Strict normalisation generated an identity candidate only. Comprehensive external resolution is disproportionate without a specific analytical need. Preserve both raw labels and leave the relationship unresolved.
JOCKEY-STRICT-0118,observed_leading_title_removed_exact_match,rian corcoran,Mr Rian Corcoran,Rian Corcoran,title_bearing_and_untitled,observed_periods_overlap,0,1,10,133,143,0,0,,3,D Summersby | David Pipe | Mrs E Summersby,shared_trainer_only,3,labels share trainers but no exact raw horse labels,unresolved,,,not_started,,,,,,,preserve_raw_unresolved,deferred_until_material_use,specific_analysis_or_material_identity_risk,Strict normalisation generated an identity candidate only. Comprehensive external resolution is disproportionate without a specific analytical need. Preserve both raw labels and leave the relationship unresolved.
JOCKEY-STRICT-0119,observed_leading_title_removed_exact_match,diana lopez leret,Mlle Diana Lopez Leret,Mme Diana Lopez Leret,two_title_bearing_labels,observed_periods_separate,166,0,42,12,54,0,0,,3,M Delcher Sanchez | M Munch | Marian Falk Weissmeier,shared_trainer_only,3,labels share trainers but no exact raw horse labels,unresolved,,,not_started,,,,,,,preserve_raw_unresolved,deferred_until_material_use,specific_analysis_or_material_identity_risk,Strict normalisation generated an identity candidate only. Comprehensive external resolution is disproportionate without a specific analytical need. Preserve both raw labels and leave the relationship unresolved.
JOCKEY-STRICT-0120,observed_leading_title_removed_exact_match,gabriel roth le vaillant,Gabriel Roth Le Vaillant,Mr Gabriel Roth Le Vaillant,title_bearing_and_untitled,observed_periods_separate,66,0,32,22,54,0,0,,3,F Vermeulen | J Planque | J-C Rouget,shared_trainer_only,3,labels share trainers but no exact raw horse labels,unresolved,,,not_started,,,,,,,preserve_raw_unresolved,deferred_until_material_use,specific_analysis_or_material_identity_risk,Strict normalisation generated an identity candidate only. Comprehensive external resolution is disproportionate without a specific analytical need. Preserve both raw labels and leave the relationship unresolved.
JOCKEY-STRICT-0121,observed_leading_title_removed_exact_match,chad bament,Chad Bament,Mr Chad Bament,title_bearing_and_untitled,observed_periods_separate,124,0,128,6,134,0,0,,2,Anthony Honeyball | Kevin Pickard,shared_trainer_only,3,labels share trainers but no exact raw horse labels,unresolved,,,not_started,,,,,,,preserve_raw_unresolved,deferred_until_material_use,specific_analysis_or_material_identity_risk,Strict normalisation generated an identity candidate only. Comprehensive external resolution is disproportionate without a specific analytical need. Preserve both raw labels and leave the relationship unresolved.
JOCKEY-STRICT-0122,observed_leading_title_removed_exact_match,bradley furniss,Bradley Furniss,Mr Bradley Furniss,title_bearing_and_untitled,observed_periods_separate,547,0,51,5,56,0,0,,2,B F Brookhouse | Ian Williams,shared_trainer_only,3,labels share trainers but no exact raw horse labels,unresolved,,,not_started,,,,,,,preserve_raw_unresolved,deferred_until_material_use,specific_analysis_or_material_identity_risk,Strict normalisation generated an identity candidate only. Comprehensive external resolution is disproportionate without a specific analytical need. Preserve both raw labels and leave the relationship unresolved.
JOCKEY-STRICT-0123,observed_leading_title_removed_exact_match,adrien foucher,Adrien Foucher,Mr Adrien Foucher,title_bearing_and_untitled,observed_periods_separate,86,0,10,3,13,0,0,,2,F Foucher | T Poche,shared_trainer_only,3,labels share trainers but no exact raw horse labels,unresolved,,,not_started,,,,,,,preserve_raw_unresolved,deferred_until_material_use,specific_analysis_or_material_identity_risk,Strict normalisation generated an identity candidate only. Comprehensive external resolution is disproportionate without a specific analytical need. Preserve both raw labels and leave the relationship unresolved.
JOCKEY-STRICT-0124,observed_leading_title_removed_exact_match,k walsh,Mrs K Walsh,Ms K Walsh,two_title_bearing_labels,observed_periods_overlap,0,1,1,411,412,0,0,,1,W P Mullins,shared_trainer_only,3,labels share trainers but no exact raw horse labels,unresolved,,,not_started,,,,,,,preserve_raw_unresolved,deferred_until_material_use,specific_analysis_or_material_identity_risk,Strict normalisation generated an identity candidate only. Comprehensive external resolution is disproportionate without a specific analytical need. Preserve both raw labels and leave the relationship unresolved.
JOCKEY-STRICT-0125,observed_leading_title_removed_exact_match,elizabeth gale,Elizabeth Gale,Miss Elizabeth Gale,title_bearing_and_untitled,observed_periods_separate,177,0,342,2,344,0,0,,1,Philip Hobbs,shared_trainer_only,3,labels share trainers but no exact raw horse labels,unresolved,,,not_started,,,,,,,preserve_raw_unresolved,deferred_until_material_use,specific_analysis_or_material_identity_risk,Strict normalisation generated an identity candidate only. Comprehensive external resolution is disproportionate without a specific analytical need. Preserve both raw labels and leave the relationship unresolved.
JOCKEY-STRICT-0126,observed_leading_title_removed_exact_match,william featherstone,Mr William Featherstone,William Featherstone,title_bearing_and_untitled,observed_periods_overlap,0,230,4,276,280,0,0,,1,Jamie Snowden,shared_trainer_only,3,labels share trainers but no exact raw horse labels,unresolved,,,not_started,,,,,,,preserve_raw_unresolved,deferred_until_material_use,specific_analysis_or_material_identity_risk,Strict normalisation generated an identity candidate only. Comprehensive external resolution is disproportionate without a specific analytical need. Preserve both raw labels and leave the relationship unresolved.
JOCKEY-STRICT-0127,observed_leading_title_removed_exact_match,m j m osullivan,M J M OSullivan,Mr M J M OSullivan,title_bearing_and_untitled,observed_periods_separate,83,0,2,237,239,0,0,,1,Gordon Elliott,shared_trainer_only,3,labels share trainers but no exact raw horse labels,unresolved,,,not_started,,,,,,,preserve_raw_unresolved,deferred_until_material_use,specific_analysis_or_material_identity_risk,Strict normalisation generated an identity candidate only. Comprehensive external resolution is disproportionate without a specific analytical need. Preserve both raw labels and leave the relationship unresolved.
JOCKEY-STRICT-0128,observed_leading_title_removed_exact_match,j h williamson,J H Williamson,Mr J H Williamson,title_bearing_and_untitled,observed_periods_overlap,0,1,1,220,221,0,0,,1,Gordon Elliott,shared_trainer_only,3,labels share trainers but no exact raw horse labels,unresolved,,,not_started,,,,,,,preserve_raw_unresolved,deferred_until_material_use,specific_analysis_or_material_identity_risk,Strict normalisation generated an identity candidate only. Comprehensive external resolution is disproportionate without a specific analytical need. Preserve both raw labels and leave the relationship unresolved.
JOCKEY-STRICT-0129,observed_leading_title_removed_exact_match,andrea pinna,Andrea Pinna,Mr Andrea Pinna,title_bearing_and_untitled,observed_periods_separate,74,0,142,1,143,0,0,,1,Scott Dixon,shared_trainer_only,3,labels share trainers but no exact raw horse labels,unresolved,,,not_started,,,,,,,preserve_raw_unresolved,deferred_until_material_use,specific_analysis_or_material_identity_risk,Strict normalisation generated an identity candidate only. Comprehensive external resolution is disproportionate without a specific analytical need. Preserve both raw labels and leave the relationship unresolved.
JOCKEY-STRICT-0130,observed_leading_title_removed_exact_match,theo dumouch,Mr Theo Dumouch,Theo Dumouch,title_bearing_and_untitled,observed_periods_separate,71,0,13,120,133,0,0,,1,H De Lageneste & G Macaire,shared_trainer_only,3,labels share trainers but no exact raw horse labels,unresolved,,,not_started,,,,,,,preserve_raw_unresolved,deferred_until_material_use,specific_analysis_or_material_identity_risk,Strict normalisation generated an identity candidate only. Comprehensive external resolution is disproportionate without a specific analytical need. Preserve both raw labels and leave the relationship unresolved.
JOCKEY-STRICT-0131,observed_leading_title_removed_exact_match,leah noreci,Leah Noreci,Miss Leah Noreci,title_bearing_and_untitled,observed_periods_separate,247,0,83,1,84,0,0,,1,James Moffatt,shared_trainer_only,3,labels share trainers but no exact raw horse labels,unresolved,,,not_started,,,,,,,preserve_raw_unresolved,deferred_until_material_use,specific_analysis_or_material_identity_risk,Strict normalisation generated an identity candidate only. Comprehensive external resolution is disproportionate without a specific analytical need. Preserve both raw labels and leave the relationship unresolved.
JOCKEY-STRICT-0132,observed_leading_title_removed_exact_match,lucie oger,Mlle Lucie Oger,Mme Lucie Oger,two_title_bearing_labels,observed_periods_separate,211,0,80,1,81,0,0,,1,J Boisnard,shared_trainer_only,3,labels share trainers but no exact raw horse labels,unresolved,,,not_started,,,,,,,preserve_raw_unresolved,deferred_until_material_use,specific_analysis_or_material_identity_risk,Strict normalisation generated an identity candidate only. Comprehensive external resolution is disproportionate without a specific analytical need. Preserve both raw labels and leave the relationship unresolved.
JOCKEY-STRICT-0133,observed_leading_title_removed_exact_match,rob hargreaves,Mr Rob Hargreaves,Rob Hargreaves,title_bearing_and_untitled,observed_periods_separate,139,0,9,66,75,0,0,,1,Gary Moore,shared_trainer_only,3,labels share trainers but no exact raw horse labels,unresolved,,,not_started,,,,,,,preserve_raw_unresolved,deferred_until_material_use,specific_analysis_or_material_identity_risk,Strict normalisation generated an identity candidate only. Comprehensive external resolution is disproportionate without a specific analytical need. Preserve both raw labels and leave the relationship unresolved.
JOCKEY-STRICT-0134,observed_leading_title_removed_exact_match,dominic hislop,Dominic Hislop,Mr Dominic Hislop,title_bearing_and_untitled,observed_periods_separate,135,0,54,11,65,0,0,,1,William Young Jnr,shared_trainer_only,3,labels share trainers but no exact raw horse labels,unresolved,,,not_started,,,,,,,preserve_raw_unresolved,deferred_until_material_use,specific_analysis_or_material_identity_risk,Strict normalisation generated an identity candidate only. Comprehensive external resolution is disproportionate without a specific analytical need. Preserve both raw labels and leave the relationship unresolved.
JOCKEY-STRICT-0135,observed_leading_title_removed_exact_match,james robottom,James Robottom,Mr James Robottom,title_bearing_and_untitled,observed_periods_separate,196,0,36,27,63,0,0,,1,Mark Walford,shared_trainer_only,3,labels share trainers but no exact raw horse labels,unresolved,,,not_started,,,,,,,preserve_raw_unresolved,deferred_until_material_use,specific_analysis_or_material_identity_risk,Strict normalisation generated an identity candidate only. Comprehensive external resolution is disproportionate without a specific analytical need. Preserve both raw labels and leave the relationship unresolved.
JOCKEY-STRICT-0136,observed_leading_title_removed_exact_match,jamie gambin,Jamie Gambin,Mr Jamie Gambin,title_bearing_and_untitled,observed_periods_separate,75,0,54,6,60,0,0,,1,James Owen,shared_trainer_only,3,labels share trainers but no exact raw horse labels,unresolved,,,not_started,,,,,,,preserve_raw_unresolved,deferred_until_material_use,specific_analysis_or_material_identity_risk,Strict normalisation generated an identity candidate only. Comprehensive external resolution is disproportionate without a specific analytical need. Preserve both raw labels and leave the relationship unresolved.
JOCKEY-STRICT-0137,observed_leading_title_removed_exact_match,elliott england,Elliott England,Mr Elliott England,title_bearing_and_untitled,observed_periods_separate,91,0,39,4,43,0,0,,1,Ben Pauling,shared_trainer_only,3,labels share trainers but no exact raw horse labels,unresolved,,,not_started,,,,,,,preserve_raw_unresolved,deferred_until_material_use,specific_analysis_or_material_identity_risk,Strict normalisation generated an identity candidate only. Comprehensive external resolution is disproportionate without a specific analytical need. Preserve both raw labels and leave the relationship unresolved.
JOCKEY-STRICT-0138,observed_leading_title_removed_exact_match,ophelie thiebaut,Mlle Ophelie Thiebaut,Mme Ophelie Thiebaut,two_title_bearing_labels,observed_periods_separate,1030,0,17,26,43,0,0,,1,Gerard Rivases,shared_trainer_only,3,labels share trainers but no exact raw horse labels,unresolved,,,not_started,,,,,,,preserve_raw_unresolved,deferred_until_material_use,specific_analysis_or_material_identity_risk,Strict normalisation generated an identity candidate only. Comprehensive external resolution is disproportionate without a specific analytical need. Preserve both raw labels and leave the relationship unresolved.
JOCKEY-STRICT-0139,observed_leading_title_removed_exact_match,cian chester,Cian Chester,Mr Cian Chester,title_bearing_and_untitled,observed_periods_overlap,0,1,36,1,37,0,0,,1,Charlie Longsdon,shared_trainer_only,3,labels share trainers but no exact raw horse labels,unresolved,,,not_started,,,,,,,preserve_raw_unresolved,deferred_until_material_use,specific_analysis_or_material_identity_risk,Strict normalisation generated an identity candidate only. Comprehensive external resolution is disproportionate without a specific analytical need. Preserve both raw labels and leave the relationship unresolved.
JOCKEY-STRICT-0140,observed_leading_title_removed_exact_match,cathy joubert,Mlle Cathy Joubert,Mme Cathy Joubert,two_title_bearing_labels,observed_periods_separate,727,0,9,23,32,0,0,,1,A Chaille-Chaille,shared_trainer_only,3,labels share trainers but no exact raw horse labels,unresolved,,,not_started,,,,,,,preserve_raw_unresolved,deferred_until_material_use,specific_analysis_or_material_identity_risk,Strict normalisation generated an identity candidate only. Comprehensive external resolution is disproportionate without a specific analytical need. Preserve both raw labels and leave the relationship unresolved.
JOCKEY-STRICT-0141,observed_leading_title_removed_exact_match,tom hutsby,Mr Tom Hutsby,Tom Hutsby,title_bearing_and_untitled,observed_periods_separate,72,0,13,18,31,0,0,,1,David Bridgwater,shared_trainer_only,3,labels share trainers but no exact raw horse labels,unresolved,,,not_started,,,,,,,preserve_raw_unresolved,deferred_until_material_use,specific_analysis_or_material_identity_risk,Strict normalisation generated an identity candidate only. Comprehensive external resolution is disproportionate without a specific analytical need. Preserve both raw labels and leave the relationship unresolved.
JOCKEY-STRICT-0142,observed_leading_title_removed_exact_match,marie-anne bernadet,Marie-Anne Bernadet,Mlle Marie-Anne Bernadet,title_bearing_and_untitled,observed_periods_separate,2205,0,5,21,26,0,0,,1,N Caullery,shared_trainer_only,3,labels share trainers but no exact raw horse labels,unresolved,,,not_started,,,,,,,preserve_raw_unresolved,deferred_until_material_use,specific_analysis_or_material_identity_risk,Strict normalisation generated an identity candidate only. Comprehensive external resolution is disproportionate without a specific analytical need. Preserve both raw labels and leave the relationship unresolved.
JOCKEY-STRICT-0143,observed_leading_title_removed_exact_match,ben pollard,Ben Pollard,Mr Ben Pollard,title_bearing_and_untitled,observed_periods_overlap,0,19,12,11,23,0,0,,1,Gary & Josh Moore,shared_trainer_only,3,labels share trainers but no exact raw horse labels,unresolved,,,not_started,,,,,,,preserve_raw_unresolved,deferred_until_material_use,specific_analysis_or_material_identity_risk,Strict normalisation generated an identity candidate only. Comprehensive external resolution is disproportionate without a specific analytical need. Preserve both raw labels and leave the relationship unresolved.
JOCKEY-STRICT-0144,observed_leading_title_removed_exact_match,leanne ferguson,Leanne Ferguson,Miss Leanne Ferguson,title_bearing_and_untitled,observed_periods_separate,2037,0,16,5,21,0,0,,1,Linda Perratt,shared_trainer_only,3,labels share trainers but no exact raw horse labels,unresolved,,,not_started,,,,,,,preserve_raw_unresolved,deferred_until_material_use,specific_analysis_or_material_identity_risk,Strict normalisation generated an identity candidate only. Comprehensive external resolution is disproportionate without a specific analytical need. Preserve both raw labels and leave the relationship unresolved.
JOCKEY-STRICT-0145,observed_leading_title_removed_exact_match,kayleigh stephens,Kayleigh Stephens,Miss Kayleigh Stephens,title_bearing_and_untitled,observed_periods_separate,1120,0,14,5,19,0,0,,1,Mark Usher,shared_trainer_only,3,labels share trainers but no exact raw horse labels,unresolved,,,not_started,,,,,,,preserve_raw_unresolved,deferred_until_material_use,specific_analysis_or_material_identity_risk,Strict normalisation generated an identity candidate only. Comprehensive external resolution is disproportionate without a specific analytical need. Preserve both raw labels and leave the relationship unresolved.
JOCKEY-STRICT-0146,observed_leading_title_removed_exact_match,abbie pierce,Abbie Pierce,Miss Abbie Pierce,title_bearing_and_untitled,observed_periods_separate,281,0,17,1,18,0,0,,1,Dylan Cunha,shared_trainer_only,3,labels share trainers but no exact raw horse labels,unresolved,,,not_started,,,,,,,preserve_raw_unresolved,deferred_until_material_use,specific_analysis_or_material_identity_risk,Strict normalisation generated an identity candidate only. Comprehensive external resolution is disproportionate without a specific analytical need. Preserve both raw labels and leave the relationship unresolved.
JOCKEY-STRICT-0147,observed_leading_title_removed_exact_match,margaux collomb,Mlle Margaux Collomb,Mme Margaux Collomb,two_title_bearing_labels,observed_periods_separate,248,0,13,5,18,0,0,,1,C Martinon,shared_trainer_only,3,labels share trainers but no exact raw horse labels,unresolved,,,not_started,,,,,,,preserve_raw_unresolved,deferred_until_material_use,specific_analysis_or_material_identity_risk,Strict normalisation generated an identity candidate only. Comprehensive external resolution is disproportionate without a specific analytical need. Preserve both raw labels and leave the relationship unresolved.
JOCKEY-STRICT-0148,observed_leading_title_removed_exact_match,sean clarke,Mr Sean Clarke,Sean Clarke,title_bearing_and_untitled,observed_periods_separate,127,0,7,10,17,0,0,,1,Robbie Llewellyn,shared_trainer_only,3,labels share trainers but no exact raw horse labels,unresolved,,,not_started,,,,,,,preserve_raw_unresolved,deferred_until_material_use,specific_analysis_or_material_identity_risk,Strict normalisation generated an identity candidate only. Comprehensive external resolution is disproportionate without a specific analytical need. Preserve both raw labels and leave the relationship unresolved.
JOCKEY-STRICT-0149,observed_leading_title_removed_exact_match,blandine zuliani,Mlle Blandine Zuliani,Mme Blandine Zuliani,two_title_bearing_labels,observed_periods_separate,366,0,8,8,16,0,0,,1,Jerome Zuliani,shared_trainer_only,3,labels share trainers but no exact raw horse labels,unresolved,,,not_started,,,,,,,preserve_raw_unresolved,deferred_until_material_use,specific_analysis_or_material_identity_risk,Strict normalisation generated an identity candidate only. Comprehensive external resolution is disproportionate without a specific analytical need. Preserve both raw labels and leave the relationship unresolved.
JOCKEY-STRICT-0150,observed_leading_title_removed_exact_match,pamela boehm,Mlle Pamela Boehm,Pamela Boehm,title_bearing_and_untitled,observed_periods_separate,105,0,5,9,14,0,0,,1,B Goudot,shared_trainer_only,3,labels share trainers but no exact raw horse labels,unresolved,,,not_started,,,,,,,preserve_raw_unresolved,deferred_until_material_use,specific_analysis_or_material_identity_risk,Strict normalisation generated an identity candidate only. Comprehensive external resolution is disproportionate without a specific analytical need. Preserve both raw labels and leave the relationship unresolved.
JOCKEY-STRICT-0151,observed_leading_title_removed_exact_match,sam garcia,Mr Sam Garcia,Sam Garcia,title_bearing_and_untitled,observed_periods_separate,72,0,2,12,14,0,0,,1,James Ferguson,shared_trainer_only,3,labels share trainers but no exact raw horse labels,unresolved,,,not_started,,,,,,,preserve_raw_unresolved,deferred_until_material_use,specific_analysis_or_material_identity_risk,Strict normalisation generated an identity candidate only. Comprehensive external resolution is disproportionate without a specific analytical need. Preserve both raw labels and leave the relationship unresolved.
JOCKEY-STRICT-0152,observed_leading_title_removed_exact_match,benjamin abbott,Benjamin Abbott,Mr Benjamin Abbott,title_bearing_and_untitled,observed_periods_separate,36,0,8,5,13,0,0,,1,Sam Allwood,shared_trainer_only,3,labels share trainers but no exact raw horse labels,unresolved,,,not_started,,,,,,,preserve_raw_unresolved,deferred_until_material_use,specific_analysis_or_material_identity_risk,Strict normalisation generated an identity candidate only. Comprehensive external resolution is disproportionate without a specific analytical need. Preserve both raw labels and leave the relationship unresolved.
JOCKEY-STRICT-0153,observed_leading_title_removed_exact_match,a p byrne,A P Byrne,Mr A P Byrne,title_bearing_and_untitled,observed_periods_separate,73,0,9,3,12,0,0,,1,Barry John Murphy,shared_trainer_only,3,labels share trainers but no exact raw horse labels,unresolved,,,not_started,,,,,,,preserve_raw_unresolved,deferred_until_material_use,specific_analysis_or_material_identity_risk,Strict normalisation generated an identity candidate only. Comprehensive external resolution is disproportionate without a specific analytical need. Preserve both raw labels and leave the relationship unresolved.
JOCKEY-STRICT-0154,observed_leading_title_removed_exact_match,sanne de ceulaer,Mlle Sanne De Ceulaer,Mme Sanne De Ceulaer,two_title_bearing_labels,observed_periods_separate,266,0,9,3,12,0,0,,1,K Sansen,shared_trainer_only,3,labels share trainers but no exact raw horse labels,unresolved,,,not_started,,,,,,,preserve_raw_unresolved,deferred_until_material_use,specific_analysis_or_material_identity_risk,Strict normalisation generated an identity candidate only. Comprehensive external resolution is disproportionate without a specific analytical need. Preserve both raw labels and leave the relationship unresolved.
JOCKEY-STRICT-0155,observed_leading_title_removed_exact_match,jordan majorcryk,Jordan Majorcryk,Mr Jordan Majorcryk,title_bearing_and_untitled,observed_periods_separate,49,0,9,1,10,0,0,,1,Hugo Merienne,shared_trainer_only,3,labels share trainers but no exact raw horse labels,unresolved,,,not_started,,,,,,,preserve_raw_unresolved,deferred_until_material_use,specific_analysis_or_material_identity_risk,Strict normalisation generated an identity candidate only. Comprehensive external resolution is disproportionate without a specific analytical need. Preserve both raw labels and leave the relationship unresolved.
JOCKEY-STRICT-0156,observed_leading_title_removed_exact_match,isabella oliver,Isabella Oliver,Miss Isabella Oliver,title_bearing_and_untitled,observed_periods_separate,370,0,1,7,8,0,0,,1,Henry Oliver,shared_trainer_only,3,labels share trainers but no exact raw horse labels,unresolved,,,not_started,,,,,,,preserve_raw_unresolved,deferred_until_material_use,specific_analysis_or_material_identity_risk,Strict normalisation generated an identity candidate only. Comprehensive external resolution is disproportionate without a specific analytical need. Preserve both raw labels and leave the relationship unresolved.
JOCKEY-STRICT-0157,observed_leading_title_removed_exact_match,melanie bourgeais,Mlle Melanie Bourgeais,Mme Melanie Bourgeais,two_title_bearing_labels,observed_periods_separate,751,0,3,4,7,0,0,,1,J Bourgeais,shared_trainer_only,3,labels share trainers but no exact raw horse labels,unresolved,,,not_started,,,,,,,preserve_raw_unresolved,deferred_until_material_use,specific_analysis_or_material_identity_risk,Strict normalisation generated an identity candidate only. Comprehensive external resolution is disproportionate without a specific analytical need. Preserve both raw labels and leave the relationship unresolved.
JOCKEY-STRICT-0158,observed_leading_title_removed_exact_match,angela daifi,Mlle Angela Daifi,Mme Angela Daifi,two_title_bearing_labels,observed_periods_separate,736,0,1,5,6,0,0,,1,J-P Gauvin,shared_trainer_only,3,labels share trainers but no exact raw horse labels,unresolved,,,not_started,,,,,,,preserve_raw_unresolved,deferred_until_material_use,specific_analysis_or_material_identity_risk,Strict normalisation generated an identity candidate only. Comprehensive external resolution is disproportionate without a specific analytical need. Preserve both raw labels and leave the relationship unresolved.
JOCKEY-STRICT-0159,observed_leading_title_removed_exact_match,celestine bouvier,Mlle Celestine Bouvier,Mme Celestine Bouvier,two_title_bearing_labels,observed_periods_separate,808,0,2,3,5,0,0,,1,J-P Gauvin,shared_trainer_only,3,labels share trainers but no exact raw horse labels,unresolved,,,not_started,,,,,,,preserve_raw_unresolved,deferred_until_material_use,specific_analysis_or_material_identity_risk,Strict normalisation generated an identity candidate only. Comprehensive external resolution is disproportionate without a specific analytical need. Preserve both raw labels and leave the relationship unresolved.
JOCKEY-STRICT-0160,observed_leading_title_removed_exact_match,martina lukova,Miss Martina Lukova,Mme Martina Lukova,two_title_bearing_labels,observed_periods_separate,243,0,4,1,5,0,0,,1,Vaclav Luka Jr,shared_trainer_only,3,labels share trainers but no exact raw horse labels,unresolved,,,not_started,,,,,,,preserve_raw_unresolved,deferred_until_material_use,specific_analysis_or_material_identity_risk,Strict normalisation generated an identity candidate only. Comprehensive external resolution is disproportionate without a specific analytical need. Preserve both raw labels and leave the relationship unresolved.
JOCKEY-STRICT-0161,observed_leading_title_removed_exact_match,niccolo guarnieri,Mr Niccolo Guarnieri,Niccolo Guarnieri,title_bearing_and_untitled,observed_periods_overlap,0,1,4,1,5,0,0,,1,Maurizio Guarnieri,shared_trainer_only,3,labels share trainers but no exact raw horse labels,unresolved,,,not_started,,,,,,,preserve_raw_unresolved,deferred_until_material_use,specific_analysis_or_material_identity_risk,Strict normalisation generated an identity candidate only. Comprehensive external resolution is disproportionate without a specific analytical need. Preserve both raw labels and leave the relationship unresolved.
JOCKEY-STRICT-0162,observed_leading_title_removed_exact_match,james smith,James Smith,Mr James Smith,title_bearing_and_untitled,observed_periods_separate,2098,0,449,18,467,0,0,,0,,no_shared_source_context,4,candidate supported only by strict title-stripped name equivalence,unresolved,,,not_started,,,,,,,preserve_raw_unresolved,deferred_until_material_use,specific_analysis_or_material_identity_risk,Strict normalisation generated an identity candidate only. Comprehensive external resolution is disproportionate without a specific analytical need. Preserve both raw labels and leave the relationship unresolved.
JOCKEY-STRICT-0163,observed_leading_title_removed_exact_match,matthew lloyd slater,Matthew Lloyd Slater,Mr Matthew Lloyd Slater,title_bearing_and_untitled,observed_periods_separate,410,0,125,5,130,0,0,,0,,no_shared_source_context,4,candidate supported only by strict title-stripped name equivalence,unresolved,,,not_started,,,,,,,preserve_raw_unresolved,deferred_until_material_use,specific_analysis_or_material_identity_risk,Strict normalisation generated an identity candidate only. Comprehensive external resolution is disproportionate without a specific analytical need. Preserve both raw labels and leave the relationship unresolved.
JOCKEY-STRICT-0164,observed_leading_title_removed_exact_match,imogen mathias,Imogen Mathias,Miss Imogen Mathias,title_bearing_and_untitled,observed_periods_separate,432,0,64,62,126,0,0,,0,,no_shared_source_context,4,candidate supported only by strict title-stripped name equivalence,unresolved,,,not_started,,,,,,,preserve_raw_unresolved,deferred_until_material_use,specific_analysis_or_material_identity_risk,Strict normalisation generated an identity candidate only. Comprehensive external resolution is disproportionate without a specific analytical need. Preserve both raw labels and leave the relationship unresolved.
JOCKEY-STRICT-0165,observed_leading_title_removed_exact_match,eddie edge,Eddie Edge,Mr Eddie Edge,title_bearing_and_untitled,observed_periods_separate,144,0,95,3,98,0,0,,0,,no_shared_source_context,4,candidate supported only by strict title-stripped name equivalence,unresolved,,,not_started,,,,,,,preserve_raw_unresolved,deferred_until_material_use,specific_analysis_or_material_identity_risk,Strict normalisation generated an identity candidate only. Comprehensive external resolution is disproportionate without a specific analytical need. Preserve both raw labels and leave the relationship unresolved.
JOCKEY-STRICT-0166,observed_leading_title_removed_exact_match,paul hainey,Mr Paul Hainey,Paul Hainey,title_bearing_and_untitled,observed_periods_separate,2482,0,34,23,57,0,0,,0,,no_shared_source_context,4,candidate supported only by strict title-stripped name equivalence,unresolved,,,not_started,,,,,,,preserve_raw_unresolved,deferred_until_material_use,specific_analysis_or_material_identity_risk,Strict normalisation generated an identity candidate only. Comprehensive external resolution is disproportionate without a specific analytical need. Preserve both raw labels and leave the relationship unresolved.
JOCKEY-STRICT-0167,observed_leading_title_removed_exact_match,gary derwin,Gary Derwin,Mr Gary Derwin,title_bearing_and_untitled,observed_periods_separate,2656,0,41,1,42,0,0,,0,,no_shared_source_context,4,candidate supported only by strict title-stripped name equivalence,unresolved,,,not_started,,,,,,,preserve_raw_unresolved,deferred_until_material_use,specific_analysis_or_material_identity_risk,Strict normalisation generated an identity candidate only. Comprehensive external resolution is disproportionate without a specific analytical need. Preserve both raw labels and leave the relationship unresolved.
JOCKEY-STRICT-0168,observed_leading_title_removed_exact_match,marie rollando,Mlle Marie Rollando,Mme Marie Rollando,two_title_bearing_labels,observed_periods_separate,166,0,35,6,41,0,0,,0,,no_shared_source_context,4,candidate supported only by strict title-stripped name equivalence,unresolved,,,not_started,,,,,,,preserve_raw_unresolved,deferred_until_material_use,specific_analysis_or_material_identity_risk,Strict normalisation generated an identity candidate only. Comprehensive external resolution is disproportionate without a specific analytical need. Preserve both raw labels and leave the relationship unresolved.
JOCKEY-STRICT-0169,observed_leading_title_removed_exact_match,ryan holmes,Mr Ryan Holmes,Ryan Holmes,title_bearing_and_untitled,observed_periods_separate,461,0,10,28,38,0,0,,0,,no_shared_source_context,4,candidate supported only by strict title-stripped name equivalence,unresolved,,,not_started,,,,,,,preserve_raw_unresolved,deferred_until_material_use,specific_analysis_or_material_identity_risk,Strict normalisation generated an identity candidate only. Comprehensive external resolution is disproportionate without a specific analytical need. Preserve both raw labels and leave the relationship unresolved.
JOCKEY-STRICT-0170,observed_leading_title_removed_exact_match,osian radford,Mr Osian Radford,Osian Radford,title_bearing_and_untitled,observed_periods_separate,125,0,1,33,34,0,0,,0,,no_shared_source_context,4,candidate supported only by strict title-stripped name equivalence,unresolved,,,not_started,,,,,,,preserve_raw_unresolved,deferred_until_material_use,specific_analysis_or_material_identity_risk,Strict normalisation generated an identity candidate only. Comprehensive external resolution is disproportionate without a specific analytical need. Preserve both raw labels and leave the relationship unresolved.
JOCKEY-STRICT-0171,observed_leading_title_removed_exact_match,paul kavanagh,Mr Paul Kavanagh,Paul Kavanagh,title_bearing_and_untitled,observed_periods_separate,394,0,7,25,32,0,0,,0,,no_shared_source_context,4,candidate supported only by strict title-stripped name equivalence,unresolved,,,not_started,,,,,,,preserve_raw_unresolved,deferred_until_material_use,specific_analysis_or_material_identity_risk,Strict normalisation generated an identity candidate only. Comprehensive external resolution is disproportionate without a specific analytical need. Preserve both raw labels and leave the relationship unresolved.
JOCKEY-STRICT-0172,observed_leading_title_removed_exact_match,laure neuville,Mlle Laure Neuville,Mme Laure Neuville,two_title_bearing_labels,observed_periods_separate,718,0,24,7,31,0,0,,0,,no_shared_source_context,4,candidate supported only by strict title-stripped name equivalence,unresolved,,,not_started,,,,,,,preserve_raw_unresolved,deferred_until_material_use,specific_analysis_or_material_identity_risk,Strict normalisation generated an identity candidate only. Comprehensive external resolution is disproportionate without a specific analytical need. Preserve both raw labels and leave the relationship unresolved.
JOCKEY-STRICT-0173,observed_leading_title_removed_exact_match,roxane liegeois,Mlle Roxane Liegeois,Mme Roxane Liegeois,two_title_bearing_labels,observed_periods_separate,50,0,6,25,31,0,0,,0,,no_shared_source_context,4,candidate supported only by strict title-stripped name equivalence,unresolved,,,not_started,,,,,,,preserve_raw_unresolved,deferred_until_material_use,specific_analysis_or_material_identity_risk,Strict normalisation generated an identity candidate only. Comprehensive external resolution is disproportionate without a specific analytical need. Preserve both raw labels and leave the relationship unresolved.
JOCKEY-STRICT-0174,observed_leading_title_removed_exact_match,oliver boyden,Mr Oliver Boyden,Oliver Boyden,title_bearing_and_untitled,observed_periods_separate,200,0,15,15,30,0,0,,0,,no_shared_source_context,4,candidate supported only by strict title-stripped name equivalence,unresolved,,,not_started,,,,,,,preserve_raw_unresolved,deferred_until_material_use,specific_analysis_or_material_identity_risk,Strict normalisation generated an identity candidate only. Comprehensive external resolution is disproportionate without a specific analytical need. Preserve both raw labels and leave the relationship unresolved.
JOCKEY-STRICT-0175,observed_leading_title_removed_exact_match,mathilde bourillon,Mlle Mathilde Bourillon,Mme Mathilde Bourillon,two_title_bearing_labels,observed_periods_separate,670,0,19,5,24,0,0,,0,,no_shared_source_context,4,candidate supported only by strict title-stripped name equivalence,unresolved,,,not_started,,,,,,,preserve_raw_unresolved,deferred_until_material_use,specific_analysis_or_material_identity_risk,Strict normalisation generated an identity candidate only. Comprehensive external resolution is disproportionate without a specific analytical need. Preserve both raw labels and leave the relationship unresolved.
JOCKEY-STRICT-0176,observed_leading_title_removed_exact_match,marlene meyer,Mlle Marlene Meyer,Mme Marlene Meyer,two_title_bearing_labels,observed_periods_separate,245,0,19,3,22,0,0,,0,,no_shared_source_context,4,candidate supported only by strict title-stripped name equivalence,unresolved,,,not_started,,,,,,,preserve_raw_unresolved,deferred_until_material_use,specific_analysis_or_material_identity_risk,Strict normalisation generated an identity candidate only. Comprehensive external resolution is disproportionate without a specific analytical need. Preserve both raw labels and leave the relationship unresolved.
JOCKEY-STRICT-0177,observed_leading_title_removed_exact_match,shaun greene,Mr Shaun Greene,Shaun Greene,title_bearing_and_untitled,observed_periods_separate,164,0,2,20,22,0,0,,0,,no_shared_source_context,4,candidate supported only by strict title-stripped name equivalence,unresolved,,,not_started,,,,,,,preserve_raw_unresolved,deferred_until_material_use,specific_analysis_or_material_identity_risk,Strict normalisation generated an identity candidate only. Comprehensive external resolution is disproportionate without a specific analytical need. Preserve both raw labels and leave the relationship unresolved.
JOCKEY-STRICT-0178,observed_leading_title_removed_exact_match,sarah akari-souidane,Mlle Sarah Akari-Souidane,Mme Sarah Akari-Souidane,two_title_bearing_labels,observed_periods_separate,612,0,14,7,21,0,0,,0,,no_shared_source_context,4,candidate supported only by strict title-stripped name equivalence,unresolved,,,not_started,,,,,,,preserve_raw_unresolved,deferred_until_material_use,specific_analysis_or_material_identity_risk,Strict normalisation generated an identity candidate only. Comprehensive external resolution is disproportionate without a specific analytical need. Preserve both raw labels and leave the relationship unresolved.
JOCKEY-STRICT-0179,observed_leading_title_removed_exact_match,aidan weaver,Aidan Weaver,Mr Aidan Weaver,title_bearing_and_untitled,observed_periods_separate,280,0,19,1,20,0,0,,0,,no_shared_source_context,4,candidate supported only by strict title-stripped name equivalence,unresolved,,,not_started,,,,,,,preserve_raw_unresolved,deferred_until_material_use,specific_analysis_or_material_identity_risk,Strict normalisation generated an identity candidate only. Comprehensive external resolution is disproportionate without a specific analytical need. Preserve both raw labels and leave the relationship unresolved.
JOCKEY-STRICT-0180,observed_leading_title_removed_exact_match,anaelle mekouche,Mlle Anaelle Mekouche,Mme Anaelle Mekouche,two_title_bearing_labels,observed_periods_separate,144,0,7,10,17,0,0,,0,,no_shared_source_context,4,candidate supported only by strict title-stripped name equivalence,unresolved,,,not_started,,,,,,,preserve_raw_unresolved,deferred_until_material_use,specific_analysis_or_material_identity_risk,Strict normalisation generated an identity candidate only. Comprehensive external resolution is disproportionate without a specific analytical need. Preserve both raw labels and leave the relationship unresolved.
JOCKEY-STRICT-0181,observed_leading_title_removed_exact_match,a jones,Miss A Jones,Mr A Jones,two_title_bearing_labels,observed_periods_overlap,0,1,1,15,16,0,0,,0,,no_shared_source_context,4,candidate supported only by strict title-stripped name equivalence,unresolved,,,not_started,,,,,,,preserve_raw_unresolved,deferred_until_material_use,specific_analysis_or_material_identity_risk,Strict normalisation generated an identity candidate only. Comprehensive external resolution is disproportionate without a specific analytical need. Preserve both raw labels and leave the relationship unresolved.
JOCKEY-STRICT-0182,observed_leading_title_removed_exact_match,alice bertiaux,Mlle Alice Bertiaux,Mme Alice Bertiaux,two_title_bearing_labels,observed_periods_separate,1130,0,11,5,16,0,0,,0,,no_shared_source_context,4,candidate supported only by strict title-stripped name equivalence,unresolved,,,not_started,,,,,,,preserve_raw_unresolved,deferred_until_material_use,specific_analysis_or_material_identity_risk,Strict normalisation generated an identity candidate only. Comprehensive external resolution is disproportionate without a specific analytical need. Preserve both raw labels and leave the relationship unresolved.
JOCKEY-STRICT-0183,observed_leading_title_removed_exact_match,minty bloss,Minty Bloss,Miss Minty Bloss,title_bearing_and_untitled,observed_periods_separate,672,0,9,7,16,0,0,,0,,no_shared_source_context,4,candidate supported only by strict title-stripped name equivalence,unresolved,,,not_started,,,,,,,preserve_raw_unresolved,deferred_until_material_use,specific_analysis_or_material_identity_risk,Strict normalisation generated an identity candidate only. Comprehensive external resolution is disproportionate without a specific analytical need. Preserve both raw labels and leave the relationship unresolved.
JOCKEY-STRICT-0184,observed_leading_title_removed_exact_match,thomas poteaux,Mr Thomas Poteaux,Thomas Poteaux,title_bearing_and_untitled,observed_periods_overlap,0,711,14,2,16,0,0,,0,,no_shared_source_context,4,candidate supported only by strict title-stripped name equivalence,unresolved,,,not_started,,,,,,,preserve_raw_unresolved,deferred_until_material_use,specific_analysis_or_material_identity_risk,Strict normalisation generated an identity candidate only. Comprehensive external resolution is disproportionate without a specific analytical need. Preserve both raw labels and leave the relationship unresolved.
JOCKEY-STRICT-0185,observed_leading_title_removed_exact_match,charlie bell,Charlie Bell,Mr Charlie Bell,title_bearing_and_untitled,observed_periods_separate,272,0,9,6,15,0,0,,0,,no_shared_source_context,4,candidate supported only by strict title-stripped name equivalence,unresolved,,,not_started,,,,,,,preserve_raw_unresolved,deferred_until_material_use,specific_analysis_or_material_identity_risk,Strict normalisation generated an identity candidate only. Comprehensive external resolution is disproportionate without a specific analytical need. Preserve both raw labels and leave the relationship unresolved.
JOCKEY-STRICT-0186,observed_leading_title_removed_exact_match,jenny langhard,Frau Jenny Langhard,Jenny Langhard,title_bearing_and_untitled,observed_periods_overlap,0,743,9,6,15,0,0,,0,,no_shared_source_context,4,candidate supported only by strict title-stripped name equivalence,unresolved,,,not_started,,,,,,,preserve_raw_unresolved,deferred_until_material_use,specific_analysis_or_material_identity_risk,Strict normalisation generated an identity candidate only. Comprehensive external resolution is disproportionate without a specific analytical need. Preserve both raw labels and leave the relationship unresolved.
JOCKEY-STRICT-0187,observed_leading_title_removed_exact_match,sarah pedron,Mlle Sarah Pedron,Mme Sarah Pedron,two_title_bearing_labels,observed_periods_separate,205,0,4,11,15,0,0,,0,,no_shared_source_context,4,candidate supported only by strict title-stripped name equivalence,unresolved,,,not_started,,,,,,,preserve_raw_unresolved,deferred_until_material_use,specific_analysis_or_material_identity_risk,Strict normalisation generated an identity candidate only. Comprehensive external resolution is disproportionate without a specific analytical need. Preserve both raw labels and leave the relationship unresolved.
JOCKEY-STRICT-0188,observed_leading_title_removed_exact_match,amy hunt,Amy Hunt,Miss Amy Hunt,title_bearing_and_untitled,observed_periods_separate,107,0,10,4,14,0,0,,0,,no_shared_source_context,4,candidate supported only by strict title-stripped name equivalence,unresolved,,,not_started,,,,,,,preserve_raw_unresolved,deferred_until_material_use,specific_analysis_or_material_identity_risk,Strict normalisation generated an identity candidate only. Comprehensive external resolution is disproportionate without a specific analytical need. Preserve both raw labels and leave the relationship unresolved.
JOCKEY-STRICT-0189,observed_leading_title_removed_exact_match,esentur turganaaly uulu,Esentur Turganaaly UUlu,Esentur Turganaaly Uulu,two_untitled_labels,observed_periods_separate,83,0,4,10,14,0,0,,0,,no_shared_source_context,4,candidate supported only by strict title-stripped name equivalence,unresolved,,,not_started,,,,,,,preserve_raw_unresolved,deferred_until_material_use,specific_analysis_or_material_identity_risk,Strict normalisation generated an identity candidate only. Comprehensive external resolution is disproportionate without a specific analytical need. Preserve both raw labels and leave the relationship unresolved.
JOCKEY-STRICT-0190,observed_leading_title_removed_exact_match,lucie lenglart,Mlle Lucie Lenglart,Mme Lucie Lenglart,two_title_bearing_labels,observed_periods_separate,166,0,8,4,12,0,0,,0,,no_shared_source_context,4,candidate supported only by strict title-stripped name equivalence,unresolved,,,not_started,,,,,,,preserve_raw_unresolved,deferred_until_material_use,specific_analysis_or_material_identity_risk,Strict normalisation generated an identity candidate only. Comprehensive external resolution is disproportionate without a specific analytical need. Preserve both raw labels and leave the relationship unresolved.
JOCKEY-STRICT-0191,observed_leading_title_removed_exact_match,michael coles,Michael Coles,Mr Michael Coles,title_bearing_and_untitled,observed_periods_separate,1161,0,10,2,12,0,0,,0,,no_shared_source_context,4,candidate supported only by strict title-stripped name equivalence,unresolved,,,not_started,,,,,,,preserve_raw_unresolved,deferred_until_material_use,specific_analysis_or_material_identity_risk,Strict normalisation generated an identity candidate only. Comprehensive external resolution is disproportionate without a specific analytical need. Preserve both raw labels and leave the relationship unresolved.
JOCKEY-STRICT-0192,observed_leading_title_removed_exact_match,pandora briselden,Miss Pandora Briselden,Ms Pandora Briselden,two_title_bearing_labels,observed_periods_separate,637,0,6,6,12,0,0,,0,,no_shared_source_context,4,candidate supported only by strict title-stripped name equivalence,unresolved,,,not_started,,,,,,,preserve_raw_unresolved,deferred_until_material_use,specific_analysis_or_material_identity_risk,Strict normalisation generated an identity candidate only. Comprehensive external resolution is disproportionate without a specific analytical need. Preserve both raw labels and leave the relationship unresolved.
JOCKEY-STRICT-0193,observed_leading_title_removed_exact_match,jenny langhard,Frau Jenny Langhard,Miss Jenny Langhard,two_title_bearing_labels,observed_periods_overlap,0,4,9,2,11,0,0,,0,,no_shared_source_context,4,candidate supported only by strict title-stripped name equivalence,unresolved,,,not_started,,,,,,,preserve_raw_unresolved,deferred_until_material_use,specific_analysis_or_material_identity_risk,Strict normalisation generated an identity candidate only. Comprehensive external resolution is disproportionate without a specific analytical need. Preserve both raw labels and leave the relationship unresolved.
JOCKEY-STRICT-0194,observed_leading_title_removed_exact_match,solange gourdain,Mlle Solange Gourdain,Mme Solange Gourdain,two_title_bearing_labels,observed_periods_separate,2236,0,9,1,10,0,0,,0,,no_shared_source_context,4,candidate supported only by strict title-stripped name equivalence,unresolved,,,not_started,,,,,,,preserve_raw_unresolved,deferred_until_material_use,specific_analysis_or_material_identity_risk,Strict normalisation generated an identity candidate only. Comprehensive external resolution is disproportionate without a specific analytical need. Preserve both raw labels and leave the relationship unresolved.
JOCKEY-STRICT-0195,observed_leading_title_removed_exact_match,lucie lebeurrier,Mlle Lucie Lebeurrier,Mme Lucie Lebeurrier,two_title_bearing_labels,observed_periods_separate,247,0,8,1,9,0,0,,0,,no_shared_source_context,4,candidate supported only by strict title-stripped name equivalence,unresolved,,,not_started,,,,,,,preserve_raw_unresolved,deferred_until_material_use,specific_analysis_or_material_identity_risk,Strict normalisation generated an identity candidate only. Comprehensive external resolution is disproportionate without a specific analytical need. Preserve both raw labels and leave the relationship unresolved.
JOCKEY-STRICT-0196,observed_leading_title_removed_exact_match,jean-daniel manceau,Jean-Daniel Manceau,Mr Jean-Daniel Manceau,title_bearing_and_untitled,observed_periods_overlap,0,43,3,5,8,0,0,,0,,no_shared_source_context,4,candidate supported only by strict title-stripped name equivalence,unresolved,,,not_started,,,,,,,preserve_raw_unresolved,deferred_until_material_use,specific_analysis_or_material_identity_risk,Strict normalisation generated an identity candidate only. Comprehensive external resolution is disproportionate without a specific analytical need. Preserve both raw labels and leave the relationship unresolved.
JOCKEY-STRICT-0197,observed_leading_title_removed_exact_match,jenny langhard,Jenny Langhard,Miss Jenny Langhard,title_bearing_and_untitled,observed_periods_separate,901,0,6,2,8,0,0,,0,,no_shared_source_context,4,candidate supported only by strict title-stripped name equivalence,unresolved,,,not_started,,,,,,,preserve_raw_unresolved,deferred_until_material_use,specific_analysis_or_material_identity_risk,Strict normalisation generated an identity candidate only. Comprehensive external resolution is disproportionate without a specific analytical need. Preserve both raw labels and leave the relationship unresolved.
JOCKEY-STRICT-0198,observed_leading_title_removed_exact_match,karen dieltjens,Mlle Karen Dieltjens,Mrs Karen Dieltjens,two_title_bearing_labels,observed_periods_separate,1091,0,2,4,6,0,0,,0,,no_shared_source_context,4,candidate supported only by strict title-stripped name equivalence,unresolved,,,not_started,,,,,,,preserve_raw_unresolved,deferred_until_material_use,specific_analysis_or_material_identity_risk,Strict normalisation generated an identity candidate only. Comprehensive external resolution is disproportionate without a specific analytical need. Preserve both raw labels and leave the relationship unresolved.
JOCKEY-STRICT-0199,observed_leading_title_removed_exact_match,elodie daveau-coudray,Mlle Elodie Daveau-Coudray,Mme Elodie Daveau-Coudray,two_title_bearing_labels,observed_periods_separate,1081,0,2,3,5,0,0,,0,,no_shared_source_context,4,candidate supported only by strict title-stripped name equivalence,unresolved,,,not_started,,,,,,,preserve_raw_unresolved,deferred_until_material_use,specific_analysis_or_material_identity_risk,Strict normalisation generated an identity candidate only. Comprehensive external resolution is disproportionate without a specific analytical need. Preserve both raw labels and leave the relationship unresolved.
JOCKEY-STRICT-0200,observed_leading_title_removed_exact_match,jay kozaczek,Jay Kozaczek,Mr Jay Kozaczek,title_bearing_and_untitled,observed_periods_separate,336,0,3,2,5,0,0,,0,,no_shared_source_context,4,candidate supported only by strict title-stripped name equivalence,unresolved,,,not_started,,,,,,,preserve_raw_unresolved,deferred_until_material_use,specific_analysis_or_material_identity_risk,Strict normalisation generated an identity candidate only. Comprehensive external resolution is disproportionate without a specific analytical need. Preserve both raw labels and leave the relationship unresolved.
JOCKEY-STRICT-0201,observed_leading_title_removed_exact_match,jenifer maurer,Mlle Jenifer Maurer,Mme Jenifer Maurer,two_title_bearing_labels,observed_periods_separate,350,0,1,4,5,0,0,,0,,no_shared_source_context,4,candidate supported only by strict title-stripped name equivalence,unresolved,,,not_started,,,,,,,preserve_raw_unresolved,deferred_until_material_use,specific_analysis_or_material_identity_risk,Strict normalisation generated an identity candidate only. Comprehensive external resolution is disproportionate without a specific analytical need. Preserve both raw labels and leave the relationship unresolved.
JOCKEY-STRICT-0202,observed_leading_title_removed_exact_match,pablo laborde fernandez,Mr Pablo Laborde Fernandez,Pablo Laborde Fernandez,title_bearing_and_untitled,observed_periods_separate,66,0,1,4,5,0,0,,0,,no_shared_source_context,4,candidate supported only by strict title-stripped name equivalence,unresolved,,,not_started,,,,,,,preserve_raw_unresolved,deferred_until_material_use,specific_analysis_or_material_identity_risk,Strict normalisation generated an identity candidate only. Comprehensive external resolution is disproportionate without a specific analytical need. Preserve both raw labels and leave the relationship unresolved.
JOCKEY-STRICT-0203,observed_leading_title_removed_exact_match,alix lemaire,Alix Lemaire,Mr Alix Lemaire,title_bearing_and_untitled,observed_periods_separate,55,0,2,2,4,0,0,,0,,no_shared_source_context,4,candidate supported only by strict title-stripped name equivalence,unresolved,,,not_started,,,,,,,preserve_raw_unresolved,deferred_until_material_use,specific_analysis_or_material_identity_risk,Strict normalisation generated an identity candidate only. Comprehensive external resolution is disproportionate without a specific analytical need. Preserve both raw labels and leave the relationship unresolved.
JOCKEY-STRICT-0204,observed_leading_title_removed_exact_match,c coste,C Coste,Mr C Coste,title_bearing_and_untitled,observed_periods_separate,32,0,2,2,4,0,0,,0,,no_shared_source_context,4,candidate supported only by strict title-stripped name equivalence,unresolved,,,not_started,,,,,,,preserve_raw_unresolved,deferred_until_material_use,specific_analysis_or_material_identity_risk,Strict normalisation generated an identity candidate only. Comprehensive external resolution is disproportionate without a specific analytical need. Preserve both raw labels and leave the relationship unresolved.
JOCKEY-STRICT-0205,observed_leading_title_removed_exact_match,c grant,Miss C Grant,Mr C Grant,two_title_bearing_labels,observed_periods_separate,3964,0,1,3,4,0,0,,0,,no_shared_source_context,4,candidate supported only by strict title-stripped name equivalence,unresolved,,,not_started,,,,,,,preserve_raw_unresolved,deferred_until_material_use,specific_analysis_or_material_identity_risk,Strict normalisation generated an identity candidate only. Comprehensive external resolution is disproportionate without a specific analytical need. Preserve both raw labels and leave the relationship unresolved.
JOCKEY-STRICT-0206,observed_leading_title_removed_exact_match,max jenkins,Max Jenkins,Mr Max Jenkins,title_bearing_and_untitled,observed_periods_separate,1817,0,3,1,4,0,0,,0,,no_shared_source_context,4,candidate supported only by strict title-stripped name equivalence,unresolved,,,not_started,,,,,,,preserve_raw_unresolved,deferred_until_material_use,specific_analysis_or_material_identity_risk,Strict normalisation generated an identity candidate only. Comprehensive external resolution is disproportionate without a specific analytical need. Preserve both raw labels and leave the relationship unresolved.
JOCKEY-STRICT-0207,observed_leading_title_removed_exact_match,audrey satabin,Audrey Satabin,Mlle Audrey Satabin,title_bearing_and_untitled,observed_periods_separate,2896,0,2,1,3,0,0,,0,,no_shared_source_context,4,candidate supported only by strict title-stripped name equivalence,unresolved,,,not_started,,,,,,,preserve_raw_unresolved,deferred_until_material_use,specific_analysis_or_material_identity_risk,Strict normalisation generated an identity candidate only. Comprehensive external resolution is disproportionate without a specific analytical need. Preserve both raw labels and leave the relationship unresolved.
JOCKEY-STRICT-0208,observed_leading_title_removed_exact_match,elin hedman,Elin Hedman,Mme Elin Hedman,title_bearing_and_untitled,observed_periods_separate,572,0,1,2,3,0,0,,0,,no_shared_source_context,4,candidate supported only by strict title-stripped name equivalence,unresolved,,,not_started,,,,,,,preserve_raw_unresolved,deferred_until_material_use,specific_analysis_or_material_identity_risk,Strict normalisation generated an identity candidate only. Comprehensive external resolution is disproportionate without a specific analytical need. Preserve both raw labels and leave the relationship unresolved.
JOCKEY-STRICT-0209,observed_leading_title_removed_exact_match,j p oneill,J P ONeill,Mr J P ONeill,title_bearing_and_untitled,observed_periods_separate,545,0,1,2,3,0,0,,0,,no_shared_source_context,4,candidate supported only by strict title-stripped name equivalence,unresolved,,,not_started,,,,,,,preserve_raw_unresolved,deferred_until_material_use,specific_analysis_or_material_identity_risk,Strict normalisation generated an identity candidate only. Comprehensive external resolution is disproportionate without a specific analytical need. Preserve both raw labels and leave the relationship unresolved.
JOCKEY-STRICT-0210,observed_leading_title_removed_exact_match,manon scandella-lacaille,Manon Scandella-Lacaille,Mme Manon Scandella-Lacaille,title_bearing_and_untitled,observed_periods_separate,20,0,2,1,3,0,0,,0,,no_shared_source_context,4,candidate supported only by strict title-stripped name equivalence,unresolved,,,not_started,,,,,,,preserve_raw_unresolved,deferred_until_material_use,specific_analysis_or_material_identity_risk,Strict normalisation generated an identity candidate only. Comprehensive external resolution is disproportionate without a specific analytical need. Preserve both raw labels and leave the relationship unresolved.
JOCKEY-STRICT-0211,observed_leading_title_removed_exact_match,c collins,C Collins,Mr C Collins,title_bearing_and_untitled,observed_periods_separate,720,0,1,1,2,0,0,,0,,no_shared_source_context,4,candidate supported only by strict title-stripped name equivalence,unresolved,,,not_started,,,,,,,preserve_raw_unresolved,deferred_until_material_use,specific_analysis_or_material_identity_risk,Strict normalisation generated an identity candidate only. Comprehensive external resolution is disproportionate without a specific analytical need. Preserve both raw labels and leave the relationship unresolved.
JOCKEY-STRICT-0212,observed_leading_title_removed_exact_match,charlotta ericsson,Charlotta Ericsson,Miss Charlotta Ericsson,title_bearing_and_untitled,observed_periods_separate,185,0,1,1,2,0,0,,0,,no_shared_source_context,4,candidate supported only by strict title-stripped name equivalence,unresolved,,,not_started,,,,,,,preserve_raw_unresolved,deferred_until_material_use,specific_analysis_or_material_identity_risk,Strict normalisation generated an identity candidate only. Comprehensive external resolution is disproportionate without a specific analytical need. Preserve both raw labels and leave the relationship unresolved.
JOCKEY-STRICT-0213,observed_leading_title_removed_exact_match,j osullivan,J OSullivan,Mr J OSullivan,title_bearing_and_untitled,observed_periods_separate,1256,0,1,1,2,0,0,,0,,no_shared_source_context,4,candidate supported only by strict title-stripped name equivalence,unresolved,,,not_started,,,,,,,preserve_raw_unresolved,deferred_until_material_use,specific_analysis_or_material_identity_risk,Strict normalisation generated an identity candidate only. Comprehensive external resolution is disproportionate without a specific analytical need. Preserve both raw labels and leave the relationship unresolved.
JOCKEY-STRICT-0214,observed_leading_title_removed_exact_match,juliette benech,Mlle Juliette Benech,Mme Juliette Benech,two_title_bearing_labels,observed_periods_separate,1420,0,1,1,2,0,0,,0,,no_shared_source_context,4,candidate supported only by strict title-stripped name equivalence,unresolved,,,not_started,,,,,,,preserve_raw_unresolved,deferred_until_material_use,specific_analysis_or_material_identity_risk,Strict normalisation generated an identity candidate only. Comprehensive external resolution is disproportionate without a specific analytical need. Preserve both raw labels and leave the relationship unresolved.
JOCKEY-STRICT-0215,observed_leading_title_removed_exact_match,lucas gueracague,Lucas Gueracague,Mr Lucas Gueracague,title_bearing_and_untitled,observed_periods_separate,282,0,1,1,2,0,0,,0,,no_shared_source_context,4,candidate supported only by strict title-stripped name equivalence,unresolved,,,not_started,,,,,,,preserve_raw_unresolved,deferred_until_material_use,specific_analysis_or_material_identity_risk,Strict normalisation generated an identity candidate only. Comprehensive external resolution is disproportionate without a specific analytical need. Preserve both raw labels and leave the relationship unresolved.
JOCKEY-STRICT-0216,observed_leading_title_removed_exact_match,thomas briand,Mr Thomas Briand,Thomas Briand,title_bearing_and_untitled,observed_periods_separate,151,0,1,1,2,0,0,,0,,no_shared_source_context,4,candidate supported only by strict title-stripped name equivalence,unresolved,,,not_started,,,,,,,preserve_raw_unresolved,deferred_until_material_use,specific_analysis_or_material_identity_risk,Strict normalisation generated an identity candidate only. Comprehensive external resolution is disproportionate without a specific analytical need. Preserve both raw labels and leave the relationship unresolved.
