candidate_course_label,candidate_jurisdiction,physical_venue_name,locality,region,country,latitude,longitude,iana_timezone,location_evidence,location_validation_status,raw_course_labels,provisional_races,meeting_dates,earliest_date,latest_date,has_reusable_location,address_line,suburb,postcode,provider_place_id,provider_display_name,timezone_resolution_method,timezone_resolution_reason
La Plata,Argentina,Hipódromo de La Plata,La Plata,Buenos Aires,Argentina,-34.9012673,-57.9438043,America/Argentina/Buenos_Aires,"Nominatim manual selection from query 'Hipódromo de La Plata, Argentina'; provider place way:287312802; raw response f29ac5baf793331c1b0ec642ecdc882d744cd7daf87369ecd20a8ddf98ef08c7.",manually_validated,La Plata (ARG),37,28,2015-01-18,2025-09-21,True,,,,,,existing_resolved_location,Timezone already derived from a resolved course location.
Palermo,Argentina,Hipódromo Argentino de Palermo,Buenos Aires,Autonomous City of Buenos Aires,Argentina,-34.5663978,-58.4257272,America/Argentina/Buenos_Aires,"Nominatim manual selection from query 'Palermo hipódromo, Argentina'; selected result index 0, Hipódromo Argentino de Palermo.",manually_validated,Palermo (ARG),200,76,2015-01-03,2025-10-11,True,4101 Avenida Del Libertador,Palermo,C1426BSD,way:18772836,"Hipódromo Argentino de Palermo, 4101, Avenida Del Libertador, Palermo Pacífico, Palermo, Buenos Aires, Comuna 14, Autonomous City of Buenos Aires, C1426BSD, Argentina",existing_resolved_location,Timezone already derived from a resolved course location.
San Isidro,Argentina,,,,,,,America/Argentina/Buenos_Aires,,unassigned,San Isidro (ARG),179,80,2015-02-07,2025-10-04,False,,,,,,jurisdiction_default,Argentina currently uses one national civil offset.
Albury,Australia,,,,,,,Australia/Sydney,,unassigned,Albury (AUS),4,1,2015-03-27,2015-03-27,False,,,,,,manual_reference_csv,Exact venue.
Alice springs,Australia,,,,,,,Australia/Darwin,,unassigned,Alice springs (AUS),1,1,2019-05-06,2019-05-06,False,,,,,,manual_reference_csv,Source capitalization normalized.
Armidale,Australia,,,,,,,Australia/Sydney,,unassigned,Armidale (AUS),1,1,2020-03-01,2020-03-01,False,,,,,,manual_timezone_review,Exact Armidale Racecourse result in New South Wales.
Ascot,Australia,Ascot Racecourse,Perth,Western Australia,Australia,-31.9349899,115.9207839,Australia/Perth,"Nominatim conservative automatic selection from query 'Ascot racecourse, Australia'; selected result index 0.",automatically_validated,Ascot (AUS),204,140,2015-01-01,2025-05-10,True,Ennis Place,Ascot,6104,relation:1949976,"Ascot Racecourse, Ennis Place, Ascot, Perth, Western Australia, 6104, Australia",existing_resolved_location,Timezone already derived from a resolved course location.
Balaklava,Australia,Balaklava Racecourse,Balaklava,South Australia,Australia,-34.1523097,138.4080132,Australia/Adelaide,"Nominatim conservative automatic selection from query 'Balaklava racecourse, Australia'; selected result index 0.",automatically_validated,Balaklava (AUS),1,1,2020-04-29,2020-04-29,True,Higham Avenue,,5461,way:544211969,"Balaklava Racecourse, Higham Avenue, Balaklava, South Australia, 5461, Australia",existing_resolved_location,Timezone already derived from a resolved course location.
Ballarat,Australia,,,,,,,Australia/Melbourne,,unassigned,Ballarat (AUS),2,2,2015-04-30,2015-05-10,False,,,,,,manual_reference_csv,Correct racecourse; earlier kart-club result was a false positive.
Belmont Park (Perth),Australia,Belmont Park Racecourse,Perth,Western Australia,Australia,-31.9433124,115.8904519,Australia/Perth,"Nominatim conservative automatic selection from query 'Belmont Park racecourse, Australia'; selected result index 0.",automatically_validated,Belmont Park (Perth) (AUS),31,31,2015-05-16,2024-06-15,True,Tranquil Lane,Burswood,6100,way:143752287,"Belmont Park Racecourse, Tranquil Lane, Burswood, Perth, Western Australia, 6100, Australia",existing_resolved_location,Timezone already derived from a resolved course location.
Bendigo,Australia,,,,,,,Australia/Melbourne,,unassigned,Bendigo (AUS),16,14,2015-03-21,2024-10-30,False,,,,,,manual_timezone_review,Exact Bendigo Racecourse sporting and track objects in Victoria agreed on timezone.
Canberra,Australia,,,,,,,Australia/Sydney,,unassigned,Canberra (AUS),18,11,2015-03-08,2025-03-09,False,,,,,,manual_reference_csv,Exact Canberra Racing Club venue.
Canterbury Park,Australia,Canterbury Park Racecourse,Sydney,New South Wales,Australia,-33.9069655,151.1156221,Australia/Sydney,"Nominatim conservative automatic selection from query 'Canterbury Park racecourse, Australia'; selected result index 0.",automatically_validated,Canterbury Park (AUS),10,2,2015-04-23,2015-04-29,True,South Parade,Canterbury,2194,way:220462768,"Canterbury Park Racecourse, South Parade, Canterbury, Sydney, New South Wales, 2194, Australia",existing_resolved_location,Timezone already derived from a resolved course location.
Caulfield,Australia,,,,,,,Australia/Melbourne,,unassigned,Caulfield (AUS),574,143,2015-02-14,2025-10-11,False,,,,,,manual_timezone_review,"Two exact Caulfield Racecourse results in Melbourne, Victoria, both derived the same timezone."
Cranbourne,Australia,Cranbourne Racecourse,Melbourne,Victoria,Australia,-38.1205154,145.2785406,Australia/Melbourne,"Nominatim conservative automatic selection from query 'Cranbourne racecourse, Australia'; selected result index 0.",automatically_validated,Cranbourne (AUS),9,9,2015-03-13,2018-10-21,True,South Gippsland Highway,Cranbourne,3977,way:22760417,"Cranbourne Racecourse, South Gippsland Highway, Cranbourne, Melbourne, Victoria, 3977, Australia",existing_resolved_location,Timezone already derived from a resolved course location.
Doomben,Australia,Doomben Racecourse,Brisbane,Queensland,Australia,-27.4262979,153.0761163,Australia/Brisbane,"Nominatim conservative automatic selection from query 'Doomben racecourse, Australia'; selected result index 0.",automatically_validated,Doomben (AUS),153,50,2015-05-09,2025-06-04,True,Buxton Street,Ascot,4007,way:22773741,"Doomben Racecourse, Buxton Street, Ascot, Brisbane, Queensland, 4007, Australia",existing_resolved_location,Timezone already derived from a resolved course location.
Eagle Farm,Australia,,,,,,,Australia/Brisbane,,unassigned,Eagle Farm (AUS),166,46,2016-06-11,2025-06-28,False,,,,,,manual_reference_csv,Exact Brisbane Racing Club venue.
Echuca,Australia,,,,,,,Australia/Melbourne,,unassigned,Echuca (AUS),4,3,2015-03-07,2018-08-27,False,,,,,,manual_reference_csv,Exact venue.
Flemington,Australia,Flemington Racecourse,Melbourne,Victoria,Australia,-37.7892513,144.9127713,Australia/Melbourne,"Nominatim conservative automatic selection from query 'Flemington racecourse, Australia'; selected result index 0.",automatically_validated,Flemington (AUS),498,133,2015-01-01,2025-10-04,True,448 Epsom Road,Flemington,3031,way:25759709,"Flemington Racecourse, 448, Epsom Road, Flemington, Melbourne, Victoria, 3031, Australia",existing_resolved_location,Timezone already derived from a resolved course location.
Gatton,Australia,Gatton Racecourse,Gatton,Queensland,Australia,-27.5525458,152.2640841,Australia/Brisbane,"Nominatim conservative automatic selection from query 'Gatton racecourse, Australia'; selected result index 0.",automatically_validated,Gatton (AUS),1,1,2019-05-03,2019-05-03,True,Spencer Street,,4343,way:534173482,"Gatton Racecourse, Spencer Street, Gatton, Queensland, 4343, Australia",existing_resolved_location,Timezone already derived from a resolved course location.
Geelong,Australia,Geelong Racecourse,Geelong,Victoria,Australia,-38.174669,144.3745648,Australia/Melbourne,"Nominatim conservative automatic selection from query 'Geelong racecourse, Australia'; selected result index 0.",automatically_validated,Geelong (AUS),25,15,2015-04-29,2024-10-23,True,Cosgrove Street,Breakwater,3219,way:37411130,"Geelong Racecourse, Cosgrove Street, Breakwater, Geelong, Victoria, 3219, Australia",existing_resolved_location,Timezone already derived from a resolved course location.
Gold Coast,Australia,Gold Coast Turf Club,Gold Coast,Queensland,Australia,-28.0056491,153.4074343,Australia/Brisbane,"Nominatim conservative automatic selection from query 'Gold Coast racecourse, Australia'; selected result index 0.",automatically_validated,Gold Coast (AUS),44,13,2015-04-25,2025-05-10,True,Racecourse Drive,Bundall,4217,way:19606707,"Gold Coast Turf Club, Racecourse Drive, Bundall, Gold Coast, Queensland, 4217, Australia",existing_resolved_location,Timezone already derived from a resolved course location.
Gosford,Australia,Gosford Racecourse,Gosford,New South Wales,Australia,-33.4245828,151.3275269,Australia/Sydney,"Nominatim conservative automatic selection from query 'Gosford racecourse, Australia'; selected result index 0.",automatically_validated,Gosford (AUS),20,15,2015-01-09,2023-12-28,True,Racecourse Road,West Gosford,2250,relation:6527554,"Gosford Racecourse, Racecourse Road, West Gosford, Gosford, New South Wales, 2250, Australia",existing_resolved_location,Timezone already derived from a resolved course location.
Goulburn,Australia,Goulburn Racecourse & Trotting Track,Goulburn,New South Wales,Australia,-34.7106879,149.7499166,Australia/Sydney,"Nominatim conservative automatic selection from query 'Goulburn racecourse, Australia'; selected result index 0.",automatically_validated,Goulburn (AUS),9,4,2015-03-20,2022-03-11,True,Taralga Road,Kenmore,2580,way:238000537,"Goulburn Racecourse & Trotting Track, Taralga Road, Kenmore, Goulburn, New South Wales, 2580, Australia",existing_resolved_location,Timezone already derived from a resolved course location.
Grafton,Australia,Grafton Racecourse,Grafton,New South Wales,Australia,-29.6767327,152.931295,Australia/Sydney,"Nominatim conservative automatic selection from query 'Grafton racecourse, Australia'; selected result index 0.",automatically_validated,Grafton (AUS),1,1,2019-04-29,2019-04-29,True,Reserve Street,Grafton,2460,relation:5414161,"Grafton Racecourse, Reserve Street, Westlawn, Grafton, New South Wales, 2460, Australia",existing_resolved_location,Timezone already derived from a resolved course location.
Gundagai,Australia,,,,,,,Australia/Sydney,,unassigned,Gundagai (AUS),1,1,2018-11-16,2018-11-16,False,,,,,,manual_reference_csv,Venue and timezone clear; exact postal street left blank pending confirmation.
Hawkesbury,Australia,,,,,,,Australia/Sydney,,unassigned,Hawkesbury (AUS),33,12,2015-03-10,2025-05-03,False,,,,,,manual_reference_csv,Exact venue at Clarendon.
Hobart,Australia,,,,,,,Australia/Hobart,,unassigned,Hobart (AUS),22,18,2015-02-06,2025-02-09,False,,,,,,manual_reference_csv,Hobart racing is staged at Elwick Racecourse.
Kembla Grange,Australia,,,,,,,Australia/Sydney,,unassigned,Kembla Grange (AUS),38,21,2015-03-09,2025-03-14,False,,,,,,manual_reference_csv,Exact Illawarra Turf Club venue.
Kyneton,Australia,,,,,,,Australia/Melbourne,,unassigned,Kyneton (AUS),2,2,2015-04-27,2018-11-16,False,,,,,,manual_reference_csv,Venue identity and timezone clear; street number should be checked before postal use.
Launceston,Australia,,,,,,,Australia/Hobart,,unassigned,Launceston (AUS),21,15,2015-02-18,2025-02-26,False,,,,,,manual_reference_csv,Correct racing venue; earlier tennis/sports results were false positives.
Moe,Australia,,,,,,,Australia/Melbourne,,unassigned,Moe (AUS),2,2,2015-04-25,2018-04-25,False,,,,,,manual_timezone_review,Exact Moe Racing Club result in Victoria.
Moonee Valley,Australia,Moonee Valley Racecourse,Melbourne,Victoria,Australia,-37.7657387,144.9326693,Australia/Melbourne,"Nominatim conservative automatic selection from query 'Moonee Valley racecourse, Australia'; selected result index 0.",automatically_validated,Moonee Valley (AUS),234,85,2015-01-24,2025-09-26,True,Thomas Street,Moonee Ponds,3039,way:5077842,"Moonee Valley Racecourse, Thomas Street, Moonee Ponds, Melbourne, Victoria, 3039, Australia",existing_resolved_location,Timezone already derived from a resolved course location.
Mornington,Australia,Mornington Racecourse,Melbourne,Victoria,Australia,-38.2355379,145.0708125,Australia/Melbourne,"Nominatim conservative automatic selection from query 'Mornington racecourse, Australia'; selected result index 0.",automatically_validated,Mornington (AUS),4,4,2015-03-28,2020-09-27,True,Mornington-Tyabb Road,Mornington,3931,way:28483920,"Mornington Racecourse, Mornington-Tyabb Road, Mornington, Melbourne, Victoria, 3931, Australia",existing_resolved_location,Timezone already derived from a resolved course location.
Morphettville,Australia,,,,,,,Australia/Adelaide,,unassigned,Morphettville (AUS),205,88,2015-02-28,2025-08-09,False,,,,,,manual_timezone_review,"Exact Morphettville Racecourse sporting and track objects in Adelaide, South Australia agreed on timezone."
Morphettville Parks,Australia,,,,,,,Australia/Adelaide,,unassigned,Morphettville Parks (AUS),1,1,2016-04-30,2016-04-30,False,,,,,,manual_reference_csv,Secondary course at the Morphettville complex.
Newcastle,Australia,,,,,,,Australia/Sydney,,unassigned,Newcastle (AUS),77,33,2015-03-07,2025-09-19,False,,,,,,manual_reference_csv,"Australian Newcastle venue, not Newcastle upon Tyne."
Northam,Australia,,,,,,,Australia/Perth,,unassigned,Northam (AUS),6,6,2018-05-06,2025-05-11,False,,,,,,manual_reference_csv,Venue and locality clear; street address should be checked against club correspondence before postal use.
Pakenham,Australia,Pakenham Racecourse,Melbourne,Victoria,Australia,-38.0938204,145.6110334,Australia/Melbourne,"Nominatim conservative automatic selection from query 'Pakenham racecourse, Australia'; selected result index 0.",automatically_validated,Pakenham (AUS),6,5,2015-03-26,2018-10-19,True,Chippendale Road,,3812,way:330035364,"Pakenham Racecourse, Chippendale Road, Tynong, Melbourne, Victoria, 3812, Australia",existing_resolved_location,Timezone already derived from a resolved course location.
Pinjara Park Course,Australia,,,,,,,Australia/Perth,,unassigned,Pinjara Park Course (AUS),1,1,2025-06-21,2025-06-21,False,,,,,,manual_reference_csv,Source label contains a spelling variant.
Randwick,Australia,,,,,,,Australia/Sydney,,unassigned,Randwick (AUS),719,160,2015-02-14,2025-10-04,False,,,,,,manual_timezone_review,"Exact Randwick Racecourse result in Sydney, New South Wales."
Rosehill,Australia,,,,,,,Australia/Sydney,,unassigned,Rosehill (AUS),472,113,2015-01-31,2025-10-11,False,,,,,,manual_reference_csv,Exact ATC venue; source label is a shortened name.
Sale,Australia,,,,,,,Australia/Melbourne,,unassigned,Sale (AUS),1,1,2015-03-11,2015-03-11,False,,,,,,manual_reference_csv,Venue identity and timezone clear; street number not confirmed.
Sandown,Australia,Sandown Racecourse,Melbourne,Victoria,Australia,-37.9514463,145.1648262,Australia/Melbourne,"Nominatim conservative automatic selection from query 'Sandown racecourse, Australia'; selected result index 0.",automatically_validated,Sandown (AUS),65,22,2015-01-26,2025-09-27,True,Racecourse Drive,Springvale,3171,relation:4004730,"Sandown Racecourse, Racecourse Drive, Springvale, Melbourne, Victoria, 3171, Australia",existing_resolved_location,Timezone already derived from a resolved course location.
Scone,Australia,,,,,,,Australia/Sydney,,unassigned,Scone (AUS),14,10,2015-05-16,2025-05-17,False,,,,,,manual_reference_csv,Exact venue.
Seymour,Australia,,,,,,,Australia/Melbourne,,unassigned,Seymour (AUS),3,3,2015-04-09,2015-10-18,False,,,,,,manual_timezone_review,Exact Seymour Racecourse result in Victoria.
Sunshine Coast,Australia,,,,,,,Australia/Brisbane,,unassigned,Sunshine Coast (AUS),21,14,2015-05-16,2025-07-05,False,,,,,,manual_reference_csv,Exact venue at Corbould Park.
Toowoomba,Australia,,,,,,,Australia/Brisbane,,unassigned,Toowoomba (AUS),1,1,2021-04-16,2021-04-16,False,,,,,,manual_reference_csv,Exact venue.
Wagga Wagga,Australia,,,,,,,Australia/Sydney,,unassigned,Wagga Wagga (AUS),1,1,2018-05-03,2018-05-03,False,,,,,,manual_reference_csv,Exact venue.
Wangaratta,Australia,,,,,,,Australia/Melbourne,,unassigned,Wangaratta (AUS),1,1,2018-05-07,2018-05-07,False,,,,,,manual_timezone_review,Exact Wangaratta Race Course result in Victoria.
Warwick Farm,Australia,Warwick Farm Racecourse,Sydney,New South Wales,Australia,-33.9099549,150.9447659,Australia/Sydney,"Nominatim conservative automatic selection from query 'Warwick Farm racecourse, Australia'; selected result index 0.",automatically_validated,Warwick Farm (AUS),32,11,2015-02-28,2025-04-02,True,Hume Highway,Warwick Farm,2170,way:22821928,"Warwick Farm Racecourse, Hume Highway, Warwick Farm, Sydney, New South Wales, 2170, Australia",existing_resolved_location,Timezone already derived from a resolved course location.
Wellington,Australia,,,,,,,Australia/Sydney,,unassigned,Wellington (AUS),4,3,2015-03-29,2020-04-05,False,,,,,,manual_reference_csv,Racecourse is associated with the Wellington showground precinct.
Werribee,Australia,Werribee Racecourse,Melbourne,Victoria,Australia,-37.9028292,144.6453403,Australia/Melbourne,"Nominatim conservative automatic selection from query 'Werribee racecourse, Australia'; selected result index 1.",automatically_validated,Werribee (AUS),1,1,2015-03-28,2015-03-28,True,Briardale Drive,Werribee,3030,way:173267625,"Werribee Racecourse, Briardale Drive, Lyndon Lodge, Werribee, Melbourne, Victoria, 3030, Australia",existing_resolved_location,Timezone already derived from a resolved course location.
Wyong,Australia,Wyong Racecourse and Showground,Wyong,New South Wales,Australia,-33.2811414,151.4312144,Australia/Sydney,"Nominatim conservative automatic selection from query 'Wyong racecourse, Australia'; selected result index 0.",automatically_validated,Wyong (AUS),18,11,2015-03-05,2025-09-05,True,Rose Street,,2259,way:186090805,"Wyong Racecourse and Showground, Rose Street, Wyong, New South Wales, 2259, Australia",existing_resolved_location,Timezone already derived from a resolved course location.
Bahrain,Bahrain,,,,,,,Asia/Bahrain,,unassigned,Bahrain (BHR),63,27,2022-11-18,2025-03-20,False,,,,,,jurisdiction_default,Bahrain has one applicable civil timezone.
Sakhir,Bahrain,,,,,,,Asia/Bahrain,,unassigned,Sakhir (BHR),29,15,2015-02-27,2022-03-11,False,,,,,,jurisdiction_default,Bahrain has one applicable civil timezone.
Ghlin,Belgium,,,,,,,Europe/Brussels,,unassigned,Ghlin (BEL),2,2,2017-03-06,2018-04-16,False,,,,,,jurisdiction_default,Belgian racecourses use Belgian civil time.
Ostend,Belgium,,,,,,,Europe/Brussels,,unassigned,Ostend (BEL),1,1,2017-08-28,2017-08-28,False,,,,,,jurisdiction_default,Belgian racecourses use Belgian civil time.
Waregem,Belgium,,,,,,,Europe/Brussels,,unassigned,Waregem (BEL),1,1,2019-08-27,2019-08-27,False,,,,,,jurisdiction_default,Belgian racecourses use Belgian civil time.
Cidade Jardim,Brazil,Hipódromo de Cidade Jardim,São Paulo,São Paulo,Brazil,-23.5804133,-46.6974874,America/Sao_Paulo,"Nominatim conservative automatic selection from query 'Cidade Jardim hipodromo, Brazil'; selected result index 0.",automatically_validated,Cidade Jardim (BRZ),136,72,2015-01-25,2025-09-06,True,2163 Avenida Lineu de Paula Machado,Cidade Jardim,05601-000,node:4998886893,"Hipódromo de Cidade Jardim, 2163, Avenida Lineu de Paula Machado, Cidade Jardim, Morumbi, São Paulo, Southeast Region, 05601-000, Brazil",existing_resolved_location,Timezone already derived from a resolved course location.
Cristal,Brazil,Hipódromo do Cristal,Porto Alegre,Rio Grande do Sul,Brazil,-30.0871605,-51.2430397,America/Sao_Paulo,"Nominatim conservative automatic selection from query 'Cristal hipodromo, Brazil'; selected result index 0.",automatically_validated,Cristal (BRZ),1,1,2015-10-10,2015-10-10,True,750 Avenida Diário de Notícias,Cristal,90810-080,relation:8397518,"Hipódromo do Cristal, 750, Avenida Diário de Notícias, Cristal, Porto Alegre, Rio Grande do Sul, South Region, 90810-080, Brazil",existing_resolved_location,Timezone already derived from a resolved course location.
Gavea,Brazil,,,,,,,America/Sao_Paulo,,unassigned,Gavea (BRZ),136,65,2015-01-20,2025-06-22,False,,,,,,manual_reference_csv,Exact Jockey Club Brasileiro venue.
Fort Erie,Canada,,,,,,,America/Toronto,,unassigned,Fort Erie (CAN),1,1,2015-07-29,2015-07-29,False,,,,,,manual_reference_csv,Exact venue.
Hastings Racecourse,Canada,Hastings Racecourse,Vancouver,British Columbia,Canada,49.2866514,-123.0383488,America/Vancouver,"Nominatim conservative automatic selection from query 'Hastings Racecourse racecourse, Canada'; selected result index 0.",automatically_validated,Hastings Racecourse (CAN),23,21,2015-09-14,2025-09-14,True,188 North Renfrew Street,Hastings-Sunrise,V5K 3N8,way:31284636,"Hastings Racecourse, 188, North Renfrew Street, Hastings-Sunrise, Vancouver, Metro Vancouver Regional District, British Columbia, V5K 3N8, Canada",existing_resolved_location,Timezone already derived from a resolved course location.
Northlands park,Canada,,,,,,,America/Edmonton,,unassigned,Northlands park (CAN),4,4,2015-08-16,2018-08-26,False,,,,,,manual_reference_csv,Venue closed; location retained for historic races.
Woodbine,Canada,,,,,,,America/Toronto,,unassigned,Woodbine (CAN),434,283,2015-04-18,2025-10-11,False,,,,,,manual_timezone_review,"Exact Woodbine Racetrack result in Toronto, Ontario."
Club Hipico de Santiago,Chile,,,,,,,America/Santiago,,unassigned,Club Hipico de Santiago (CHI),91,84,2015-02-06,2025-10-05,False,,,,,,jurisdiction_default,The represented racecourses are mainland Chilean venues.
Hipodromo Chile,Chile,,,,,,,America/Santiago,,unassigned,Hipodromo Chile (CHI),93,88,2015-05-02,2025-10-04,False,,,,,,jurisdiction_default,The represented racecourses are mainland Chilean venues.
Valparaiso Sporting Club,Chile,,,,,,,America/Santiago,,unassigned,Valparaiso Sporting Club (CHI),14,14,2015-01-02,2025-02-02,False,,,,,,jurisdiction_default,The represented racecourses are mainland Chilean venues.
Jinma Lake,China,,,,,,,Asia/Shanghai,,unassigned,Jinma Lake (CHN),10,2,2015-04-03,2017-04-02,False,,,,,,jurisdiction_default,China uses one official civil timezone.
Pardubice,Czech Republic,,,,,,,Europe/Prague,,unassigned,Pardubice (CZE),12,12,2015-10-11,2025-10-12,False,,,,,,jurisdiction_default,The Czech Republic uses one civil timezone.
Velka Chuchle,Czech Republic,,,,,,,Europe/Prague,,unassigned,Velka Chuchle (CZE),1,1,2018-09-22,2018-09-22,False,,,,,,jurisdiction_default,The Czech Republic uses one civil timezone.
Klampenborg,Denmark,,,,,,,Europe/Copenhagen,,unassigned,Klampenborg (DEN),15,15,2015-06-28,2025-05-24,False,,,,,,jurisdiction_default,The represented Danish racing venue uses Danish civil time.
Amiens,France,Hippodrome d'Amiens,Amiens,Hauts-de-France,France,49.8940996,2.2708455,Europe/Paris,"Nominatim conservative automatic selection from query 'Amiens hippodrome, France'; selected result index 0.",automatically_validated,Amiens (FR),5,5,2015-03-11,2019-11-01,True,Impasse de l'Hippodrome,,80000,way:30962442,"Hippodrome d'Amiens, Impasse de l'Hippodrome, ZAC Renancourt, Amiens, Somme, Hauts-de-France, Metropolitan France, 80000, France",existing_resolved_location,Timezone already derived from a resolved course location.
Angers,France,Hippodrome du Lion d'Angers,Segré,Pays de la Loire,France,47.6277489,-0.7071335,Europe/Paris,"Nominatim conservative automatic selection from query 'Angers hippodrome, France'; selected result index 0.",automatically_validated,Angers (FR),26,15,2015-10-12,2024-02-17,True,Place du Champ de Foire,,49220,way:201092883,"Hippodrome du Lion d'Angers, Place du Champ de Foire, La Barillerie, Le Lion-d'Angers, Segré, Maine-et-Loire, Pays de la Loire, Metropolitan France, 49220, France",existing_resolved_location,Timezone already derived from a resolved course location.
Angouleme,France,,,,,,,Europe/Paris,,unassigned,Angouleme (FR),1,1,2015-05-17,2015-05-17,False,,,,,,jurisdiction_default,The dataset represents mainland French racing.
Argentan,France,Hippodrome d'Argentan,Gouffern en Auge,Normandy,France,48.7540389,-0.0016676,Europe/Paris,"Nominatim conservative automatic selection from query 'Argentan hippodrome, France'; selected result index 0.",automatically_validated,Argentan (FR),6,5,2017-06-28,2025-04-09,True,Route de Crennes,,61200,way:151852609,"Hippodrome d'Argentan, Route de Crennes, Urou-et-Crennes, Gouffern en Auge, Argentan, Orne, Normandy, Metropolitan France, 61200, France",existing_resolved_location,Timezone already derived from a resolved course location.
Auch,France,,,,,,,Europe/Paris,,unassigned,Auch (FR),1,1,2018-10-21,2018-10-21,False,,,,,,jurisdiction_default,The dataset represents mainland French racing.
Auteuil,France,Hippodrome d'Auteuil,Paris,Ile-de-France,France,48.8533713,2.2569996,Europe/Paris,"Nominatim conservative automatic selection from query 'Auteuil hippodrome, France'; selected result index 0.",automatically_validated,Auteuil (FR),3147,393,2015-03-01,2025-10-12,True,Rue Géricault,Quartier d'Auteuil,75016,way:13792244,"Hippodrome d'Auteuil, Rue Géricault, Quartier d'Auteuil, 16th Arrondissement, Paris, Ile-de-France, Metropolitan France, 75016, France",existing_resolved_location,Timezone already derived from a resolved course location.
Blain-Bouvron-Le-Gavre,France,,,,,,,Europe/Paris,,unassigned,Blain-Bouvron-Le-Gavre (FR),2,2,2015-04-06,2018-05-27,False,,,,,,jurisdiction_default,The dataset represents mainland French racing.
Bordeaux Le Bouscat,France,Hippodrome Bordeaux Le Bouscat,Le Bouscat,Nouvelle-Aquitaine,France,44.8713437,-0.6254806,Europe/Paris,"Nominatim conservative automatic selection from query 'Bordeaux Le Bouscat hippodrome, France'; selected result index 0.",automatically_validated,Bordeaux Le Bouscat (FR),41,28,2015-04-05,2025-09-29,True,Avenue Lakanal,Lafon Féline,33110,way:22977565,"Hippodrome Bordeaux Le Bouscat, Avenue Lakanal, Lafon Féline, Le Bouscat, Bordeaux, Gironde, Nouvelle-Aquitaine, Metropolitan France, 33110, France",existing_resolved_location,Timezone already derived from a resolved course location.
Cagnes-Sur-Mer,France,,,,,,,Europe/Paris,,unassigned,Cagnes-Sur-Mer (FR),175,87,2015-01-13,2025-02-25,False,,,,,,jurisdiction_default,The dataset represents mainland French racing.
Cavaillon,France,,,,,,,Europe/Paris,,unassigned,Cavaillon (FR),1,1,2015-08-30,2015-08-30,False,,,,,,jurisdiction_default,The dataset represents mainland French racing.
Chantilly,France,Hippodrome de Chantilly,Chantilly,Hauts-de-France,France,49.1900137,2.4773809,Europe/Paris,"Nominatim conservative automatic selection from query 'Chantilly hippodrome, France'; selected result index 0.",automatically_validated,Chantilly (FR),4140,497,2015-01-23,2025-10-14,True,Impasse Briolat,,60500,relation:1548975,"Hippodrome de Chantilly, Impasse Briolat, Chantilly, Senlis, Oise, Hauts-de-France, Metropolitan France, 60500, France",existing_resolved_location,Timezone already derived from a resolved course location.
Chateaubriant,France,,,,,,,Europe/Paris,,unassigned,Chateaubriant (FR),6,4,2015-04-18,2020-09-08,False,,,,,,jurisdiction_default,The dataset represents mainland French racing.
Cholet,France,,,,,,,Europe/Paris,,unassigned,Cholet (FR),9,8,2017-10-22,2024-11-03,False,,,,,,jurisdiction_default,The dataset represents mainland French racing.
Clairefontaine,France,Hippodrome de Clairefontaine,Lisieux,Normandy,France,49.3461253,0.0570551,Europe/Paris,"Nominatim conservative automatic selection from query 'Clairefontaine hippodrome, France'; selected result index 0.",automatically_validated,Clairefontaine (FR),147,81,2015-08-10,2025-08-15,True,Chemin du Marais,Clairefontaine,14800,way:111488427,"Hippodrome de Clairefontaine, Chemin du Marais, Clairefontaine, Tourgéville, Lisieux, Calvados, Normandy, Metropolitan France, 14800, France",existing_resolved_location,Timezone already derived from a resolved course location.
Cluny,France,Hippodrome de Cluny,Mâcon,Bourgogne – Franche-Comté,France,46.4376328,4.6694981,Europe/Paris,"Nominatim conservative automatic selection from query 'Cluny hippodrome, France'; selected result index 0.",automatically_validated,Cluny (FR),1,1,2017-06-18,2017-06-18,True,Route des Brouillards,Les Brouillards,71250,way:729136082,"Hippodrome de Cluny, Route des Brouillards, Les Brouillards, Les Cas, Cluny, Mâcon, Saône-et-Loire, Bourgogne – Franche-Comté, Metropolitan France, 71250, France",existing_resolved_location,Timezone already derived from a resolved course location.
Compiegne,France,Hippodrome de Compiègne,Compiègne,Hauts-de-France,France,49.4111838,2.8455365,Europe/Paris,"Nominatim conservative automatic selection from query 'Compiegne hippodrome, France'; selected result index 0.",automatically_validated,Compiegne (FR),992,177,2015-03-09,2025-10-10,True,Avenue Napoléon,Saint-Lazare - Les Avenues,60200,way:106416775,"Hippodrome de Compiègne, Avenue Napoléon, Les Avenues, Saint-Lazare - Les Avenues, Compiègne, Oise, Hauts-de-France, Metropolitan France, 60200, France",existing_resolved_location,Timezone already derived from a resolved course location.
Corlay,France,,,,,,,Europe/Paris,,unassigned,Corlay (FR),3,3,2024-06-09,2025-06-29,False,,,,,,jurisdiction_default,The dataset represents mainland French racing.
Craon,France,,,,,,,Europe/Paris,,unassigned,Craon (FR),44,34,2015-09-07,2025-09-29,False,,,,,,jurisdiction_default,The dataset represents mainland French racing.
Deauville,France,Hippodrome de Deauville,Lisieux,Normandy,France,49.3510735,0.0823374,Europe/Paris,"Nominatim conservative automatic selection from query 'Deauville hippodrome, France'; selected result index 0.",automatically_validated,Deauville (FR),4051,472,2015-01-03,2025-08-30,True,Rue des Lilas,Clos des Londes,14800,relation:2148183,"Hippodrome de Deauville, Rue des Lilas, Clos des Londes, Saint-Arnoult, Lisieux, Calvados, Normandy, Metropolitan France, 14800, France",existing_resolved_location,Timezone already derived from a resolved course location.
Dieppe,France,Hippodrome de Dieppe Normandie,Dieppe,Normandy,France,49.9090674,1.0945667,Europe/Paris,"Nominatim conservative automatic selection from query 'Dieppe hippodrome, France'; selected result index 0.",automatically_validated,Dieppe (FR),54,39,2016-06-05,2025-06-19,True,Avenue de Breaute,,76200,relation:14195741,"Hippodrome de Dieppe Normandie, Avenue de Breaute, Dieppe, Seine-Maritime, Normandy, Metropolitan France, 76200, France",existing_resolved_location,Timezone already derived from a resolved course location.
Durtal,France,,,,,,,Europe/Paris,,unassigned,Durtal (FR),5,4,2018-04-02,2022-10-30,False,,,,,,jurisdiction_default,The dataset represents mainland French racing.
Enghien,France,Hippodrome d'Enghien-Soisy,Eaubonne,Ile-de-France,France,48.9841453,2.2900024,Europe/Paris,"Nominatim conservative automatic selection from query 'Enghien hippodrome, France'; selected result index 0.",automatically_validated,Enghien (FR),285,37,2015-02-24,2016-11-21,True,Chaussée Jules César,,95600,way:27282785,"Hippodrome d'Enghien-Soisy, Chaussée Jules César, Eaubonne, Argenteuil, Val-d'Oise, Ile-de-France, Metropolitan France, 95600, France",existing_resolved_location,Timezone already derived from a resolved course location.
Evreux,France,,,,,,,Europe/Paris,,unassigned,Evreux (FR),1,1,2020-09-02,2020-09-02,False,,,,,,jurisdiction_default,The dataset represents mainland French racing.
Fontainebleau,France,,,,,,,Europe/Paris,,unassigned,Fontainebleau (FR),122,75,2015-03-04,2025-04-01,False,,,,,,jurisdiction_default,The dataset represents mainland French racing.
Granville-St Pair Sur Mer,France,,,,,,,Europe/Paris,,unassigned,Granville-St Pair Sur Mer (FR),3,3,2016-07-13,2021-05-23,False,,,,,,jurisdiction_default,The dataset represents mainland French racing.
La Roche-Posay,France,,,,,,,Europe/Paris,,unassigned,La Roche-Posay (FR),2,2,2017-09-17,2019-08-18,False,,,,,,jurisdiction_default,The dataset represents mainland French racing.
La Roche-Sur-Yon,France,,,,,,,Europe/Paris,,unassigned,La Roche-Sur-Yon (FR),1,1,2021-09-26,2021-09-26,False,,,,,,jurisdiction_default,The dataset represents mainland French racing.
La Teste De Buch,France,,,,,,,Europe/Paris,,unassigned,La Teste De Buch (FR),43,32,2015-03-20,2025-08-29,False,,,,,,jurisdiction_default,The dataset represents mainland French racing.
Landivisiau,France,,,,,,,Europe/Paris,,unassigned,Landivisiau (FR),1,1,2019-09-22,2019-09-22,False,,,,,,jurisdiction_default,The dataset represents mainland French racing.
Le Croise-Laroche,France,,,,,,,Europe/Paris,,unassigned,Le Croise-Laroche (FR),17,11,2015-09-02,2025-04-05,False,,,,,,jurisdiction_default,The dataset represents mainland French racing.
Le Lion-D'Angers,France,,,,,,,Europe/Paris,,unassigned,Le Lion-D'Angers (FR),29,23,2015-05-08,2025-05-29,False,,,,,,jurisdiction_default,The dataset represents mainland French racing.
Le Mans,France,,,,,,,Europe/Paris,,unassigned,Le Mans (FR),4,3,2019-09-26,2025-03-21,False,,,,,,jurisdiction_default,The dataset represents mainland French racing.
Le Pin au Haras,France,,,,,,,Europe/Paris,,unassigned,Le Pin au Haras (FR),3,3,2017-05-08,2024-05-08,False,,,,,,jurisdiction_default,The dataset represents mainland French racing.
Le Touquet,France,,,,,,,Europe/Paris,,unassigned,Le Touquet (FR),13,9,2016-07-10,2022-10-16,False,,,,,,jurisdiction_default,The dataset represents mainland French racing.
Les Sables-d'Olonne,France,,,,,,,Europe/Paris,,unassigned,Les Sables-d'Olonne (FR),4,2,2019-08-05,2022-07-26,False,,,,,,jurisdiction_default,The dataset represents mainland French racing.
Limoges,France,,,,,,,Europe/Paris,,unassigned,Limoges (FR),1,1,2021-06-13,2021-06-13,False,,,,,,jurisdiction_default,The dataset represents mainland French racing.
Lisieux,France,,,,,,,Europe/Paris,,unassigned,Lisieux (FR),1,1,2015-05-10,2015-05-10,False,,,,,,jurisdiction_default,The dataset represents mainland French racing.
Longchamp,France,Hippodrome de Longchamp,Paris,Ile-de-France,France,48.8577383,2.2329812,Europe/Paris,"Nominatim conservative automatic selection from query 'Longchamp hippodrome, France'; selected result index 0.",automatically_validated,Longchamp (FR),1941,235,2015-04-06,2025-10-05,True,Route de Sèvres à Neuilly,Quartier d'Auteuil,75016,way:313849377,"Hippodrome de Longchamp, Route de Sèvres à Neuilly, Quartier d'Auteuil, 16th Arrondissement, Paris, Ile-de-France, Metropolitan France, 75016, France",existing_resolved_location,Timezone already derived from a resolved course location.
Lyon Parilly,France,,,,,,,Europe/Paris,,unassigned,Lyon Parilly (FR),73,65,2015-03-20,2025-09-09,False,,,,,,jurisdiction_default,The dataset represents mainland French racing.
Lyon-La Soie,France,,,,,,,Europe/Paris,,unassigned,Lyon-La Soie (FR),8,8,2015-02-25,2019-12-16,False,,,,,,jurisdiction_default,The dataset represents mainland French racing.
Machecoul,France,Hippodrome de Machecoul,Machecoul-Saint-Même,Pays de la Loire,France,46.9965546,-1.836993,Europe/Paris,"Nominatim conservative automatic selection from query 'Machecoul hippodrome, France'; selected result index 0.",automatically_validated,Machecoul (FR),5,4,2015-03-29,2023-11-11,True,Chemin du Château d'Eau,Les Chaumes,44270,way:1134818600,"Hippodrome de Machecoul, Chemin du Château d'Eau, Les Chaumes, La Martinière, Machecoul, Machecoul-Saint-Même, Nantes, Loire-Atlantique, Pays de la Loire, Metropolitan France, 44270, France",existing_resolved_location,Timezone already derived from a resolved course location.
Maisons-Laffitte,France,,,,,,,Europe/Paris,,unassigned,Maisons-Laffitte (FR),985,122,2015-04-02,2019-10-29,False,,,,,,jurisdiction_default,The dataset represents mainland French racing.
Marseille Borely,France,Marseille Borely Racecourse,Marseille,Provence-Alpes-Côte d'Azur,France,43.2577,5.3788072,Europe/Paris,"Nominatim conservative automatic selection from query 'Marseille Borely hippodrome, France'; selected result index 0.",automatically_validated,Marseille Borely (FR),31,26,2015-05-25,2025-09-15,True,Avenue de Bonneveine,8th Arrondissement,13008,way:4806740,"Marseille Borely Racecourse, Avenue de Bonneveine, Bonneveine, 8th Arrondissement, Marseille, Bouches-du-Rhône, Provence-Alpes-Côte d'Azur, Metropolitan France, 13008, France",existing_resolved_location,Timezone already derived from a resolved course location.
Marseille Pont-de-Vivaux,France,,,,,,,Europe/Paris,,unassigned,Marseille Pont-de-Vivaux (FR),5,5,2017-02-06,2021-01-15,False,,,,,,jurisdiction_default,The dataset represents mainland French racing.
Meslay-Du-Maine,France,,,,,,,Europe/Paris,,unassigned,Meslay-Du-Maine (FR),2,2,2016-04-18,2022-11-20,False,,,,,,jurisdiction_default,The dataset represents mainland French racing.
Mont-De-Marsan,France,,,,,,,Europe/Paris,,unassigned,Mont-De-Marsan (FR),8,1,2025-09-10,2025-09-10,False,,,,,,jurisdiction_default,The dataset represents mainland French racing.
Morlaix,France,Hippodrome de Morlaix Langolvas,Morlaix,Brittany,France,48.5840395,-3.7951309,Europe/Paris,"Nominatim conservative automatic selection from query 'Morlaix hippodrome, France'; selected result index 0.",automatically_validated,Morlaix (FR),7,5,2015-05-01,2021-06-13,True,Le Champ de Courses,,29610,way:315662033,"Hippodrome de Morlaix Langolvas, Le Champ de Courses, Zone d'Activité de Langolvas, Garlan, Morlaix, Finistère, Brittany, Metropolitan France, 29610, France",existing_resolved_location,Timezone already derived from a resolved course location.
Moulins,France,,,,,,,Europe/Paris,,unassigned,Moulins (FR),11,7,2016-04-16,2025-04-05,False,,,,,,jurisdiction_default,The dataset represents mainland French racing.
Nancy,France,Hippodrome de Nancy-Brabois,Vandœuvre-lès-Nancy,Grand Est,France,48.6536765,6.1426347,Europe/Paris,"Nominatim conservative automatic selection from query 'Nancy hippodrome, France'; selected result index 0.",automatically_validated,Nancy (FR),8,8,2017-09-24,2024-05-22,True,Allée de Longchamp,Brabois,54600,way:121289983,"Hippodrome de Nancy-Brabois, Allée de Longchamp, Brabois, Vandœuvre-lès-Nancy, Nancy, Meurthe-et-Moselle, Grand Est, Metropolitan France, 54600, France",existing_resolved_location,Timezone already derived from a resolved course location.
Nantes,France,,,,,,,Europe/Paris,,unassigned,Nantes (FR),44,32,2015-03-24,2025-04-09,False,,,,,,jurisdiction_default,The dataset represents mainland French racing.
Nimes,France,,,,,,,Europe/Paris,,unassigned,Nimes (FR),1,1,2015-02-22,2015-02-22,False,,,,,,jurisdiction_default,The dataset represents mainland French racing.
Nort-Sur-Erdre,France,,,,,,,Europe/Paris,,unassigned,Nort-Sur-Erdre (FR),2,1,2021-06-06,2021-06-06,False,,,,,,jurisdiction_default,The dataset represents mainland French racing.
Orleans,France,,,,,,,Europe/Paris,,unassigned,Orleans (FR),1,1,2023-05-14,2023-05-14,False,,,,,,jurisdiction_default,The dataset represents mainland French racing.
Pau,France,,,,,,,Europe/Paris,,unassigned,Pau (FR),51,29,2015-12-25,2024-02-08,False,,,,,,jurisdiction_default,The dataset represents mainland French racing.
Pompadour,France,Hippodrome de Pompadour,Brive-la-Gaillarde,Nouvelle-Aquitaine,France,45.3913678,1.3838354,Europe/Paris,"Nominatim conservative automatic selection from query 'Pompadour hippodrome, France'; selected result index 0.",automatically_validated,Pompadour (FR),1,1,2015-05-17,2015-05-17,True,Allée de Longchamp,,19230,way:162213054,"Hippodrome de Pompadour, Allée de Longchamp, Les Cabanes Hautes, Saint-Sornin-Lavolps, Brive-la-Gaillarde, Corrèze, Nouvelle-Aquitaine, Metropolitan France, 19230, France",existing_resolved_location,Timezone already derived from a resolved course location.
Pornichet-La Baule,France,,,,,,,Europe/Paris,,unassigned,Pornichet-La Baule (FR),8,7,2015-01-15,2021-01-27,False,,,,,,jurisdiction_default,The dataset represents mainland French racing.
Rochefort-Sur-Loire,France,,,,,,,Europe/Paris,,unassigned,Rochefort-Sur-Loire (FR),1,1,2016-07-31,2016-07-31,False,,,,,,jurisdiction_default,The dataset represents mainland French racing.
Royan La Palmyre,France,,,,,,,Europe/Paris,,unassigned,Royan La Palmyre (FR),1,1,2016-08-21,2016-08-21,False,,,,,,jurisdiction_default,The dataset represents mainland French racing.
Saint-Brieuc,France,,,,,,,Europe/Paris,,unassigned,Saint-Brieuc (FR),4,3,2015-11-11,2021-03-07,False,,,,,,jurisdiction_default,The dataset represents mainland French racing.
Saint-Cloud,France,,,,,,,Europe/Paris,,unassigned,Saint-Cloud (FR),2558,311,2015-03-07,2025-10-09,False,,,,,,jurisdiction_default,The dataset represents mainland French racing.
Saint-Malo,France,,,,,,,Europe/Paris,,unassigned,Saint-Malo (FR),6,6,2015-05-12,2025-08-18,False,,,,,,jurisdiction_default,The dataset represents mainland French racing.
Salon-de-Provence,France,,,,,,,Europe/Paris,,unassigned,Salon-de-Provence (FR),4,3,2018-05-14,2022-06-22,False,,,,,,jurisdiction_default,The dataset represents mainland French racing.
Senonnes-Pouance,France,,,,,,,Europe/Paris,,unassigned,Senonnes-Pouance (FR),5,5,2015-03-08,2021-04-14,False,,,,,,jurisdiction_default,The dataset represents mainland French racing.
Sille-Le-Guillaume,France,,,,,,,Europe/Paris,,unassigned,Sille-Le-Guillaume (FR),2,1,2016-08-14,2016-08-14,False,,,,,,jurisdiction_default,The dataset represents mainland French racing.
Strasbourg,France,Hippodrome de Strasbourg-Hoerdt,Haguenau-Wissembourg,Grand Est,France,48.6840988,7.7889255,Europe/Paris,"Nominatim conservative automatic selection from query 'Strasbourg hippodrome, France'; selected result index 0.",automatically_validated,Strasbourg (FR),18,16,2015-09-27,2025-09-27,True,Rue des Écuries,,67720,way:26270650,"Hippodrome de Strasbourg-Hoerdt, Rue des Écuries, Hœrdt, Haguenau-Wissembourg, Bas-Rhin, European Collectivity of Alsace, Grand Est, Metropolitan France, 67720, France",existing_resolved_location,Timezone already derived from a resolved course location.
Tarbes,France,,,,,,,Europe/Paris,,unassigned,Tarbes (FR),5,3,2018-05-10,2022-07-25,False,,,,,,jurisdiction_default,The dataset represents mainland French racing.
Toulouse,France,,,,,,,Europe/Paris,,unassigned,Toulouse (FR),92,56,2015-02-17,2025-10-01,False,,,,,,jurisdiction_default,The dataset represents mainland French racing.
Tours,France,,,,,,,Europe/Paris,,unassigned,Tours (FR),2,2,2015-05-01,2020-09-27,False,,,,,,jurisdiction_default,The dataset represents mainland French racing.
Vannes,France,,,,,,,Europe/Paris,,unassigned,Vannes (FR),1,1,2021-05-08,2021-05-08,False,,,,,,jurisdiction_default,The dataset represents mainland French racing.
Vichy,France,Hippodrome de Vichy-Bellerive,Vichy,Auvergne-Rhône-Alpes,France,46.1300916,3.406845,Europe/Paris,"Nominatim conservative automatic selection from query 'Vichy hippodrome, France'; selected result index 0.",automatically_validated,Vichy (FR),79,67,2015-07-20,2025-07-18,True,Avenue de Vichy,,03700,way:227104041,"Hippodrome de Vichy-Bellerive, Avenue de Vichy, Bellerive-sur-Allier, Vichy, Allier, Auvergne-Rhône-Alpes, Metropolitan France, 03700, France",existing_resolved_location,Timezone already derived from a resolved course location.
Vire,France,,,,,,,Europe/Paris,,unassigned,Vire (FR),1,1,2015-04-05,2015-04-05,False,,,,,,jurisdiction_default,The dataset represents mainland French racing.
Vittel,France,Hippodrome de Vittel,Vittel,Grand Est,France,48.2145399,5.9433841,Europe/Paris,"Nominatim conservative automatic selection from query 'Vittel hippodrome, France'; selected result index 0.",automatically_validated,Vittel (FR),1,1,2018-07-14,2018-07-14,True,Avenue de la Tuilerie,,88800,way:1133360019,"Hippodrome de Vittel, Avenue de la Tuilerie, Vittel, Neufchâteau, Vosges, Grand Est, Metropolitan France, 88800, France",existing_resolved_location,Timezone already derived from a resolved course location.
Wissembourg,France,,,,,,,Europe/Paris,,unassigned,Wissembourg (FR),2,2,2022-05-01,2025-05-18,False,,,,,,jurisdiction_default,The dataset represents mainland French racing.
Bad Doberan,Germany,,,,,,,Europe/Berlin,,unassigned,Bad Doberan (GER),1,1,2017-08-05,2017-08-05,False,,,,,,jurisdiction_default,German racecourses use German civil time.
Baden-Baden,Germany,,,,,,,Europe/Berlin,,unassigned,Baden-Baden (GER),158,95,2015-06-04,2025-09-07,False,,,,,,jurisdiction_default,German racecourses use German civil time.
Bremen,Germany,,,,,,,Europe/Berlin,,unassigned,Bremen (GER),2,2,2015-06-21,2016-06-26,False,,,,,,jurisdiction_default,German racecourses use German civil time.
Cologne,Germany,,,,,,,Europe/Berlin,,unassigned,Cologne (GER),97,74,2015-04-06,2025-10-12,False,,,,,,jurisdiction_default,German racecourses use German civil time.
Dortmund,Germany,,,,,,,Europe/Berlin,,unassigned,Dortmund (GER),32,31,2015-05-14,2025-09-21,False,,,,,,jurisdiction_default,German racecourses use German civil time.
Dresden,Germany,,,,,,,Europe/Berlin,,unassigned,Dresden (GER),11,11,2015-06-13,2023-09-23,False,,,,,,jurisdiction_default,German racecourses use German civil time.
Dusseldorf,Germany,,,,,,,Europe/Berlin,,unassigned,Dusseldorf (GER),95,67,2015-04-12,2025-10-05,False,,,,,,jurisdiction_default,German racecourses use German civil time.
Frankfurt,Germany,,,,,,,Europe/Berlin,,unassigned,Frankfurt (GER),1,1,2015-05-03,2015-05-03,False,,,,,,jurisdiction_default,German racecourses use German civil time.
Hamburg,Germany,,,,,,,Europe/Berlin,,unassigned,Hamburg (GER),69,49,2015-06-27,2025-07-08,False,,,,,,jurisdiction_default,German racecourses use German civil time.
Hanover,Germany,,,,,,,Europe/Berlin,,unassigned,Hanover (GER),72,47,2015-05-17,2024-10-27,False,,,,,,jurisdiction_default,German racecourses use German civil time.
Hoppegarten,Germany,,,,,,,Europe/Berlin,,unassigned,Hoppegarten (GER),87,66,2015-04-05,2025-10-03,False,,,,,,jurisdiction_default,German racecourses use German civil time.
Krefeld,Germany,,,,,,,Europe/Berlin,,unassigned,Krefeld (GER),25,22,2015-04-26,2025-04-27,False,,,,,,jurisdiction_default,German racecourses use German civil time.
Leipzig,Germany,,,,,,,Europe/Berlin,,unassigned,Leipzig (GER),1,1,2021-06-05,2021-06-05,False,,,,,,jurisdiction_default,German racecourses use German civil time.
Magdeburg,Germany,,,,,,,Europe/Berlin,,unassigned,Magdeburg (GER),3,3,2016-05-22,2023-07-09,False,,,,,,jurisdiction_default,German racecourses use German civil time.
Mannheim,Germany,,,,,,,Europe/Berlin,,unassigned,Mannheim (GER),1,1,2018-10-27,2018-10-27,False,,,,,,jurisdiction_default,German racecourses use German civil time.
Mulheim,Germany,,,,,,,Europe/Berlin,,unassigned,Mulheim (GER),10,10,2015-07-11,2025-10-04,False,,,,,,jurisdiction_default,German racecourses use German civil time.
Munich,Germany,,,,,,,Europe/Berlin,,unassigned,Munich (GER),45,38,2015-05-01,2025-07-27,False,,,,,,jurisdiction_default,German racecourses use German civil time.
Aintree,Great Britain,,,,,,,Europe/London,,unassigned,Aintree,553,79,2015-04-09,2025-05-16,False,,,,,,jurisdiction_default,British racecourses use UK civil time.
Ascot,Great Britain,,,,,,,Europe/London,,unassigned,Ascot,1734,261,2015-01-17,2025-10-04,False,,,,,,jurisdiction_default,British racecourses use UK civil time.
Ayr,Great Britain,,,,,,,Europe/London,,unassigned,Ayr,2229,314,2015-01-02,2025-10-09,False,,,,,,jurisdiction_default,British racecourses use UK civil time.
Bangor-on-Dee,Great Britain,Bangor-on-Dee Racecourse,Bangor-on-Dee,Wales,United Kingdom,52.9954201,-2.9277517,Europe/London,"Nominatim conservative automatic selection from query 'Bangor-on-Dee racecourse, United Kingdom'; selected result index 0.",automatically_validated,Bangor-on-Dee,924,136,2015-01-06,2025-09-05,True,B5069,,LL13 0DA,relation:12099561,"Bangor-on-Dee Racecourse, B5069, Brynhovah, Bangor-on-Dee, Wrexham, Wales, LL13 0DA, United Kingdom",existing_resolved_location,Timezone already derived from a resolved course location.
Bath,Great Britain,Bath Racecourse,,England,United Kingdom,51.4155188,-2.412148,Europe/London,"Nominatim conservative automatic selection from query 'Bath racecourse, United Kingdom'; selected result index 1.",automatically_validated,Bath,1459,205,2015-04-17,2025-10-09,True,Lansdown Lane,Charlcombe,BA1 4NA,relation:405991,"Bath Racecourse, Lansdown Lane, Charlcombe, Bath and North East Somerset, West of England, England, BA1 4NA, United Kingdom",existing_resolved_location,Timezone already derived from a resolved course location.
Beverley,Great Britain,Beverley Racecourse,Beverley,England,United Kingdom,53.8456402,-0.4430138,Europe/London,"Nominatim conservative automatic selection from query 'Beverley racecourse, United Kingdom'; selected result index 0.",automatically_validated,Beverley,1407,194,2015-04-15,2025-09-23,True,Norfolk Street,,HU17 7DN,relation:364246,"Beverley Racecourse, Norfolk Street, Beverley, East Riding of Yorkshire, Hull and East Yorkshire, England, HU17 7DN, United Kingdom",existing_resolved_location,Timezone already derived from a resolved course location.
Brighton,Great Britain,,,,,,,Europe/London,,unassigned,Brighton,1477,213,2015-04-21,2025-10-07,False,,,,,,jurisdiction_default,British racecourses use UK civil time.
Carlisle,Great Britain,Carlisle Racecourse,Carlisle,England,United Kingdom,54.8621916,-2.9340624,Europe/London,"Nominatim conservative automatic selection from query 'Carlisle racecourse, United Kingdom'; selected result index 0.",automatically_validated,Carlisle,1696,239,2015-02-16,2025-09-09,True,Durdar Road,St Cuthbert Without,CA2 4SX,way:37841126,"Carlisle Racecourse, Durdar Road, St Cuthbert Without, Blackwell, Carlisle, Cumberland, England, CA2 4SX, United Kingdom",existing_resolved_location,Timezone already derived from a resolved course location.
Cartmel,Great Britain,,,,,,,Europe/London,,unassigned,Cartmel,619,89,2015-05-25,2025-08-25,False,,,,,,jurisdiction_default,British racecourses use UK civil time.
Catterick,Great Britain,,,,,,,Europe/London,,unassigned,Catterick,1909,272,2015-01-01,2025-10-01,False,,,,,,jurisdiction_default,British racecourses use UK civil time.
Chelmsford (AW),Great Britain,Chelmsford City Racecourse,Chelmsford,England,United Kingdom,51.8424264,0.5112389,Europe/London,"Nominatim conservative automatic selection from query 'Chelmsford racecourse, United Kingdom'; selected result index 0.",automatically_validated,Chelmsford (AW),4149,572,2015-01-11,2025-10-09,True,London Road,Great and Little Leighs,CM3 1FX,way:198043604,"Chelmsford City Racecourse, London Road, Gubbion's Green, Great and Little Leighs, Great Leighs, Chelmsford, Essex, England, CM3 1FX, United Kingdom",existing_resolved_location,Timezone already derived from a resolved course location.
Cheltenham,Great Britain,,,,,,,Europe/London,,unassigned,Cheltenham,1120,162,2015-01-01,2025-05-02,False,,,,,,jurisdiction_default,British racecourses use UK civil time.
Chepstow,Great Britain,,,,,,,Europe/London,,unassigned,Chepstow,2225,313,2015-01-30,2025-10-12,False,,,,,,jurisdiction_default,British racecourses use UK civil time.
Chester,Great Britain,,,,,,,Europe/London,,unassigned,Chester,1064,153,2015-05-06,2025-09-20,False,,,,,,jurisdiction_default,British racecourses use UK civil time.
Doncaster,Great Britain,Doncaster Racecourse,Doncaster,England,United Kingdom,53.521794,-1.0985712,Europe/London,"Nominatim conservative automatic selection from query 'Doncaster racecourse, United Kingdom'; selected result index 0.",automatically_validated,Doncaster,2660,369,2015-01-09,2025-09-14,True,Leger Way,Intake,DN2 6BB,relation:20283833,"Doncaster Racecourse, Leger Way, Belle Vue, Intake, Doncaster, South Yorkshire, England, DN2 6BB, United Kingdom",existing_resolved_location,Timezone already derived from a resolved course location.
Epsom,Great Britain,,,,,,,Europe/London,,unassigned,Epsom,711,110,2015-04-22,2025-09-28,False,,,,,,jurisdiction_default,British racecourses use UK civil time.
Exeter,Great Britain,Exeter Racecourse,Teignbridge,England,United Kingdom,50.6386651,-3.554229,Europe/London,"Nominatim conservative automatic selection from query 'Exeter racecourse, United Kingdom'; selected result index 0.",automatically_validated,Exeter,1082,157,2015-01-01,2025-04-02,True,Haldon Hill,Kenn,EX6 7XA,relation:196454,"Exeter Racecourse, Haldon Hill, Kenn, Teignbridge, Devon, Devon and Torbay, England, EX6 7XA, United Kingdom",existing_resolved_location,Timezone already derived from a resolved course location.
Fakenham,Great Britain,,,,,,,Europe/London,,unassigned,Fakenham,738,117,2015-01-01,2025-06-01,False,,,,,,jurisdiction_default,British racecourses use UK civil time.
Ffos Las,Great Britain,Ffos Las Racecourse & Convention Centre,Trimsaran,Wales,United Kingdom,51.7321031,-4.2370425,Europe/London,"Nominatim conservative automatic selection from query 'Ffos Las racecourse, United Kingdom'; selected result index 0.",automatically_validated,Ffos Las,1489,219,2015-01-02,2025-09-28,True,Heol Waunhir,Llangyndeyrn,SA17 4DE,node:8866998483,"Ffos Las Racecourse & Convention Centre, Heol Waunhir, Llangyndeyrn, Trimsaran, Carmarthenshire, Wales, SA17 4DE, United Kingdom",existing_resolved_location,Timezone already derived from a resolved course location.
Fontwell,Great Britain,Fontwell Park Racecourse,Arun,England,United Kingdom,50.8526478,-0.6561129,Europe/London,"Nominatim conservative automatic selection from query 'Fontwell racecourse, United Kingdom'; selected result index 0.",automatically_validated,Fontwell,1481,217,2015-02-12,2025-10-03,True,Arundel Road,Aldingbourne,BN18 0SX,way:1476990634,"Fontwell Park Racecourse, Arundel Road, Aldingbourne, Fontwell, Arun, West Sussex, England, BN18 0SX, United Kingdom",existing_resolved_location,Timezone already derived from a resolved course location.
Goodwood,Great Britain,Goodwood Racecourse,Chichester,England,United Kingdom,50.8921429,-0.7442414,Europe/London,"Nominatim conservative automatic selection from query 'Goodwood racecourse, United Kingdom'; selected result index 0.",automatically_validated,Goodwood,1344,195,2015-05-02,2025-10-12,True,Racecourse Road,Singleton,PO18 0PS,node:3758167273,"Goodwood Racecourse, Racecourse Road, Singleton, Charlton, Chichester, West Sussex, England, PO18 0PS, United Kingdom",existing_resolved_location,Timezone already derived from a resolved course location.
Hamilton,Great Britain,,,,,,,Europe/London,,unassigned,Hamilton,1280,183,2015-05-03,2025-09-29,False,,,,,,jurisdiction_default,British racecourses use UK civil time.
Haydock,Great Britain,,,,,,,Europe/London,,unassigned,Haydock,2166,316,2015-01-17,2025-09-27,False,,,,,,jurisdiction_default,British racecourses use UK civil time.
Hereford,Great Britain,Hereford Racecourse,Hereford,England,United Kingdom,52.0705032,-2.7238305,Europe/London,"Nominatim conservative automatic selection from query 'Hereford racecourse, United Kingdom'; selected result index 0.",automatically_validated,Hereford,731,106,2016-10-06,2025-10-13,True,Grandstand Road,Westfields,HR4 9NN,relation:1847668,"Hereford Racecourse, Grandstand Road, Westfields, Hereford, Herefordshire, England, HR4 9NN, United Kingdom",existing_resolved_location,Timezone already derived from a resolved course location.
Hexham,Great Britain,,,,,,,Europe/London,,unassigned,Hexham,1047,152,2015-03-12,2025-10-11,False,,,,,,jurisdiction_default,British racecourses use UK civil time.
Huntingdon,Great Britain,Huntingdon Racecourse,Huntingdonshire,England,United Kingdom,52.335367,-0.2338249,Europe/London,"Nominatim conservative automatic selection from query 'Huntingdon racecourse, United Kingdom'; selected result index 0.",automatically_validated,Huntingdon,1215,177,2015-01-09,2025-10-07,True,Bridleway 230/26,Brampton,PE28 4NN,way:111342905,"Huntingdon Racecourse, Bridleway 230/26, Brampton, Huntingdonshire, Cambridgeshire, Cambridgeshire and Peterborough, England, PE28 4NN, United Kingdom",existing_resolved_location,Timezone already derived from a resolved course location.
Kelso,Great Britain,,,,,,,Europe/London,,unassigned,Kelso,979,140,2015-01-11,2025-10-05,False,,,,,,jurisdiction_default,British racecourses use UK civil time.
Kempton,Great Britain,,,,,,,Europe/London,,unassigned,Kempton,834,122,2015-01-10,2025-04-01,False,,,,,,jurisdiction_default,British racecourses use UK civil time.
Kempton (AW),Great Britain,,,,,,,Europe/London,,unassigned,Kempton (AW),4787,629,2015-01-07,2025-10-13,False,,,,,,jurisdiction_default,British racecourses use UK civil time.
Leicester,Great Britain,Leicester Racecourse,Oadby and Wigston,England,United Kingdom,52.597165,-1.0966121,Europe/London,"Nominatim conservative automatic selection from query 'Leicester racecourse, United Kingdom'; selected result index 0.",automatically_validated,Leicester,1889,278,2015-01-08,2025-10-14,True,Wigston Road,,LE2 5JD,way:298828560,"Leicester Racecourse, Wigston Road, Oadby, Oadby and Wigston, Leicestershire, England, LE2 5JD, United Kingdom",existing_resolved_location,Timezone already derived from a resolved course location.
Lingfield,Great Britain,,,,,,,Europe/London,,unassigned,Lingfield,1385,237,2015-01-05,2025-08-12,False,,,,,,jurisdiction_default,British racecourses use UK civil time.
Lingfield (AW),Great Britain,,,,,,,Europe/London,,,Lingfield (AW),4489,702,2015-01-03,2025-10-14,False,,,,,,jurisdiction_default,British racecourses use UK civil time.
Ludlow,Great Britain,Ludlow Racecourse,Bromfield,England,United Kingdom,52.3930681,-2.7520922,Europe/London,"Nominatim conservative automatic selection from query 'Ludlow racecourse, United Kingdom'; selected result index 0.",automatically_validated,Ludlow,1053,154,2015-01-07,2025-10-08,True,B4365,,SY8 2BS,relation:3091124,"Ludlow Racecourse, B4365, Bromfield, Shropshire, England, SY8 2BS, United Kingdom",existing_resolved_location,Timezone already derived from a resolved course location.
Market Rasen,Great Britain,,,,,,,Europe/London,,,Market Rasen,1470,213,2015-01-15,2025-10-14,False,,,,,,jurisdiction_default,British racecourses use UK civil time.
Musselburgh,Great Britain,Musselburgh Racecourse,Musselburgh,Scotland,United Kingdom,55.9467408,-3.0303835,Europe/London,"Nominatim conservative automatic selection from query 'Musselburgh racecourse, United Kingdom'; selected result index 0.",automatically_validated,Musselburgh,1914,276,2015-01-01,2025-10-13,True,Craighall Terrace,Pinkie,EH21 7PL,relation:224358,"Musselburgh Racecourse, Craighall Terrace, Windsor Park, Pinkie, Musselburgh, East Lothian, Scotland, EH21 7PL, United Kingdom",existing_resolved_location,Timezone already derived from a resolved course location.
Newbury,Great Britain,Newbury Racecourse,Greenham,England,United Kingdom,51.3934079,-1.3031916,Europe/London,"Nominatim conservative automatic selection from query 'Newbury racecourse, United Kingdom'; selected result index 0.",automatically_validated,Newbury,2095,292,2015-01-14,2025-09-20,True,The Baxendales,Greenham,RG14 7SA,relation:1657719,"Newbury Racecourse, The Baxendales, Greenham, West Berkshire, England, RG14 7SA, United Kingdom",existing_resolved_location,Timezone already derived from a resolved course location.
Newcastle,Great Britain,Newcastle Racecourse,North Tyneside,England,United Kingdom,55.0308459,-1.6007838,Europe/London,"Nominatim conservative automatic selection from query 'Newcastle racecourse, United Kingdom'; selected result index 0.",automatically_validated,Newcastle,930,133,2015-01-03,2025-04-05,True,Merlay Court,Killingworth,NE3 5HP,relation:8259,"Newcastle Racecourse, Merlay Court, Shetland Close, Killingworth, Burradon, North Tyneside, Tyne and Wear, North East, England, NE3 5HP, United Kingdom",existing_resolved_location,Timezone already derived from a resolved course location.
Newcastle (AW),Great Britain,Newcastle Racecourse,Newcastle upon Tyne,England,United Kingdom,55.0308459,-1.6007838,Europe/London,"Nominatim conservative automatic selection from query 'Newcastle racecourse, United Kingdom'; selected result index 0.",automatically_validated,Newcastle (AW),4012,534,2016-05-17,2025-10-14,True,White House Farm Roundabout,North Gosforth,NE3 5HP,relation:8259,"Newcastle Racecourse, White House Farm Roundabout, North Gosforth, Newcastle upon Tyne, Tyne and Wear, North East, England, NE3 5HP, United Kingdom",existing_resolved_location,Timezone already derived from a resolved course location.
Newmarket,Great Britain,Newmarket Racecourse,East Cambridgeshire,England,United Kingdom,52.2359409,0.3672961,Europe/London,"Nominatim conservative automatic selection from query 'Newmarket racecourse, United Kingdom'; selected result index 0.",automatically_validated,Newmarket,1423,194,2015-04-15,2025-10-11,True,Racehorse Statue Roundabout,,CB8 0TW,relation:13305629,"Newmarket Racecourse, Racehorse Statue Roundabout, Stetchworth, East Cambridgeshire, Cambridgeshire, Cambridgeshire and Peterborough, England, CB8 0TW, United Kingdom",existing_resolved_location,Timezone already derived from a resolved course location.
Newmarket (July),Great Britain,Newmarket Racecourse,East Cambridgeshire,England,United Kingdom,52.2359409,0.3672961,Europe/London,"Nominatim conservative automatic selection from query 'Newmarket racecourse, United Kingdom'; selected result index 0.",automatically_validated,Newmarket (July),1438,208,2015-06-19,2025-08-23,True,Racehorse Statue Roundabout,,CB8 0TW,relation:13305629,"Newmarket Racecourse, Racehorse Statue Roundabout, Stetchworth, East Cambridgeshire, Cambridgeshire, Cambridgeshire and Peterborough, England, CB8 0TW, United Kingdom",existing_resolved_location,Timezone already derived from a resolved course location.
Newton Abbot,Great Britain,,,,,,,Europe/London,,unassigned,Newton Abbot,1169,172,2015-03-25,2025-09-29,False,,,,,,jurisdiction_default,British racecourses use UK civil time.
Nottingham,Great Britain,Nottingham Racecourse,Nottingham,England,United Kingdom,52.9493459,-1.1064123,Europe/London,"Nominatim conservative automatic selection from query 'Nottingham racecourse, United Kingdom'; selected result index 0.",automatically_validated,Nottingham,1582,222,2015-04-08,2025-10-08,True,Racecourse Road,Sneinton,NG2 4BE,way:671025438,"Nottingham Racecourse, Racecourse Road, Sneinton, Nottingham, East Midlands, England, NG2 4BE, United Kingdom",existing_resolved_location,Timezone already derived from a resolved course location.
Perth,Great Britain,,,,,,,Europe/London,,unassigned,Perth,1049,149,2015-04-22,2025-09-25,False,,,,,,jurisdiction_default,British racecourses use UK civil time.
Plumpton,Great Britain,Plumpton Racecourse,Lewes,England,United Kingdom,50.9249449,-0.0616538,Europe/London,"Nominatim conservative automatic selection from query 'Plumpton racecourse, United Kingdom'; selected result index 0.",automatically_validated,Plumpton,1067,161,2015-01-04,2025-09-21,True,Plumpton Lane,Plumpton,BN7 3AB,way:22978822,"Plumpton Racecourse, Plumpton Lane, Plumpton, Plumpton Green, Lewes, East Sussex, England, BN7 3AB, United Kingdom",existing_resolved_location,Timezone already derived from a resolved course location.
Pontefract,Great Britain,Pontefract Racecourse,Wakefield,England,United Kingdom,53.7010623,-1.3387318,Europe/London,"Nominatim conservative automatic selection from query 'Pontefract racecourse, United Kingdom'; selected result index 0.",automatically_validated,Pontefract,1134,161,2015-04-07,2025-10-06,True,Parkfield Lane,Airedale,WF10 5HW,relation:4233419,"Pontefract Racecourse, Parkfield Lane, Airedale, North Featherstone, Wakefield, West Yorkshire, England, WF10 5HW, United Kingdom",existing_resolved_location,Timezone already derived from a resolved course location.
Redcar,Great Britain,Redcar Racecourse,Redcar,England,United Kingdom,54.6047468,-1.0646978,Europe/London,"Nominatim conservative automatic selection from query 'Redcar racecourse, United Kingdom'; selected result index 0.",automatically_validated,Redcar,1311,173,2015-04-06,2025-10-04,True,Waverton Gardens,,TS10 4SA,way:1279595539,"Redcar Racecourse, Waverton Gardens, Redcar, Redcar and Cleveland, Tees Valley, England, TS10 4SA, United Kingdom",existing_resolved_location,Timezone already derived from a resolved course location.
Ripon,Great Britain,Ripon Racecourse,Ripon,England,United Kingdom,54.1205773,-1.4951507,Europe/London,"Nominatim conservative automatic selection from query 'Ripon racecourse, United Kingdom'; selected result index 0.",automatically_validated,Ripon,1164,172,2015-04-16,2025-09-27,True,Boroughbridge Road,,HG4 1UG,relation:4655532,"Ripon Racecourse, Boroughbridge Road, Bridge Hewick, Ripon, North Yorkshire, York and North Yorkshire, England, HG4 1UG, United Kingdom",existing_resolved_location,Timezone already derived from a resolved course location.
Salisbury,Great Britain,Salisbury Racecourse,Coombe Bissett,England,United Kingdom,51.0540002,-1.8566179,Europe/London,"Nominatim conservative automatic selection from query 'Salisbury racecourse, United Kingdom'; selected result index 0.",automatically_validated,Salisbury,1119,158,2015-05-03,2025-10-02,True,Drove Lane,,SP2 8PR,relation:2957265,"Salisbury Racecourse, Drove Lane, Netherhampton, Coombe Bissett, Wiltshire, England, SP2 8PR, United Kingdom",existing_resolved_location,Timezone already derived from a resolved course location.
Sandown,Great Britain,Sandown Racecourse,Elmbridge,England,United Kingdom,51.3767195,-0.3568281,Europe/London,"Nominatim conservative automatic selection from query 'Sandown racecourse, United Kingdom'; selected result index 0.",automatically_validated,Sandown,1631,244,2015-01-03,2025-09-17,True,Portsmouth Road,,KT10 9FE,relation:933822,"Sandown Racecourse, Portsmouth Road, Esher, Elmbridge, Surrey, England, KT10 9FE, United Kingdom",existing_resolved_location,Timezone already derived from a resolved course location.
Sedgefield,Great Britain,,,,,,,Europe/London,,unassigned,Sedgefield,1199,177,2015-01-06,2025-10-08,False,,,,,,jurisdiction_default,British racecourses use UK civil time.
Southwell,Great Britain,Southwell Racecourse,Newark and Sherwood,England,United Kingdom,53.0688782,-0.9072298,Europe/London,"Nominatim conservative automatic selection from query 'Southwell racecourse, United Kingdom'; selected result index 0.",automatically_validated,Southwell,1307,188,2015-02-22,2025-10-02,True,Racecourse Road,,NG25 0TU,way:1282776562,"Southwell Racecourse, Racecourse Road, Rolleston CP, Fiskerton, Newark and Sherwood, Nottinghamshire, East Midlands, England, NG25 0TU, United Kingdom",existing_resolved_location,Timezone already derived from a resolved course location.
Southwell (AW),Great Britain,Southwell Racecourse,Newark and Sherwood,England,United Kingdom,53.0688782,-0.9072298,Europe/London,"Nominatim conservative automatic selection from query 'Southwell racecourse, United Kingdom'; selected result index 0.",automatically_validated,Southwell (AW),3403,464,2015-01-01,2025-10-07,True,Racecourse Road,,NG25 0TU,way:1282776562,"Southwell Racecourse, Racecourse Road, Rolleston CP, Fiskerton, Newark and Sherwood, Nottinghamshire, East Midlands, England, NG25 0TU, United Kingdom",existing_resolved_location,Timezone already derived from a resolved course location.
Stratford,Great Britain,Stratford upon Avon Racecourse,Stratford-on-Avon,England,United Kingdom,52.1806439,-1.7194238,Europe/London,"Nominatim conservative automatic selection from query 'Stratford racecourse, United Kingdom'; selected result index 0.",automatically_validated,Stratford,1168,170,2015-03-09,2025-10-06,True,Kempton Close,,CV37 9LY,relation:1657940,"Stratford upon Avon Racecourse, Kempton Close, Stratford-upon-Avon, Clifford Chambers, Stratford-on-Avon, Warwickshire, England, CV37 9LY, United Kingdom",existing_resolved_location,Timezone already derived from a resolved course location.
Taunton,Great Britain,Taunton Racecourse,Taunton,England,United Kingdom,50.9884292,-3.0819752,Europe/London,"Nominatim conservative automatic selection from query 'Taunton racecourse, United Kingdom'; selected result index 0.",automatically_validated,Taunton,906,133,2015-01-07,2025-04-23,True,Shoreditch Road,,TA3 7BL,relation:1657771,"Taunton Racecourse, Shoreditch Road, Shoreditch, Duddlestone, Taunton, Somerset, England, TA3 7BL, United Kingdom",existing_resolved_location,Timezone already derived from a resolved course location.
Thirsk,Great Britain,Thirsk Racecourse,Thirsk,England,United Kingdom,54.2312296,-1.3555738,Europe/London,"Nominatim conservative automatic selection from query 'Thirsk racecourse, United Kingdom'; selected result index 0.",automatically_validated,Thirsk,1193,161,2015-04-18,2025-09-15,True,Station Road,Norby,YO7 1QL,relation:7917139,"Thirsk Racecourse, Station Road, Norby, Thirsk, North Yorkshire, York and North Yorkshire, England, YO7 1QL, United Kingdom",existing_resolved_location,Timezone already derived from a resolved course location.
Towcester,Great Britain,Towcester Racecourse,Towcester,England,United Kingdom,52.1258838,-0.9720185,Europe/London,"Nominatim conservative automatic selection from query 'Towcester racecourse, United Kingdom'; selected result index 1.",automatically_validated,Towcester,259,39,2015-01-29,2018-05-21,True,Wincanton Close,,NN12 6LB,way:607914334,"Towcester Racecourse, Wincanton Close, Towcester, West Northamptonshire, England, NN12 6LB, United Kingdom",existing_resolved_location,Timezone already derived from a resolved course location.
Uttoxeter,Great Britain,Uttoxeter Racecourse,East Staffordshire,England,United Kingdom,52.8926961,-1.8455608,Europe/London,"Nominatim conservative automatic selection from query 'Uttoxeter racecourse, United Kingdom'; selected result index 0.",automatically_validated,Uttoxeter,1742,243,2015-01-24,2025-10-05,True,Wood Lane,Balance Hill,ST14 8JR,relation:28526,"Uttoxeter Racecourse, Wood Lane, Balance Hill, Uttoxeter, East Staffordshire, Staffordshire, England, ST14 8JR, United Kingdom",existing_resolved_location,Timezone already derived from a resolved course location.
Warwick,Great Britain,,,,,,,Europe/London,,,Warwick,1201,172,2015-01-10,2025-10-01,False,,,,,,jurisdiction_default,British racecourses use UK civil time.
Wetherby,Great Britain,Wetherby Racecourse,Leeds,England,United Kingdom,53.9325094,-1.3623655,Europe/London,"Nominatim conservative automatic selection from query 'Wetherby racecourse, United Kingdom'; selected result index 0.",automatically_validated,Wetherby,1209,174,2015-01-10,2025-06-19,True,York Road,Wetherby,LS22 5EJ,way:36728342,"Wetherby Racecourse, York Road, Wetherby, Leeds, West Yorkshire, England, LS22 5EJ, United Kingdom",existing_resolved_location,Timezone already derived from a resolved course location.
Wincanton,Great Britain,Wincanton Racecourse,Wincanton,England,United Kingdom,51.067347,-2.4166335,Europe/London,"Nominatim conservative automatic selection from query 'Wincanton racecourse, United Kingdom'; selected result index 0.",automatically_validated,Wincanton,1010,146,2015-01-03,2025-03-31,True,Verrington Lane,Charlton Musgrove,BA9 8BN,relation:1657758,"Wincanton Racecourse, Verrington Lane, Charlton Musgrove, Wincanton, Somerset, England, BA9 8BN, United Kingdom",existing_resolved_location,Timezone already derived from a resolved course location.
Windsor,Great Britain,Windsor Racecourse,Windsor,England,United Kingdom,51.4893115,-0.6429738,Europe/London,"Nominatim conservative automatic selection from query 'Windsor racecourse, United Kingdom'; selected result index 0.",automatically_validated,Windsor,1863,264,2015-04-13,2025-09-08,True,Windsor Racecourse,Clewer New Town,SL4 5HE,relation:1657845,"Windsor Racecourse, Clewer New Town, Clewer Village, Windsor, Royal Borough of Windsor and Maidenhead, England, SL4 5HE, United Kingdom",existing_resolved_location,Timezone already derived from a resolved course location.
Wolverhampton (AW),Great Britain,Wolverhampton Racecourse,Wolverhampton,England,United Kingdom,52.6040433,-2.1435772,Europe/London,"Nominatim conservative automatic selection from query 'Wolverhampton racecourse, United Kingdom'; selected result index 0.",automatically_validated,Wolverhampton (AW),6528,866,2015-01-02,2025-10-11,True,Newmarket Close,Oxley,WV6 0UL,way:23389308,"Wolverhampton Racecourse, Newmarket Close, Aldersley, Oxley, Wolverhampton, West Midlands, England, WV6 0UL, United Kingdom",existing_resolved_location,Timezone already derived from a resolved course location.
Worcester,Great Britain,Worcester Racecourse,Worcester,England,United Kingdom,52.1990455,-2.2348201,Europe/London,"Nominatim conservative automatic selection from query 'Worcester racecourse, United Kingdom'; selected result index 0.",automatically_validated,Worcester,1377,191,2015-05-07,2025-09-26,True,Back Lane South,,WR1 3EE,relation:3576385,"Worcester Racecourse, Back Lane South, St Clements, Worcester, Worcestershire, England, WR1 3EE, United Kingdom",existing_resolved_location,Timezone already derived from a resolved course location.
Yarmouth,Great Britain,Great Yarmouth Racecourse,Great Yarmouth,England,United Kingdom,52.6358899,1.7330893,Europe/London,"Nominatim conservative automatic selection from query 'Yarmouth racecourse, United Kingdom'; selected result index 0.",automatically_validated,Yarmouth,1580,223,2015-08-30,2025-10-13,True,Drifter,Newtown,NR30 4HG,relation:3118342,"Great Yarmouth Racecourse, Drifter, Newtown, Great Yarmouth, Norfolk, England, NR30 4HG, United Kingdom",existing_resolved_location,Timezone already derived from a resolved course location.
York,Great Britain,York Racecourse,York,England,United Kingdom,53.9370439,-1.1023316,Europe/London,"Nominatim conservative automatic selection from query 'York racecourse, United Kingdom'; selected result index 0.",automatically_validated,York,1310,189,2015-05-13,2025-10-11,True,Dringthorpe Road,Dringhouses,YO24 1LG,relation:14699388,"York Racecourse, Dringthorpe Road, Dringhouses, York, York and North Yorkshire, England, YO24 1LG, United Kingdom",existing_resolved_location,Timezone already derived from a resolved course location.
L'Ancresse,Guernsey,,,,,,,Europe/Guernsey,,unassigned,L'Ancresse (GUE),20,4,2015-05-04,2019-05-06,False,,,,,,jurisdiction_default,The represented jurisdiction has one applicable timezone.
Happy Valley,Hong Kong,,,,,,,Asia/Hong_Kong,,unassigned,Happy Valley (HK),2687,316,2016-01-06,2025-10-08,False,,,,,,jurisdiction_default,Both represented Hong Kong racecourses use Hong Kong time.
Sha Tin,Hong Kong,,,,,,,Asia/Hong_Kong,,unassigned,Sha Tin (HK),4160,435,2015-01-25,2025-10-12,False,,,,,,jurisdiction_default,Both represented Hong Kong racecourses use Hong Kong time.
Kincsem Park,Hungary,,,,,,,Europe/Budapest,,unassigned,Kincsem Park (HUN),3,2,2023-09-02,2025-09-07,False,,,,,,jurisdiction_default,Hungary uses one civil timezone.
Ballinrobe,Ireland,Ballinrobe Racecourse,,Claremorris-Swinford Municipal District,Ireland,53.6383043,-9.2477463,Europe/Dublin,"Nominatim conservative automatic selection from query 'Ballinrobe racecourse, Ireland'; selected result index 0.",automatically_validated,Ballinrobe (IRE),750,103,2015-05-25,2025-09-12,True,Bookies Ring,,F31 E677,way:278018436,"Ballinrobe Racecourse, Bookies Ring, Ballinrobe ED, Claremorris-Swinford Municipal District, County Mayo, Connacht, F31 E677, Ireland",existing_resolved_location,Timezone already derived from a resolved course location.
Bellewstown,Ireland,,,,,,,Europe/Dublin,,unassigned,Bellewstown (IRE),554,73,2015-07-02,2025-10-02,False,,,,,,jurisdiction_default,Irish racecourses use Irish civil time.
Clonmel,Ireland,Clonmel Racecourse,,The Borough District of Clonmel,Ireland,52.3662543,-7.6801616,Europe/Dublin,"Nominatim conservative automatic selection from query 'Clonmel racecourse, Ireland'; selected result index 0.",automatically_validated,Clonmel (IRE),867,123,2015-02-10,2025-10-02,True,Powerstown Park Road,,E91 EP20,way:636606678,"Clonmel Racecourse, Powerstown Park Road, Clonmel Rural, The Borough District of Clonmel, County Tipperary, Munster, E91 EP20, Ireland",existing_resolved_location,Timezone already derived from a resolved course location.
Cork,Ireland,Cork Racecourse Mallow,,The Municipal District of Kanturk-Mallow,Ireland,52.1296062,-8.6903522,Europe/Dublin,"Nominatim conservative automatic selection from query 'Cork racecourse, Ireland'; selected result index 0.",automatically_validated,Cork (IRE),1462,199,2015-01-03,2025-10-12,True,Navigation Road,,P51 XV74,way:177565124,"Cork Racecourse Mallow, Navigation Road, Mallow Rural, The Municipal District of Kanturk-Mallow, County Cork, Munster, P51 XV74, Ireland",existing_resolved_location,Timezone already derived from a resolved course location.
Curragh,Ireland,,,,,,,Europe/Dublin,,unassigned,Curragh (IRE),1743,226,2015-03-29,2025-10-04,False,,,,,,jurisdiction_default,Irish racecourses use Irish civil time.
Down Royal,Ireland,,,,,,,Europe/Dublin,,unassigned,Down Royal (IRE),927,131,2015-02-11,2025-09-29,False,,,,,,jurisdiction_default,Irish racecourses use Irish civil time.
Downpatrick,Ireland,,,,,,,Europe/Dublin,,unassigned,Downpatrick (IRE),738,105,2015-03-04,2025-10-10,False,,,,,,jurisdiction_default,Irish racecourses use Irish civil time.
Dundalk (AW),Ireland,,,,,,,Europe/Dublin,,unassigned,Dundalk (AW) (IRE),3318,428,2015-01-02,2025-10-14,False,,,,,,jurisdiction_default,Irish racecourses use Irish civil time.
Fairyhouse,Ireland,,,,,,,Europe/Dublin,,unassigned,Fairyhouse (IRE),1660,224,2015-01-01,2025-10-11,False,,,,,,jurisdiction_default,Irish racecourses use Irish civil time.
Galway,Ireland,,,,,,,Europe/Dublin,,unassigned,Galway (IRE),1029,137,2015-07-27,2025-10-07,False,,,,,,jurisdiction_default,Irish racecourses use Irish civil time.
Gowran Park,Ireland,,,,,,,Europe/Dublin,,unassigned,Gowran Park (IRE),1446,194,2015-01-22,2025-10-04,False,,,,,,jurisdiction_default,Irish racecourses use Irish civil time.
Kilbeggan,Ireland,,,,,,,Europe/Dublin,,unassigned,Kilbeggan (IRE),692,95,2015-04-24,2025-09-05,False,,,,,,jurisdiction_default,Irish racecourses use Irish civil time.
Killarney,Ireland,Killarney Racecourse,Killarney,Killarney Municipal District,Ireland,52.0469329,-9.5154436,Europe/Dublin,"Nominatim conservative automatic selection from query 'Killarney racecourse, Ireland'; selected result index 0.",automatically_validated,Killarney (IRE),987,132,2015-05-10,2025-10-06,True,Ross Road,,V93 KR0H,relation:4232595,"Killarney Racecourse, Ross Road, Killarney, Killarney Municipal District, County Kerry, Munster, V93 KR0H, Ireland",existing_resolved_location,Timezone already derived from a resolved course location.
Laytown,Ireland,,,,,,,Europe/Dublin,,unassigned,Laytown (IRE),60,10,2015-09-10,2025-09-04,False,,,,,,jurisdiction_default,Irish racecourses use Irish civil time.
Leopardstown,Ireland,Leopardstown Racecourse,Dún Laoghaire-Rathdown,Leinster,Ireland,53.2638574,-6.1890407,Europe/Dublin,"Nominatim conservative automatic selection from query 'Leopardstown racecourse, Ireland'; selected result index 0.",automatically_validated,Leopardstown (IRE),1771,242,2015-01-18,2025-09-13,True,Mimosa and Levmoss Park,,D18 C9V6,way:6190503,"Leopardstown Racecourse, Mimosa and Levmoss Park, Mimosa and Levmoss, Glencullen Electoral Division, Ballyogan, Dún Laoghaire-Rathdown, County Dublin, Leinster, D18 C9V6, Ireland",existing_resolved_location,Timezone already derived from a resolved course location.
Limerick,Ireland,,,,,,,Europe/Dublin,,unassigned,Limerick (IRE),1357,187,2015-03-14,2025-07-12,False,,,,,,jurisdiction_default,Irish racecourses use Irish civil time.
Listowel,Ireland,Listowel Racecourse,,Listowel Municipal District,Ireland,52.4427787,-9.495495,Europe/Dublin,"Nominatim conservative automatic selection from query 'Listowel racecourse, Ireland'; selected result index 0.",automatically_validated,Listowel (IRE),758,101,2015-05-31,2025-09-27,True,Greenville Road,,V31 YW54,way:220208130,"Listowel Racecourse, Greenville Road, Listowel Urban ED, Listowel Municipal District, County Kerry, Munster, V31 YW54, Ireland",existing_resolved_location,Timezone already derived from a resolved course location.
Naas,Ireland,Naas Racecourse,Naas,The Municipal District of Naas,Ireland,53.2240688,-6.6408788,Europe/Dublin,"Nominatim conservative automatic selection from query 'Naas racecourse, Ireland'; selected result index 0.",automatically_validated,Naas (IRE),1490,202,2015-01-04,2025-10-12,True,Tipper Road,,W91 ED00,way:57257044,"Naas Racecourse, Tipper Road, Naas, The Municipal District of Naas, County Kildare, Leinster, W91 ED00, Ireland",existing_resolved_location,Timezone already derived from a resolved course location.
Navan,Ireland,Navan Racecourse,,The Municipal District of Navan,Ireland,53.6843882,-6.6748884,Europe/Dublin,"Nominatim conservative automatic selection from query 'Navan racecourse, Ireland'; selected result index 0.",automatically_validated,Navan (IRE),1431,192,2015-01-24,2025-10-08,True,Proudstown Road,,C15 A623,relation:18932710,"Navan Racecourse, Proudstown Road, Navan Rural ED, The Municipal District of Navan, County Meath, Leinster, C15 A623, Ireland",existing_resolved_location,Timezone already derived from a resolved course location.
Punchestown,Ireland,Punchestown Racecourse,,The Municipal District of Naas,Ireland,53.1844875,-6.6217481,Europe/Dublin,"Nominatim conservative automatic selection from query 'Punchestown racecourse, Ireland'; selected result index 0.",automatically_validated,Punchestown (IRE),1529,208,2015-01-10,2025-10-14,True,Woolpack Road,,W91 VCX4,relation:6010811,"Punchestown Racecourse, Woolpack Road, Killashee ED, The Municipal District of Naas, County Kildare, Leinster, W91 VCX4, Ireland",existing_resolved_location,Timezone already derived from a resolved course location.
Roscommon,Ireland,Roscommon Racecourse,Roscommon,Roscommon Municipal District,Ireland,53.6436298,-8.2229149,Europe/Dublin,"Nominatim conservative automatic selection from query 'Roscommon racecourse, Ireland'; selected result index 0.",automatically_validated,Roscommon (IRE),702,96,2015-05-18,2025-10-13,True,,,F42 V052,relation:5205190,"Roscommon Racecourse, Carrownabrickna, Roscommon, Roscommon Municipal District, County Roscommon, Connacht, F42 V052, Ireland",existing_resolved_location,Timezone already derived from a resolved course location.
Sligo,Ireland,,,,,,,Europe/Dublin,,unassigned,Sligo (IRE),593,84,2015-05-03,2025-10-01,False,,,,,,jurisdiction_default,Irish racecourses use Irish civil time.
Thurles,Ireland,Thurles Racecourse,,The Municipal District of Thurles,Ireland,52.6895238,-7.8360682,Europe/Dublin,"Nominatim conservative automatic selection from query 'Thurles racecourse, Ireland'; selected result index 0.",automatically_validated,Thurles (IRE),796,114,2015-01-05,2025-10-09,True,Racecourse Road,,E41 WK76,way:864714147,"Thurles Racecourse, Racecourse Road, Thurles Rural, The Municipal District of Thurles, County Tipperary, Munster, E41 WK76, Ireland",existing_resolved_location,Timezone already derived from a resolved course location.
Tipperary,Ireland,Tipperary Racecourse,,The Municipal District of Cahir — Cashel,Ireland,52.5020681,-8.2067707,Europe/Dublin,"Nominatim conservative automatic selection from query 'Tipperary racecourse, Ireland'; selected result index 0.",automatically_validated,Tipperary (IRE),906,122,2015-04-09,2025-10-06,True,N24,,E34 Y621,way:200359663,"Tipperary Racecourse, N24, Limerick Junction, Ballykisteen, The Municipal District of Cahir — Cashel, County Tipperary, Munster, E34 Y621, Ireland",existing_resolved_location,Timezone already derived from a resolved course location.
Tramore,Ireland,Waterford & Tramore Racecourse,,Waterford City Metropolitan District,Ireland,52.1724641,-7.1484586,Europe/Dublin,"Nominatim conservative automatic selection from query 'Tramore racecourse, Ireland'; selected result index 0.",automatically_validated,Tramore (IRE),845,121,2015-01-01,2025-10-09,True,Carraig Ard,,X91 XP29,way:44184081,"Waterford & Tramore Racecourse, Carraig Ard, Tramore, Waterford City Metropolitan District, County Waterford, Munster, X91 XP29, Ireland",existing_resolved_location,Timezone already derived from a resolved course location.
Wexford,Ireland,Wexford Racecourse,Wexford,Leinster,Ireland,52.3391663,-6.4921651,Europe/Dublin,"Nominatim conservative automatic selection from query 'Wexford racecourse, Ireland'; selected result index 0.",automatically_validated,Wexford (IRE),789,109,2015-04-21,2025-08-29,True,Newtown Road,,Y35 K0WC,way:30085340,"Wexford Racecourse, Newtown Road, Wexford, County Wexford, Leinster, Y35 K0WC, Ireland",existing_resolved_location,Timezone already derived from a resolved course location.
Wexford (RH),Ireland,Wexford Racecourse,Wexford,Leinster,Ireland,52.3391663,-6.4921651,Europe/Dublin,"Nominatim conservative automatic selection from query 'Wexford racecourse, Ireland'; selected result index 0.",automatically_validated,Wexford (RH) (IRE),15,2,2015-03-17,2015-04-10,True,Newtown Road,,Y35 K0WC,way:30085340,"Wexford Racecourse, Newtown Road, Wexford, County Wexford, Leinster, Y35 K0WC, Ireland",existing_resolved_location,Timezone already derived from a resolved course location.
Capannelle,Italy,,,,,,,Europe/Rome,,unassigned,Capannelle (ITY),146,60,2015-04-19,2025-06-02,False,,,,,,jurisdiction_default,Italian racecourses use Italian civil time.
Merano,Italy,,,,,,,Europe/Rome,,unassigned,Merano (ITY),7,7,2015-08-15,2020-08-15,False,,,,,,jurisdiction_default,Italian racecourses use Italian civil time.
Naples,Italy,,,,,,,Europe/Rome,,unassigned,Naples (ITY),6,5,2015-07-18,2022-12-10,False,,,,,,jurisdiction_default,Italian racecourses use Italian civil time.
Pisa,Italy,,,,,,,Europe/Rome,,unassigned,Pisa (ITY),3,3,2015-12-13,2019-12-08,False,,,,,,jurisdiction_default,Italian racecourses use Italian civil time.
San Siro,Italy,,,,,,,Europe/Rome,,unassigned,San Siro (ITY),207,109,2015-04-01,2025-10-12,False,,,,,,jurisdiction_default,Italian racecourses use Italian civil time.
Siracusa,Italy,,,,,,,Europe/Rome,,unassigned,Siracusa (ITY),2,2,2015-12-08,2017-12-08,False,,,,,,jurisdiction_default,Italian racecourses use Italian civil time.
Varese,Italy,,,,,,,Europe/Rome,,unassigned,Varese (ITY),1,1,2022-07-30,2022-07-30,False,,,,,,jurisdiction_default,Italian racecourses use Italian civil time.
Chukyo,Japan,,,,,,,Asia/Tokyo,,unassigned,Chukyo (JPN),129,128,2015-01-25,2025-08-31,False,,,,,,jurisdiction_default,Japan uses one civil timezone.
Fukushima,Japan,,,,,,,Asia/Tokyo,,unassigned,Fukushima (JPN),39,39,2015-04-25,2025-07-13,False,,,,,,jurisdiction_default,Japan uses one civil timezone.
Funabashi,Japan,,,,,,,Asia/Tokyo,,unassigned,Funabashi (JPN),20,20,2015-03-11,2024-09-26,False,,,,,,jurisdiction_default,Japan uses one civil timezone.
Hakodate,Japan,Hakodate Racecourse,Hakodate,Hokkaido Prefecture,Japan,41.7812014,140.7747998,Asia/Tokyo,"Nominatim conservative automatic selection from query 'Hakodate racecourse, Japan'; selected result index 0.",automatically_validated,Hakodate (JPN),31,31,2015-06-21,2025-07-20,True,2,,042-0935,way:39470500,"Hakodate Racecourse, 2, Komabacho, Hakodate, Oshima Subprefecture, Hokkaido Prefecture, Hokkaido Region, 042-0935, Japan",existing_resolved_location,Timezone already derived from a resolved course location.
Hanshin,Japan,Hanshin Racecourse,Takarazuka,Hyogo Prefecture,Japan,34.7801348,135.363534,Asia/Tokyo,"Nominatim conservative automatic selection from query 'Hanshin racecourse, Japan'; selected result index 0.",automatically_validated,Hanshin (JPN),221,219,2015-02-28,2025-09-28,True,蔵人福井線,Takatsukasa 2-chome,665-0051,way:104223602,"Hanshin Racecourse, 蔵人福井線, Takatsukasa 2-chome, Takarazuka, Hyogo Prefecture, 665-0051, Japan",existing_resolved_location,Timezone already derived from a resolved course location.
Kanazawa,Japan,,,,,,,Asia/Tokyo,,unassigned,Kanazawa (JPN),3,3,2015-10-06,2023-09-26,False,,,,,,jurisdiction_default,Japan uses one civil timezone.
Kawasaki,Japan,Kawasaki Racecourse,Kawasaki,Kanagawa Prefecture,Japan,35.5324982,139.7108026,Asia/Tokyo,"Nominatim conservative automatic selection from query 'Kawasaki racecourse, Japan'; selected result index 0.",automatically_validated,Kawasaki (JPN),21,19,2015-01-28,2024-07-03,True,Daishi michi Ave.,Kawasaki Ward,210-0000,way:161394296,"Kawasaki Racecourse, Daishi michi Ave., Fujimi 1, Fujimi, Kawasaki Ward, Kawasaki, Kanagawa Prefecture, 210-0000, Japan",existing_resolved_location,Timezone already derived from a resolved course location.
Kochi,Japan,高知競馬場 (Kōchi Racecourse),Kōchi,Kochi Prefecture,Japan,33.504346,133.5317744,Asia/Tokyo,"Nominatim conservative automatic selection from query 'Kochi racecourse, Japan'; selected result index 0.",automatically_validated,Kochi (JPN),2,2,2015-03-17,2021-03-16,True,Kochi South Circular Route,長浜蒔絵台二丁目,780-8571,way:230471141,"高知競馬場 (Kōchi Racecourse), Kochi South Circular Route, 長浜蒔絵台二丁目, 長浜宮田, Kōchi, Kochi Prefecture, 780-8571, Japan",existing_resolved_location,Timezone already derived from a resolved course location.
Kokura,Japan,Kokura Racecourse,Kitakyushu,Fukuoka Prefecture,Japan,33.8429592,130.8729927,Asia/Tokyo,"Nominatim conservative automatic selection from query 'Kokura racecourse, Japan'; selected result index 0.",automatically_validated,Kokura (JPN),50,50,2015-02-22,2025-07-20,True,曽根鞘ヶ谷線,Kokura-Minami Ward,802-8567,way:353920870,"Kokura Racecourse, 曽根鞘ヶ谷線, Kitagata 2-chome, Harugaoka, Kokura-Minami Ward, Kitakyushu, Fukuoka Prefecture, 802-8567, Japan",existing_resolved_location,Timezone already derived from a resolved course location.
Kyoto,Japan,,,,,,,Asia/Tokyo,,unassigned,Kyoto (JPN),179,177,2015-01-04,2025-10-13,False,,,,,,jurisdiction_default,Japan uses one civil timezone.
Mombetsu,Japan,,,,,,,Asia/Tokyo,,unassigned,Mombetsu (JPN),14,14,2015-06-11,2023-08-17,False,,,,,,jurisdiction_default,Japan uses one civil timezone.
Morioka,Japan,,,,,,,Asia/Tokyo,,unassigned,Morioka (JPN),19,17,2015-07-20,2024-09-03,False,,,,,,jurisdiction_default,Japan uses one civil timezone.
NAGOYA,Japan,,,,,,,Asia/Tokyo,,unassigned,NAGOYA (JPN),10,10,2015-03-26,2023-05-02,False,,,,,,jurisdiction_default,Japan uses one civil timezone.
Nakayama,Japan,,,,,,,Asia/Tokyo,,unassigned,Nakayama (JPN),258,253,2015-01-04,2025-09-28,False,,,,,,jurisdiction_default,Japan uses one civil timezone.
Niigata,Japan,Niigata Racecourse,Niigata,Niigata Prefecture,Japan,37.9483599,139.1883607,Asia/Tokyo,"Nominatim conservative automatic selection from query 'Niigata racecourse, Japan'; selected result index 0.",automatically_validated,Niigata (JPN),67,65,2015-05-10,2025-08-31,True,豊栄太夫浜線,Kita Ward,950-3304,way:332008125,"Niigata Racecourse, 豊栄太夫浜線, Shimooyachi, Kita Ward, Niigata, Niigata Prefecture, 950-3304, Japan",existing_resolved_location,Timezone already derived from a resolved course location.
Ohi,Japan,,,,,,,Asia/Tokyo,,unassigned,Ohi (JPN),35,31,2015-01-21,2025-10-09,False,,,,,,jurisdiction_default,Japan uses one civil timezone.
Saga,Japan,,,,,,,Asia/Tokyo,,unassigned,Saga (JPN),7,7,2015-02-10,2021-09-01,False,,,,,,jurisdiction_default,Japan uses one civil timezone.
Sapporo,Japan,Sapporo Racecourse,Sapporo,Hokkaido Prefecture,Japan,43.077501,141.3258793,Asia/Tokyo,"Nominatim conservative automatic selection from query 'Sapporo racecourse, Japan'; selected result index 0.",automatically_validated,Sapporo (JPN),54,54,2015-08-02,2025-09-06,True,1,Chuo Ward,060-0016,relation:8129847,"Sapporo Racecourse, 1, Kita-16-jo-Nishi 16-chome, Chuo Ward, Sapporo, Ishikari Subprefecture, Hokkaido Prefecture, Hokkaido Region, 060-0016, Japan",existing_resolved_location,Timezone already derived from a resolved course location.
Sonoda,Japan,Sonoda racecourse,Amagasaki,Hyogo Prefecture,Japan,34.7662036,135.4454296,Asia/Tokyo,"Nominatim conservative automatic selection from query 'Sonoda racecourse, Japan'; selected result index 0.",automatically_validated,Sonoda (JPN),12,12,2015-05-06,2022-12-21,True,食満通り,Shido 1-chome,661-0952,way:185578994,"Sonoda racecourse, 食満通り, Shido 1-chome, Amagasaki, Hyogo Prefecture, 661-0952, Japan",existing_resolved_location,Timezone already derived from a resolved course location.
Tokyo,Japan,Tokyo Racecourse,Fuchu,,Japan,35.6636986,139.4854585,Asia/Tokyo,"Nominatim conservative automatic selection from query 'Tokyo racecourse, Japan'; selected result index 0.",automatically_validated,Tokyo (JPN),286,273,2015-02-01,2025-10-12,True,是政通り,Koremasa 1-chome,183-0014,relation:8129848,"Tokyo Racecourse, 是政通り, Koremasa 1-chome, Hachimancho, Fuchu, Tokyo, 183-0014, Japan",existing_resolved_location,Timezone already derived from a resolved course location.
Urawa,Japan,,,,,,,Asia/Tokyo,,unassigned,Urawa (JPN),13,13,2015-05-27,2024-06-19,False,,,,,,jurisdiction_default,Japan uses one civil timezone.
Les Landes,Jersey,,,,,,,Europe/Jersey,,unassigned,Les Landes (JER),433,88,2015-04-06,2025-08-25,False,,,,,,jurisdiction_default,The represented jurisdiction has one applicable timezone.
Ashburton,New Zealand,,,,,,,Pacific/Auckland,,unassigned,Ashburton (NZ),2,2,2019-10-19,2023-10-16,False,,,,,,jurisdiction_default,The represented racecourses use mainland New Zealand time.
Awapuni,New Zealand,Awapuni Racecourse,Palmerston North,Manawatū-Whanganui,New Zealand,-40.3830846,175.5798534,Pacific/Auckland,"Nominatim conservative automatic selection from query 'Awapuni racecourse, New Zealand'; selected result index 0.",automatically_validated,Awapuni (NZ),7,7,2015-03-28,2022-04-02,True,Mangaone Stream Pathway,Awapuni,4412,relation:13337287,"Awapuni Racecourse, Mangaone Stream Pathway, Awapuni, Palmerston North, Palmerston North City, Manawatū-Whanganui, 4412, New Zealand",existing_resolved_location,Timezone already derived from a resolved course location.
Ellerslie,New Zealand,,,,,,,Pacific/Auckland,,unassigned,Ellerslie (NZ),77,48,2015-01-01,2025-09-06,False,,,,,,jurisdiction_default,The represented racecourses use mainland New Zealand time.
Hastings,New Zealand,,,,,,,Pacific/Auckland,,unassigned,Hastings (NZ),28,28,2015-02-28,2024-09-07,False,,,,,,jurisdiction_default,The represented racecourses use mainland New Zealand time.
Matamata,New Zealand,,,,,,,Pacific/Auckland,,unassigned,Matamata (NZ),4,4,2015-02-21,2025-02-15,False,,,,,,jurisdiction_default,The represented racecourses use mainland New Zealand time.
Otaki,New Zealand,Ōtaki Racecourse,Ōtaki,Wellington,New Zealand,-40.7664211,175.1675484,Pacific/Auckland,"Nominatim conservative automatic selection from query 'Otaki racecourse, New Zealand'; selected result index 0.",automatically_validated,Otaki (NZ),7,7,2015-02-21,2024-02-24,True,Te Roto Road,,5512,relation:13337285,"Ōtaki Racecourse, Te Roto Road, Ōtaki, Kāpiti Coast District, Wellington, 5512, New Zealand",existing_resolved_location,Timezone already derived from a resolved course location.
Pukekohe Park,New Zealand,,,,,,,Pacific/Auckland,,unassigned,Pukekohe Park (NZ),3,3,2022-12-26,2024-01-01,False,,,,,,jurisdiction_default,The represented racecourses use mainland New Zealand time.
Pukekura Raceway,New Zealand,,,,,,,Pacific/Auckland,,unassigned,Pukekura Raceway (NZ),3,2,2015-02-14,2019-02-02,False,,,,,,jurisdiction_default,The represented racecourses use mainland New Zealand time.
Riccarton Park,New Zealand,,,,,,,Pacific/Auckland,,unassigned,Riccarton Park (NZ),20,20,2015-11-07,2025-05-03,False,,,,,,jurisdiction_default,The represented racecourses use mainland New Zealand time.
Tauranga,New Zealand,Tauranga Racecourse,Greerton,Bay of Plenty,New Zealand,-37.7303917,176.1279355,Pacific/Auckland,"Nominatim conservative automatic selection from query 'Tauranga racecourse, New Zealand'; selected result index 0.",automatically_validated,Tauranga (NZ),1,1,2019-01-02,2019-01-02,True,Greenpark Way,Gate Pā,3112,relation:13337338,"Tauranga Racecourse, Greenpark Way, Maleme Industrial Hub, Greerton South, Gate Pā, Greerton, Tauranga City, Bay of Plenty, 3112, New Zealand",existing_resolved_location,Timezone already derived from a resolved course location.
Te Rapa,New Zealand,Te Rapa Racecourse,Hamilton City,Waikato,New Zealand,-37.7661978,175.24626,Pacific/Auckland,"Nominatim conservative automatic selection from query 'Te Rapa racecourse, New Zealand'; selected result index 1.",automatically_validated,Te Rapa (NZ),29,19,2015-01-31,2025-09-27,True,Sir Tristram Avenue,Beerescourt,3200,relation:13337344,"Te Rapa Racecourse, Sir Tristram Avenue, Beerescourt, Hamilton City, Waikato, 3200, New Zealand",existing_resolved_location,Timezone already derived from a resolved course location.
Te aroha,New Zealand,,,,,,,Pacific/Auckland,,unassigned,Te aroha (NZ),4,4,2015-04-04,2019-04-06,False,,,,,,jurisdiction_default,The represented racecourses use mainland New Zealand time.
Trentham,New Zealand,,,,,,,Pacific/Auckland,,unassigned,Trentham (NZ),50,39,2015-01-17,2025-03-29,False,,,,,,jurisdiction_default,The represented racecourses use mainland New Zealand time.
Wingatui,New Zealand,,,,,,,Pacific/Auckland,,unassigned,Wingatui (NZ),1,1,2015-02-06,2015-02-06,False,,,,,,jurisdiction_default,The represented racecourses use mainland New Zealand time.
Ovrevoll,Norway,,,,,,,Europe/Oslo,,unassigned,Ovrevoll (NOR),37,29,2015-06-25,2025-08-24,False,,,,,,jurisdiction_default,The represented Norwegian racing venue uses Norwegian civil time.
Monterrico,Peru,,,,,,,America/Lima,,unassigned,Monterrico (PER),84,72,2015-01-11,2025-09-14,False,,,,,,jurisdiction_default,Peru uses one civil timezone.
Sluzewiec,Poland,,,,,,,Europe/Warsaw,,unassigned,Sluzewiec (POL),1,1,2025-09-28,2025-09-28,False,,,,,,jurisdiction_default,Poland uses one civil timezone.
Al Uqda,Qatar,,,,,,,Asia/Qatar,,unassigned,Al Uqda (QA),3,1,2025-02-16,2025-02-16,False,,,,,,jurisdiction_default,Qatar has one applicable civil timezone.
Doha,Qatar,,,,,,,Asia/Qatar,,unassigned,Doha (QA),61,37,2015-02-26,2025-02-15,False,,,,,,jurisdiction_default,Qatar has one applicable civil timezone.
Riyadh,Saudi Arabia,,,,,,,Asia/Riyadh,,unassigned,Riyadh (KSA),41,9,2020-02-29,2025-02-22,False,,,,,,jurisdiction_default,Saudi Arabia uses one civil timezone.
Kranji,Singapore,Kranji Racecourse,Singapore,,Singapore,1.4220553,103.7641821,Asia/Singapore,"Nominatim conservative automatic selection from query 'Kranji racecourse, Singapore'; selected result index 0.",automatically_validated,Kranji (SIN),3,2,2015-05-17,2023-07-23,True,1 Turf Club Avenue,Sungei Kadut,738078,relation:2746776,"Kranji Racecourse, 1, Turf Club Avenue, Turf Club, Sungei Kadut, North Region, Singapore, 738078, Singapore",existing_resolved_location,Timezone already derived from a resolved course location.
Durbanville,South Africa,Durbanville Racecourse,Durbanville,Western Cape,South Africa,-33.8378867,18.6405153,Africa/Johannesburg,"Nominatim conservative automatic selection from query 'Durbanville racecourse, South Africa'; selected result index 0.",automatically_validated,Durbanville (SAF),3,3,2018-10-03,2020-10-03,True,Squier Road,Aurora,7550,way:1212474741,"Durbanville Racecourse, Squier Road, Aurora, Cape Town Ward 112, Durbanville, City of Cape Town, Western Cape, 7550, South Africa",existing_resolved_location,Timezone already derived from a resolved course location.
Flamingo Park,South Africa,,,,,,,Africa/Johannesburg,,unassigned,Flamingo Park (SAF),9,1,2020-03-23,2020-03-23,False,,,,,,jurisdiction_default,South Africa uses one civil timezone.
Greyville,South Africa,Greyville Racecourse,Durban,KwaZulu-Natal,South Africa,-29.8445495,31.0099218,Africa/Johannesburg,"Nominatim conservative automatic selection from query 'Greyville racecourse, South Africa'; selected result index 0.",automatically_validated,Greyville (SAF),132,50,2015-05-30,2025-07-27,True,John Zikhali Road,eThekwini Ward 27,4023,relation:14674192,"Greyville Racecourse, John Zikhali Road, eThekwini Ward 27, Durban, eThekwini Metropolitan Municipality, KwaZulu-Natal, 4023, South Africa",existing_resolved_location,Timezone already derived from a resolved course location.
Kenilworth,South Africa,Kenilworth Racecourse,Cape Town,Western Cape,South Africa,-33.99553,18.4850198,Africa/Johannesburg,"Nominatim conservative automatic selection from query 'Kenilworth racecourse, South Africa'; selected result index 0.",automatically_validated,Kenilworth (SAF),96,55,2015-01-10,2025-02-22,True,Dingle Avenue,Cape Town Ward 58,7708,relation:2061376,"Kenilworth Racecourse, Dingle Avenue, Harfield Village, Cape Town Ward 58, Cape Town, City of Cape Town, Western Cape, 7708, South Africa",existing_resolved_location,Timezone already derived from a resolved course location.
Scottsville,South Africa,Scottsville Racecourse,Pietermaritzburg,KwaZulu-Natal,South Africa,-29.6092915,30.3996897,Africa/Johannesburg,"Nominatim conservative automatic selection from query 'Scottsville racecourse, South Africa'; selected result index 0.",automatically_validated,Scottsville (SAF),41,11,2015-05-23,2025-05-31,True,Harwin Road,Scottsville,3209,way:89077747,"Scottsville Racecourse, Harwin Road, Scottsville, Msunduzi Ward 33, Pietermaritzburg, Msunduzi Local Municipality, uMgungundlovu District Municipality, KwaZulu-Natal, 3209, South Africa",existing_resolved_location,Timezone already derived from a resolved course location.
Turffontein,South Africa,,,,,,,Africa/Johannesburg,,unassigned,Turffontein (SAF),9,3,2015-03-28,2015-04-25,False,,,,,,jurisdiction_default,South Africa uses one civil timezone.
Turffontein Inside,South Africa,,,,,,,Africa/Johannesburg,,unassigned,Turffontein Inside (SAF),34,12,2018-04-02,2023-10-07,False,,,,,,jurisdiction_default,South Africa uses one civil timezone.
Turffontein Standside,South Africa,,,,,,,Africa/Johannesburg,,unassigned,Turffontein Standside (SAF),124,56,2015-11-28,2025-03-29,False,,,,,,jurisdiction_default,South Africa uses one civil timezone.
Vaal,South Africa,,,,,,,Africa/Johannesburg,,unassigned,Vaal (SAF),5,4,2018-02-22,2019-11-09,False,,,,,,jurisdiction_default,South Africa uses one civil timezone.
Busan,South Korea,,,,,,,Asia/Seoul,,unassigned,Busan (KOR),1,1,2022-11-13,2022-11-13,False,,,,,,jurisdiction_default,South Korea uses one civil timezone.
Seoul,South Korea,,,,,,,Asia/Seoul,,unassigned,Seoul (KOR),16,8,2016-09-11,2025-09-07,False,,,,,,jurisdiction_default,South Korea uses one civil timezone.
La Zarzuela,Spain,,,,,,,Europe/Madrid,,unassigned,La Zarzuela (SPA),5,5,2015-10-11,2020-10-04,False,,,,,,jurisdiction_default,The represented racecourses are in mainland Spain.
San Sebastian,Spain,,,,,,,Europe/Madrid,,unassigned,San Sebastian (SPA),9,9,2015-08-15,2023-08-15,False,,,,,,jurisdiction_default,The represented racecourses are in mainland Spain.
Bro Park,Sweden,,,,,,,Europe/Stockholm,,unassigned,Bro Park (SWE),64,30,2016-06-19,2025-09-21,False,,,,,,jurisdiction_default,Swedish racecourses use Swedish civil time.
Jagersro,Sweden,,,,,,,Europe/Stockholm,,unassigned,Jagersro (SWE),19,13,2015-05-12,2022-05-22,False,,,,,,jurisdiction_default,Swedish racecourses use Swedish civil time.
Taby,Sweden,,,,,,,Europe/Stockholm,,unassigned,Taby (SWE),9,4,2015-06-09,2015-11-12,False,,,,,,jurisdiction_default,Swedish racecourses use Swedish civil time.
Avenches,Switzerland,,,,,,,Europe/Zurich,,unassigned,Avenches (SWI),3,3,2015-07-29,2017-07-24,False,,,,,,jurisdiction_default,Swiss racecourses use Swiss civil time.
Dielsdorf,Switzerland,,,,,,,Europe/Zurich,,unassigned,Dielsdorf (SWI),2,2,2015-09-13,2019-09-22,False,,,,,,jurisdiction_default,Swiss racecourses use Swiss civil time.
Frauenfeld,Switzerland,,,,,,,Europe/Zurich,,unassigned,Frauenfeld (SWI),1,1,2016-05-16,2016-05-16,False,,,,,,jurisdiction_default,Swiss racecourses use Swiss civil time.
Maienfeld,Switzerland,,,,,,,Europe/Zurich,,unassigned,Maienfeld (SWI),1,1,2023-10-08,2023-10-08,False,,,,,,jurisdiction_default,Swiss racecourses use Swiss civil time.
St Moritz,Switzerland,,,,,,,Europe/Zurich,,unassigned,St Moritz (SWI),40,22,2016-02-14,2025-02-16,False,,,,,,jurisdiction_default,Swiss racecourses use Swiss civil time.
Ankara,Turkey,,,,,,,Europe/Istanbul,,unassigned,Ankara (TUR),2,2,2020-10-10,2021-10-09,False,,,,,,jurisdiction_default,Turkey uses one national civil timezone.
Veliefendi,Turkey,,,,,,,Europe/Istanbul,,unassigned,Veliefendi (TUR),50,21,2015-09-05,2025-09-07,False,,,,,,jurisdiction_default,Turkey uses one national civil timezone.
Abu Dhabi,United Arab Emirates,,,,,,,Asia/Dubai,,unassigned,Abu Dhabi (UAE),152,137,2015-01-04,2025-04-12,False,,,,,,jurisdiction_default,Represented UAE racecourses use Gulf Standard Time.
Al Ain,United Arab Emirates,,,,,,,Asia/Dubai,,unassigned,Al Ain (UAE),84,84,2015-01-10,2024-04-05,False,,,,,,jurisdiction_default,Represented UAE racecourses use Gulf Standard Time.
Jebel Ali,United Arab Emirates,Jebel Ali Racecourse,,Dubai Emirate,United Arab Emirates,25.0834872,55.18983,Asia/Dubai,"Nominatim conservative automatic selection from query 'Jebel Ali racecourse, United Arab Emirates'; selected result index 0.",automatically_validated,Jebel Ali (UAE),606,101,2015-01-09,2025-03-16,True,40b Street,Al Barsha 3,,way:207011276,"Jebel Ali Racecourse, 40b Street, Al Barsha, Al Barsha 3, Dubai Emirate, United Arab Emirates",existing_resolved_location,Timezone already derived from a resolved course location.
Meydan,United Arab Emirates,,,,,,,Asia/Dubai,,unassigned,Meydan (UAE),1320,196,2015-01-08,2025-04-05,False,,,,,,jurisdiction_default,Represented UAE racecourses use Gulf Standard Time.
Sharjah,United Arab Emirates,,,,,,,Asia/Dubai,,unassigned,Sharjah (UAE),57,57,2015-03-14,2025-01-12,False,,,,,,jurisdiction_default,Represented UAE racecourses use Gulf Standard Time.
Aqueduct,United States,Aqueduct Racetrack,New York,New York,United States,40.6721914,-73.8316329,America/New_York,"Nominatim conservative automatic selection from query 'Aqueduct racetrack, United States'; selected result index 1.",automatically_validated,Aqueduct (USA),297,181,2015-01-01,2025-04-05,True,Aqueduct Road,Queens,11417,relation:14019037,"Aqueduct Racetrack, Aqueduct Road, Queens, Queens County, New York, 11417, United States",existing_resolved_location,Timezone already derived from a resolved course location.
Arlington Park,United States,,,,,,,America/Chicago,,unassigned,Arlington Park (USA),70,37,2015-07-11,2021-08-28,False,,,,,,manual_timezone_review,"Manual review selected the Arlington Heights, Illinois sports-centre result. East Moline results were false positives."
Belmont Park,United States,,,,,,,America/New_York,,unassigned,Belmont Park (USA),482,212,2015-04-29,2023-07-08,False,,,,,,manual_timezone_review,"Manual review identified the Queens, New York sports-centre result and adjacent railway station as the relevant course; other returned parks were unrelated namesakes."
Belterra Park,United States,,,,,,,America/New_York,,unassigned,Belterra Park (USA),6,5,2018-09-03,2020-09-10,False,,,,,,manual_reference_csv,Current venue name; formerly River Downs.
Camden (South Carolina),United States,,,,,,,America/New_York,,unassigned,Camden (South Carolina) (USA),3,3,2015-11-21,2024-11-17,False,,,,,,manual_reference_csv,National Steeplechase Association venue at Springdale.
Charles town,United States,,,,,,,America/New_York,,unassigned,Charles town (USA),24,16,2015-04-18,2025-08-23,False,,,,,,manual_reference_csv,Source capitalization normalized; current official name retained.
Churchill Downs,United States,,,,,,,America/Kentucky/Louisville,,unassigned,Churchill Downs (USA),474,207,2015-04-26,2025-09-27,False,,,,,,manual_timezone_review,"Exact Churchill Downs stadium result in Louisville, Kentucky."
Colonial Downs,United States,,,,,,,America/New_York,,unassigned,Colonial Downs (USA),16,9,2019-09-01,2025-09-06,False,,,,,,manual_timezone_review,Exact Colonial Downs stadium result in Virginia.
Del Mar,United States,Del Mar Racetrack,Del Mar,California,United States,32.9764461,-117.2578489,America/Los_Angeles,"Nominatim conservative automatic selection from query 'Del Mar racetrack, United States'; selected result index 0.",automatically_validated,Del Mar (USA),398,250,2015-07-18,2025-09-08,True,Infield Tunnel,,92075,relation:14119406,"Del Mar Racetrack, Infield Tunnel, Del Mar, San Diego County, California, 92075, United States",existing_resolved_location,Timezone already derived from a resolved course location.
Delaware Park,United States,,,,,,,America/New_York,,unassigned,Delaware Park (USA),49,31,2015-06-20,2025-09-28,False,,,,,,manual_reference_csv,Exact venue.
Delta downs,United States,,,,,,,America/Chicago,,unassigned,Delta downs (USA),10,4,2015-02-07,2016-11-19,False,,,,,,manual_reference_csv,Source capitalization normalized.
Ellis Park,United States,,,,,,,America/Chicago,,unassigned,Ellis Park (USA),33,26,2015-08-08,2025-08-03,False,,,,,,manual_timezone_review,Exact Ellis Park Race Course result in western Kentucky.
Emerald Downs,United States,,,,,,,America/Los_Angeles,,unassigned,Emerald Downs (USA),7,7,2015-08-17,2021-08-16,False,,,,,,manual_timezone_review,"Two exact Emerald Downs racing objects in Auburn, Washington agreed on timezone."
Fair Grounds,United States,,,,,,,America/Chicago,,unassigned,Fair Grounds (USA),112,47,2015-01-17,2025-03-22,False,,,,,,manual_reference_csv,Exact New Orleans venue.
Far Hills,United States,,,,,,,America/New_York,,unassigned,Far Hills (USA),23,9,2015-10-17,2024-10-19,False,,,,,,manual_reference_csv,Annual steeplechase meeting rather than a permanent commercial racetrack.
Finger Lakes,United States,,,,,,,America/New_York,,unassigned,Finger Lakes (USA),3,3,2019-09-09,2019-11-25,False,,,,,,manual_timezone_review,Exact Finger Lakes Casino and Racetrack sporting and track objects in New York agreed on timezone.
Fonner Park,United States,,,,,,,America/Chicago,,unassigned,Fonner Park (USA),68,12,2020-04-27,2020-05-28,False,,,,,,manual_reference_csv,Exact Grand Island venue.
Golden Gate Fields,United States,,,,,,,America/Los_Angeles,,unassigned,Golden Gate Fields (USA),54,35,2015-01-17,2024-04-28,False,,,,,,manual_reference_csv,Venue closed in 2024; location retained for historic races.
Great Meadow,United States,,,,,,,America/New_York,,unassigned,Great Meadow (USA),3,3,2019-05-04,2025-05-03,False,,,,,,manual_reference_csv,Exact event venue.
Gulfstream Park,United States,,,,,,,America/New_York,,unassigned,Gulfstream Park (USA),745,240,2015-01-03,2025-09-20,False,,,,,,manual_timezone_review,"Manual review identified the Hallandale Beach, Florida sports-centre result as the relevant course; Texas results were unrelated namesakes."
Gulfstream Park West,United States,,,,,,,America/New_York,,unassigned,Gulfstream Park West (USA),12,8,2015-11-21,2020-10-21,False,,,,,,manual_reference_csv,Former Calder venue operated as Gulfstream Park West; racing ceased.
Hawthorne,United States,,,,,,,America/Chicago,,unassigned,Hawthorne (USA),6,5,2015-04-18,2017-11-25,False,,,,,,manual_reference_csv,Exact venue.
Indiana Grand,United States,,,,,,,America/Indiana/Indianapolis,,unassigned,Indiana Grand (USA),40,25,2015-07-19,2025-07-05,False,,,,,,manual_reference_csv,Source label is a former venue name.
Keeneland,United States,,,,,,,America/New_York,,unassigned,Keeneland (USA),409,202,2015-04-03,2025-10-12,False,,,,,,manual_reference_csv,Exact established venue in Lexington.
Kentucky Downs,United States,,,,,,,America/Chicago,,unassigned,Kentucky Downs (USA),86,36,2015-09-15,2025-09-10,False,,,,,,manual_reference_csv,Exact venue; Franklin is in Kentucky's Central Time area.
Laurel Park,United States,,,,,,,America/New_York,,unassigned,Laurel Park (USA),71,45,2015-01-01,2025-02-22,False,,,,,,manual_reference_csv,Exact Maryland Jockey Club physical address.
Lone Star Park,United States,,,,,,,America/Chicago,,unassigned,Lone Star Park (USA),14,14,2015-05-02,2025-05-27,False,,,,,,manual_timezone_review,"Exact Lone Star Park track result in Grand Prairie, Texas."
Los Alamitos,United States,,,,,,,America/Los_Angeles,,unassigned,Los Alamitos (USA),48,41,2015-07-05,2025-07-06,False,,,,,,manual_reference_csv,Exact venue.
Louisiana Downs,United States,,,,,,,America/Chicago,,unassigned,Louisiana Downs (USA),4,4,2015-09-12,2019-09-07,False,,,,,,manual_reference_csv,Exact venue.
Mahoning Valley,United States,,,,,,,America/New_York,,unassigned,Mahoning Valley (USA),2,2,2017-11-20,2019-12-28,False,,,,,,manual_reference_csv,Exact venue.
Meadowlands,United States,,,,,,,America/New_York,,unassigned,Meadowlands (USA),1,1,2018-09-23,2018-09-23,False,,,,,,manual_timezone_review,"Exact Meadowlands Racing and Entertainment result in East Rutherford, New Jersey."
Middleburg,United States,,,,,,,America/New_York,,unassigned,Middleburg (USA),1,1,2024-10-27,2024-10-27,False,,,,,,manual_reference_csv,Steeplechase venue; exact postal street left blank pending confirmation.
Monmouth Park,United States,Monmouth Park Racetrack,Oceanport,New Jersey,United States,40.3090591,-74.0209449,America/New_York,"Nominatim conservative automatic selection from query 'Monmouth Park racetrack, United States'; selected result index 0.",automatically_validated,Monmouth Park (USA),139,85,2015-05-16,2025-08-16,True,Woodbine Way,Port-au-Peck,07757,relation:9480833,"Monmouth Park Racetrack, Woodbine Way, Port-au-Peck, Oceanport, Monmouth County, New Jersey, 07757, United States",existing_resolved_location,Timezone already derived from a resolved course location.
Montpelier,United States,,,,,,,America/New_York,,unassigned,Montpelier (USA),1,1,2023-11-04,2023-11-04,False,,,,,,manual_reference_csv,Exact historic-estate venue.
Mountaineer Park,United States,,,,,,,America/New_York,,unassigned,Mountaineer Park (USA),18,12,2015-04-05,2025-08-04,False,,,,,,manual_reference_csv,Exact venue.
Oaklawn Park,United States,,,,,,,America/Chicago,,unassigned,Oaklawn Park (USA),157,96,2015-01-15,2025-04-20,False,,,,,,manual_reference_csv,Current official name; source uses historic racing name.
Parx,United States,,,,,,,America/New_York,,unassigned,Parx (USA),85,47,2015-07-04,2025-09-20,False,,,,,,manual_reference_csv,Current official racing name.
Penn National,United States,,,,,,,America/New_York,,unassigned,Penn National (USA),13,13,2015-05-30,2025-06-28,False,,,,,,manual_reference_csv,Current official name; source uses shortened historic name.
Percy Warner Park,United States,,,,,,,America/Chicago,,unassigned,Percy Warner Park (USA),13,9,2016-05-14,2025-05-10,False,,,,,,manual_reference_csv,Annual steeplechase course within Percy Warner Park.
Pimlico,United States,,,,,,,America/New_York,,unassigned,Pimlico (USA),100,32,2015-04-18,2025-05-18,False,,,,,,manual_reference_csv,Exact Maryland Jockey Club venue.
Pine Mountain,United States,,,,,,,America/New_York,,unassigned,Pine Mountain (USA),1,1,2023-11-04,2023-11-04,False,,,,,,manual_reference_csv,Likely historical meeting at Callaway Gardens; requires race-date/source confirmation before treating as exact venue.
Prairie Meadows,United States,,,,,,,America/Chicago,,unassigned,Prairie Meadows (USA),22,15,2015-05-25,2025-07-06,False,,,,,,manual_reference_csv,Exact venue.
Presque Isle Downs,United States,,,,,,,America/New_York,,unassigned,Presque Isle Downs (USA),9,9,2015-09-08,2025-09-20,False,,,,,,manual_reference_csv,Exact venue.
Remington Park,United States,,,,,,,America/Chicago,,unassigned,Remington Park (USA),25,17,2015-09-27,2025-09-29,False,,,,,,manual_reference_csv,Exact Oklahoma City venue.
Retama Park,United States,,,,,,,America/Chicago,,unassigned,Retama Park (USA),1,1,2015-09-13,2015-09-13,False,,,,,,manual_reference_csv,Exact venue.
Sam Houston,United States,,,,,,,America/Chicago,,unassigned,Sam Houston (USA),18,12,2015-01-25,2025-01-25,False,,,,,,manual_reference_csv,Exact venue.
Santa Anita,United States,Little Santa Anita Racetrack,Dayton,Idaho,United States,42.0937763,-111.9567817,America/Boise,"Nominatim conservative automatic selection from query 'Santa Anita racetrack, United States'; selected result index 0.",automatically_validated,Santa Anita (USA),828,453,2015-01-03,2025-10-06,True,West 100 South,,83232,way:1031374970,"Little Santa Anita Racetrack, West 100 South, Dayton, Franklin County, Idaho, 83232, United States",existing_resolved_location,Timezone already derived from a resolved course location.
Saratoga,United States,,,,,,,America/New_York,,unassigned,Saratoga (USA),528,273,2015-07-24,2025-09-01,False,,,,,,manual_reference_csv,Exact established venue and official NYRA address.
Sunland Park,United States,,,,,,,America/Denver,,unassigned,Sunland Park (USA),11,10,2015-01-24,2025-02-16,False,,,,,,manual_timezone_review,Exact Sunland Park Racetrack result in New Mexico.
Tampa Bay Downs,United States,,,,,,,America/New_York,,unassigned,Tampa Bay Downs (USA),107,47,2015-01-04,2025-03-08,False,,,,,,manual_reference_csv,Exact venue and official visitor address.
Thistledown,United States,,,,,,,America/New_York,,unassigned,Thistledown (USA),10,10,2015-06-20,2025-06-21,False,,,,,,manual_reference_csv,Current branded venue; historic racecourse name retained.
Timonium,United States,Timonium Racetrack,Timonium,Maryland,United States,39.4442584,-76.6311797,America/New_York,"Nominatim conservative automatic selection from query 'Timonium racetrack, United States'; selected result index 0.",automatically_validated,Timonium (USA),1,1,2019-08-23,2019-08-23,True,York Road,,21093,relation:1150307,"Timonium Racetrack, York Road, Timonium, Baltimore County, Maryland, 21093, United States",existing_resolved_location,Timezone already derived from a resolved course location.
Turf Paradise,United States,,,,,,,America/Phoenix,,unassigned,Turf Paradise (USA),1,1,2015-02-18,2015-02-18,False,,,,,,manual_timezone_review,"Exact Turf Paradise sports-centre result in Phoenix, Arizona."
Turfway Park,United States,,,,,,,America/New_York,,unassigned,Turfway Park (USA),24,16,2015-02-28,2025-03-22,False,,,,,,manual_timezone_review,"Exact Turfway Park stadium result in Florence, Kentucky."
Will Rogers Downs,United States,,,,,,,America/Chicago,,unassigned,Will Rogers Downs (USA),178,18,2020-03-23,2020-05-20,False,,,,,,manual_reference_csv,Exact venue in northeastern Oklahoma.
Zia park,United States,,,,,,,America/Denver,,unassigned,Zia park (USA),2,2,2017-11-22,2024-11-26,False,,,,,,manual_reference_csv,Source capitalization normalized.
Maronas,Uruguay,,,,,,,America/Montevideo,,unassigned,Maronas (URU),68,40,2015-01-06,2025-01-06,False,,,,,,jurisdiction_default,Uruguay uses one civil timezone.
